Timestamp,True_X,True_Y,Mean_Mag_x,Mean_Mag_y,Mean_Mag_z,Mean_Acc_x,Mean_Acc_y,Mean_Acc_z,Mean_Gyro_x,Mean_Gyro_y,Mean_Gyro_z,Mean_Orn_x,Mean_Orn_y,Mean_Orn_z,Mean_Pressure,00:1a:ia:ct:de:06,00:1a:ia:ct:de:07,00:1a:ia:ct:de:09,00:1a:ia:ct:de:10,00:1a:ia:ct:de:16,00:1a:ia:ct:de:18,00:1a:ia:ct:de:19,00:1a:ia:ct:de:23,00:1a:ia:ct:de:24,00:1a:ia:ct:de:29,00:1a:ia:ct:de:30,00:1a:ia:ct:de:31,00:1a:ia:ct:de:32,00:1a:ia:ct:de:40,00:1a:ia:ct:de:47,00:1a:ia:ct:de:62,00:1a:ia:ct:de:63,00:1a:ia:ct:de:65,00:1a:ia:ct:de:68,00:1a:ia:ct:de:69,00:1a:ia:ct:de:70,00:1a:ia:ct:de:71,00:1a:ia:ct:de:72,00:1a:ia:ct:de:74,00:1a:ia:ct:de:75,00:1a:ia:ct:de:76,00:1a:ia:ct:de:77,00:1a:ia:ct:de:78,00:1a:ia:ct:de:80,00:1a:ia:ct:de:82,00:1a:ia:ct:de:83,00:1a:ia:ct:de:84,00:1a:ia:ct:de:85,00:1a:ia:ct:de:86,00:1a:ia:ct:de:87,00:1a:ia:ct:de:89,00:1a:ia:ct:de:90,00:1a:ia:ct:de:91,00:1a:ia:ct:de:92,00:1a:ia:ct:de:93,00:1a:ia:ct:de:94,00:1a:ia:ct:de:95,00:1a:ia:ct:de:96,00:1a:ia:ct:de:97,00:1a:ia:ct:de:98,00:1a:ia:ct:df:01,00:1a:ia:ct:df:02,00:1a:ia:ct:df:03,00:1a:ia:ct:df:04,00:1a:ia:ct:df:05,00:1a:ia:ct:df:06,00:1a:ia:ct:df:07,00:1a:ia:ct:df:08,00:1a:ia:ct:df:09,00:1a:ia:ct:df:11,00:1a:ia:ct:df:12,00:1a:ia:ct:df:13,00:1a:ia:ct:de:36,00:1a:ia:ct:de:39,00:1a:ia:ct:de:46,00:1a:ia:ct:de:64,00:1a:ia:ct:de:66,00:1a:ia:ct:de:67,00:1a:ia:ct:de:79,00:1a:ia:ct:de:81,00:1a:ia:ct:de:99,00:1a:ia:ct:df:10,00:1a:ia:ct:df:15,94:f6:65:00:06:7c,00:1a:ia:ct:de:44,00:1a:ia:ct:de:17,00:1a:ia:ct:de:58,00:1a:ia:ct:de:59,00:1a:ia:ct:de:35,00:1a:ia:ct:de:57,00:1a:ia:ct:df:14,50:64:2b:74:9e:a9,00:23:eb:22:cc:77,88:3c:1c:7c:d0:74,00:1a:ia:ct:de:73,00:1a:ia:ct:de:88,00:25:a6:ba:e3:64,00:1a:ia:ct:de:51,00:1a:ia:ct:de:05,00:1a:ia:ct:de:12,00:1a:ia:ct:de:26,00:1a:ia:ct:de:33,00:1a:ia:ct:de:41,00:1a:ia:ct:de:49,00:1a:ia:ct:de:53,00:1a:ia:ct:de:54,00:1a:ia:ct:de:13,00:1a:ia:ct:de:21,00:1a:ia:ct:de:27,00:1a:ia:ct:de:34,00:1a:ia:ct:de:50,00:1a:ia:ct:de:22,00:1a:ia:ct:de:38,00:1a:ia:ct:de:08,00:1a:ia:ct:de:15,00:1a:ia:ct:de:55,00:1a:ia:ct:df:17,00:1a:ia:ct:de:14,00:1a:ia:ct:de:20,00:1a:ia:ct:de:28,00:1a:ia:ct:de:45,00:1a:ia:ct:de:56,00:1a:ia:ct:de:42,00:1a:ia:ct:de:61,00:1a:ia:ct:de:48,00:1a:ia:ct:de:60
2021.02.12 112947,7.0,18.0,15.74548678125,-40.4666318125,-29.701468901785713,-0.11943429834151785,0.7446752147321428,9.74171352232143,0.0005715814763571423,-0.0036092712821875006,0.0012438633970624998,-0.07631087828693642,0.01230058016277062,-2.757684907742909,1016.7357851785715,-87.0,-81.0,-76.0,-89.0,-79.0,-53.0,-66.0,-76.0,-87.0,-79.0,-93.0,-53.0,-68.0,-73.0,-79.0,-72.0,-75.0,-72.0,-49.0,-71.0,-50.0,-68.0,-78.0,-64.0,-81.0,-42.0,-68.0,-76.0,-70.0,-81.0,-49.0,-71.0,-51.0,-69.0,-79.0,-64.0,-81.0,-42.0,-69.0,-41.0,-56.0,-59.0,-76.0,-51.0,-71.0,-79.0,-59.0,-81.0,-42.0,-57.0,-59.0,-77.0,-49.0,-72.0,-78.0,-60.0,-80.0,-100.0,-100.0,-100.0,-100.0,-100.0,-100.0,-100.0,-100.0,-100.0,-100.0,-100.0,-100.0,-100.0,-100.0,-100.0,-100.0,-100.0,-100.0,-100.0,-100.0,-100.0,-100.0,-100.0,-100.0,-100.0,-100.0,-100.0,-100.0,-100.0,-100.0,-100.0,-100.0,-100.0,-100.0,-100.0,-100.0,-100.0,-100.0,-100.0,-100.0,-100.0,-100.0,-100.0,-100.0,-100.0,-100.0,-100.0,-100.0,-100.0,-100.0,-100.0,-100.0,-100.0,-100.0
2021.02.12 112959,7.0,17.0,13.291655135964914,-39.304075973684206,-27.581763763157895,-0.21312748292982453,0.7193264214035087,9.738015885964911,0.000225427562982456,-0.002011947102315789,-0.0013659986318421049,-0.07372295833601238,0.021874760296971805,-2.8125190462982443,1016.734225526316,-82.0,-86.0,-81.0,-87.0,-83.0,-62.0,-58.0,-80.0,-86.0,-82.0,-100.0,-61.0,-58.0,-100.0,-100.0,-80.0,-81.0,-100.0,-57.0,-60.0,-59.0,-65.0,-83.0,-73.0,-79.0,-54.0,-54.0,-81.0,-100.0,-89.0,-57.0,-61.0,-58.0,-66.0,-84.0,-73.0,-79.0,-55.0,-54.0,-41.0,-43.0,-70.0,-72.0,-63.0,-68.0,-75.0,-61.0,-74.0,-41.0,-43.0,-70.0,-71.0,-63.0,-68.0,-76.0,-61.0,-74.0,-89.0,-85.0,-85.0,-86.0,-85.0,-89.0,-85.0,-86.0,-68.0,-68.0,-75.0,-90.0,-100.0,-100.0,-100.0,-100.0,-100.0,-100.0,-100.0,-100.0,-100.0,-100.0,-100.0,-100.0,-100.0,-100.0,-100.0,-100.0,-100.0,-100.0,-100.0,-100.0,-100.0,-100.0,-100.0,-100.0,-100.0,-100.0,-100.0,-100.0,-100.0,-100.0,-100.0,-100.0,-100.0,-100.0,-100.0,-100.0,-100.0,-100.0,-100.0,-100.0,-100.0,-100.0
2021.02.12 113012,7.0,16.0,11.3366890990991,-35.374909981981986,-25.27095851351351,-0.19463145416216215,0.3857449312612614,9.764603639639637,0.0020324056742342337,-0.003213466382882883,-0.008510629337477479,-0.03949473877143748,0.019939440277379865,-2.836099747064951,1016.7332795495495,-79.0,-82.0,-73.0,-86.0,-75.0,-56.0,-60.0,-75.0,-87.0,-75.0,-100.0,-55.0,-60.0,-100.0,-100.0,-100.0,-80.0,-79.0,-64.0,-66.0,-59.0,-64.0,-82.0,-70.0,-77.0,-52.0,-62.0,-81.0,-79.0,-100.0,-64.0,-65.0,-43.0,-64.0,-83.0,-70.0,-78.0,-50.0,-62.0,-42.0,-46.0,-68.0,-74.0,-63.0,-62.0,-72.0,-60.0,-74.0,-40.0,-46.0,-68.0,-74.0,-63.0,-63.0,-73.0,-59.0,-75.0,-100.0,-87.0,-100.0,-91.0,-85.0,-100.0,-91.0,-86.0,-71.0,-71.0,-100.0,-100.0,-91.0,-100.0,-100.0,-100.0,-100.0,-100.0,-100.0,-100.0,-100.0,-100.0,-100.0,-100.0,-100.0,-100.0,-100.0,-100.0,-100.0,-100.0,-100.0,-100.0,-100.0,-100.0,-100.0,-100.0,-100.0,-100.0,-100.0,-100.0,-100.0,-100.0,-100.0,-100.0,-100.0,-100.0,-100.0,-100.0,-100.0,-100.0,-100.0,-100.0,-100.0,-100.0
2021.02.12 113027,7.0,15.0,7.160938531496064,-32.158418748031494,-23.122754055118108,-0.16457843636220473,0.5453178500000002,9.75308627952756,0.0026331230710551186,-0.0009364772961023622,-0.002445772072755906,-0.055869175766514,0.016897749433048226,-2.9253275976406306,1016.7292969291342,-88.0,-76.0,-72.0,-100.0,-80.0,-46.0,-62.0,-71.0,-100.0,-80.0,-100.0,-45.0,-61.0,-74.0,-100.0,-72.0,-77.0,-62.0,-63.0,-82.0,-52.0,-74.0,-80.0,-65.0,-77.0,-43.0,-62.0,-74.0,-65.0,-100.0,-64.0,-81.0,-52.0,-74.0,-78.0,-66.0,-79.0,-44.0,-64.0,-36.0,-54.0,-54.0,-70.0,-53.0,-71.0,-76.0,-57.0,-76.0,-36.0,-55.0,-55.0,-71.0,-54.0,-71.0,-77.0,-57.0,-76.0,-100.0,-100.0,-100.0,-100.0,-91.0,-80.0,-100.0,-100.0,-62.0,-69.0,-100.0,-100.0,-83.0,-100.0,-100.0,-100.0,-100.0,-100.0,-100.0,-100.0,-100.0,-100.0,-100.0,-100.0,-100.0,-100.0,-100.0,-100.0,-100.0,-100.0,-100.0,-100.0,-100.0,-100.0,-100.0,-100.0,-100.0,-100.0,-100.0,-100.0,-100.0,-100.0,-100.0,-100.0,-100.0,-100.0,-100.0,-100.0,-100.0,-100.0,-100.0,-100.0,-100.0,-100.0
2021.02.12 113125,7.0,11.0,8.855562159322034,-23.697895855932206,-39.001415762711865,-0.27243762892372886,0.4564637801694915,9.75590379661017,0.0009613351640677964,-0.0038020917088983047,0.002855093243915255,-0.04675471302816419,0.02792709650692794,-2.799963736938218,1016.7198740677966,-89.0,-100.0,-89.0,-100.0,-100.0,-55.0,-58.0,-100.0,-100.0,-79.0,-85.0,-54.0,-58.0,-100.0,-85.0,-83.0,-87.0,-66.0,-80.0,-83.0,-62.0,-70.0,-88.0,-75.0,-83.0,-59.0,-68.0,-100.0,-66.0,-100.0,-81.0,-83.0,-62.0,-70.0,-100.0,-76.0,-83.0,-59.0,-68.0,-56.0,-57.0,-65.0,-74.0,-69.0,-72.0,-80.0,-65.0,-76.0,-56.0,-57.0,-65.0,-74.0,-69.0,-72.0,-81.0,-65.0,-76.0,-100.0,-100.0,-100.0,-100.0,-84.0,-100.0,-100.0,-85.0,-72.0,-72.0,-85.0,-100.0,-90.0,-85.0,-100.0,-100.0,-100.0,-100.0,-100.0,-100.0,-100.0,-100.0,-100.0,-100.0,-100.0,-100.0,-100.0,-100.0,-100.0,-100.0,-100.0,-100.0,-100.0,-100.0,-100.0,-100.0,-100.0,-100.0,-100.0,-100.0,-100.0,-100.0,-100.0,-100.0,-100.0,-100.0,-100.0,-100.0,-100.0,-100.0,-100.0,-100.0,-100.0,-100.0
2021.02.12 113141,7.0,10.0,7.606129110526315,-33.56497386842105,-40.511625517543855,-0.25266210543859646,0.6308848133333333,9.745762925438598,0.000774049357982456,-0.0028162440639824564,0.004408631611754385,-0.06464012218802641,0.025926644934275912,-2.932405287759346,1016.71234,-82.0,-100.0,-85.0,-100.0,-69.0,-55.0,-58.0,-86.0,-100.0,-100.0,-75.0,-55.0,-58.0,-100.0,-81.0,-78.0,-83.0,-68.0,-70.0,-76.0,-59.0,-62.0,-81.0,-72.0,-75.0,-59.0,-67.0,-83.0,-68.0,-100.0,-70.0,-76.0,-59.0,-62.0,-81.0,-72.0,-75.0,-60.0,-67.0,-49.0,-57.0,-67.0,-76.0,-66.0,-69.0,-72.0,-62.0,-74.0,-49.0,-59.0,-66.0,-75.0,-66.0,-69.0,-72.0,-62.0,-75.0,-88.0,-100.0,-100.0,-100.0,-84.0,-100.0,-100.0,-84.0,-68.0,-68.0,-80.0,-100.0,-91.0,-75.0,-94.0,-90.0,-100.0,-100.0,-100.0,-100.0,-100.0,-100.0,-100.0,-100.0,-100.0,-100.0,-100.0,-100.0,-100.0,-100.0,-100.0,-100.0,-100.0,-100.0,-100.0,-100.0,-100.0,-100.0,-100.0,-100.0,-100.0,-100.0,-100.0,-100.0,-100.0,-100.0,-100.0,-100.0,-100.0,-100.0,-100.0,-100.0,-100.0,-100.0
2021.02.12 113201,8.0,10.0,32.05592299999999,-12.191236552173915,-39.212200617391304,-0.4035637316521739,0.5975646879130436,9.73880134347826,0.0022701453933043473,-0.002331179835217391,-0.003799086370173913,-0.06124994800142617,0.04143630590127858,-1.8791393736134405,1016.7126660869566,-90.0,-77.0,-75.0,-100.0,-68.0,-100.0,-64.0,-100.0,-100.0,-69.0,-88.0,-100.0,-64.0,-73.0,-76.0,-69.0,-74.0,-61.0,-57.0,-77.0,-52.0,-66.0,-100.0,-62.0,-82.0,-53.0,-73.0,-76.0,-57.0,-80.0,-57.0,-78.0,-49.0,-66.0,-100.0,-62.0,-83.0,-55.0,-73.0,-57.0,-67.0,-57.0,-69.0,-55.0,-73.0,-75.0,-55.0,-78.0,-58.0,-66.0,-56.0,-71.0,-54.0,-72.0,-75.0,-56.0,-78.0,-100.0,-100.0,-100.0,-100.0,-88.0,-81.0,-100.0,-88.0,-57.0,-58.0,-100.0,-100.0,-81.0,-87.0,-100.0,-100.0,-100.0,-100.0,-100.0,-100.0,-100.0,-100.0,-100.0,-100.0,-100.0,-100.0,-100.0,-100.0,-100.0,-100.0,-100.0,-100.0,-100.0,-100.0,-100.0,-100.0,-100.0,-100.0,-100.0,-100.0,-100.0,-100.0,-100.0,-100.0,-100.0,-100.0,-100.0,-100.0,-100.0,-100.0,-100.0,-100.0,-100.0,-100.0
2021.02.12 113214,9.0,10.0,30.35937819469027,-10.272639336283188,-36.26858730088496,-0.3206305133982301,0.611808607522124,9.738289805309735,0.0039910281406637165,-0.0009541061878230089,-0.0009350867642035397,-0.06271255299844568,0.03293907000328846,-1.8359700188172603,1016.7125094690266,-87.0,-80.0,-86.0,-100.0,-67.0,-63.0,-60.0,-86.0,-100.0,-66.0,-76.0,-62.0,-60.0,-83.0,-78.0,-77.0,-79.0,-66.0,-71.0,-76.0,-57.0,-62.0,-80.0,-68.0,-77.0,-56.0,-67.0,-79.0,-66.0,-90.0,-71.0,-76.0,-58.0,-62.0,-84.0,-70.0,-77.0,-55.0,-67.0,-51.0,-64.0,-61.0,-69.0,-61.0,-69.0,-70.0,-59.0,-70.0,-51.0,-64.0,-60.0,-70.0,-61.0,-69.0,-71.0,-58.0,-70.0,-100.0,-100.0,-100.0,-100.0,-82.0,-88.0,-100.0,-82.0,-61.0,-62.0,-80.0,-100.0,-92.0,-76.0,-100.0,-100.0,-100.0,-100.0,-100.0,-100.0,-100.0,-100.0,-100.0,-100.0,-100.0,-100.0,-100.0,-100.0,-100.0,-100.0,-100.0,-100.0,-100.0,-100.0,-100.0,-100.0,-100.0,-100.0,-100.0,-100.0,-100.0,-100.0,-100.0,-100.0,-100.0,-100.0,-100.0,-100.0,-100.0,-100.0,-100.0,-100.0,-100.0,-100.0
2021.02.12 113225,10.0,10.0,29.486985090909098,-6.906594010909091,-35.569232436363635,-0.25355943605454545,0.4741786578181819,9.751879495454544,0.0024541195027818177,-0.0005162755513636365,-0.003623076987818182,-0.04857186434621157,0.0259797913678498,-1.748573525385423,1016.7117062727273,-84.0,-83.0,-85.0,-100.0,-61.0,-63.0,-62.0,-100.0,-100.0,-61.0,-78.0,-62.0,-62.0,-80.0,-82.0,-80.0,-84.0,-71.0,-68.0,-75.0,-53.0,-62.0,-86.0,-69.0,-73.0,-50.0,-71.0,-100.0,-70.0,-87.0,-70.0,-76.0,-52.0,-62.0,-85.0,-69.0,-73.0,-49.0,-71.0,-58.0,-63.0,-60.0,-71.0,-62.0,-66.0,-61.0,-56.0,-63.0,-57.0,-62.0,-60.0,-71.0,-63.0,-66.0,-61.0,-57.0,-62.0,-89.0,-100.0,-100.0,-100.0,-81.0,-87.0,-100.0,-82.0,-63.0,-65.0,-80.0,-100.0,-100.0,-78.0,-100.0,-100.0,-86.0,-100.0,-100.0,-100.0,-100.0,-100.0,-100.0,-100.0,-100.0,-100.0,-100.0,-100.0,-100.0,-100.0,-100.0,-100.0,-100.0,-100.0,-100.0,-100.0,-100.0,-100.0,-100.0,-100.0,-100.0,-100.0,-100.0,-100.0,-100.0,-100.0,-100.0,-100.0,-100.0,-100.0,-100.0,-100.0,-100.0,-100.0
2021.02.12 113237,11.0,10.0,28.733774684684683,-5.8973186126126125,-37.19756484684685,-0.25363748114414414,0.716700700990991,9.739367247747749,0.00557306715863063,-0.0015891890329729728,-0.00035932277726126086,-0.07348525107980845,0.026079765860796734,-1.6817965754517563,1016.7078736036036,-86.0,-75.0,-69.0,-100.0,-60.0,-53.0,-70.0,-67.0,-100.0,-59.0,-87.0,-53.0,-71.0,-75.0,-100.0,-68.0,-100.0,-62.0,-59.0,-73.0,-48.0,-67.0,-73.0,-60.0,-74.0,-48.0,-67.0,-74.0,-100.0,-78.0,-60.0,-76.0,-51.0,-67.0,-75.0,-60.0,-74.0,-48.0,-67.0,-46.0,-61.0,-53.0,-68.0,-57.0,-66.0,-69.0,-45.0,-75.0,-46.0,-61.0,-54.0,-68.0,-56.0,-68.0,-69.0,-45.0,-74.0,-100.0,-100.0,-100.0,-100.0,-86.0,-80.0,-100.0,-85.0,-55.0,-55.0,-100.0,-100.0,-100.0,-87.0,-100.0,-100.0,-100.0,-80.0,-100.0,-100.0,-100.0,-100.0,-100.0,-100.0,-100.0,-100.0,-100.0,-100.0,-100.0,-100.0,-100.0,-100.0,-100.0,-100.0,-100.0,-100.0,-100.0,-100.0,-100.0,-100.0,-100.0,-100.0,-100.0,-100.0,-100.0,-100.0,-100.0,-100.0,-100.0,-100.0,-100.0,-100.0,-100.0,-100.0
2021.02.12 113249,12.0,10.0,29.342416852173915,-5.452121515652175,-36.68264507826086,-0.3116957586086957,0.4439922475652174,9.747677647826087,0.0075519070047826075,-0.000913863278869565,-0.0020961663806434772,-0.045483937843338255,0.03197161567437903,-1.7026797398276952,1016.7143046956523,-78.0,-86.0,-86.0,-100.0,-66.0,-66.0,-69.0,-86.0,-100.0,-66.0,-76.0,-66.0,-69.0,-100.0,-100.0,-74.0,-78.0,-68.0,-62.0,-75.0,-56.0,-62.0,-79.0,-66.0,-67.0,-51.0,-63.0,-79.0,-68.0,-85.0,-62.0,-75.0,-56.0,-62.0,-81.0,-66.0,-68.0,-52.0,-63.0,-51.0,-55.0,-59.0,-68.0,-56.0,-63.0,-69.0,-51.0,-64.0,-50.0,-56.0,-59.0,-69.0,-56.0,-63.0,-69.0,-51.0,-64.0,-90.0,-100.0,-100.0,-100.0,-80.0,-86.0,-100.0,-81.0,-62.0,-62.0,-78.0,-100.0,-100.0,-76.0,-100.0,-100.0,-86.0,-100.0,-100.0,-100.0,-100.0,-100.0,-100.0,-100.0,-100.0,-100.0,-100.0,-100.0,-100.0,-100.0,-100.0,-100.0,-100.0,-100.0,-100.0,-100.0,-100.0,-100.0,-100.0,-100.0,-100.0,-100.0,-100.0,-100.0,-100.0,-100.0,-100.0,-100.0,-100.0,-100.0,-100.0,-100.0,-100.0,-100.0
2021.02.12 113302,13.0,10.0,27.721669765765768,-6.647940018018019,-29.412498063063065,-0.24428916582612611,0.6347447022522523,9.745956355855858,0.007215413825585586,-0.0020404654086846846,0.0015365573534594594,-0.06505644338222233,0.025080644021645518,-1.7423666951892611,1016.71750954955,-82.0,-72.0,-84.0,-86.0,-69.0,-59.0,-70.0,-82.0,-86.0,-69.0,-78.0,-58.0,-70.0,-100.0,-74.0,-70.0,-79.0,-60.0,-69.0,-69.0,-55.0,-62.0,-81.0,-68.0,-73.0,-49.0,-50.0,-79.0,-61.0,-87.0,-70.0,-70.0,-56.0,-62.0,-81.0,-66.0,-73.0,-48.0,-50.0,-45.0,-54.0,-61.0,-66.0,-60.0,-62.0,-66.0,-54.0,-63.0,-44.0,-54.0,-61.0,-66.0,-60.0,-62.0,-67.0,-54.0,-64.0,-87.0,-100.0,-100.0,-88.0,-81.0,-100.0,-88.0,-81.0,-65.0,-65.0,-73.0,-100.0,-100.0,-77.0,-100.0,-100.0,-81.0,-100.0,-100.0,-100.0,-100.0,-100.0,-100.0,-100.0,-100.0,-100.0,-100.0,-100.0,-100.0,-100.0,-100.0,-100.0,-100.0,-100.0,-100.0,-100.0,-100.0,-100.0,-100.0,-100.0,-100.0,-100.0,-100.0,-100.0,-100.0,-100.0,-100.0,-100.0,-100.0,-100.0,-100.0,-100.0,-100.0,-100.0
2021.02.12 113319,13.0,11.0,7.860195352631579,13.078745013157896,-34.63553413157895,-0.3859330721052631,0.6018657564912282,9.741244315789475,0.003781064388333333,0.000579950498157895,-0.005946078724035087,-0.06168244213780808,0.039611585078793615,-0.4030938694874446,1016.7052013157895,-85.0,-79.0,-81.0,-86.0,-66.0,-66.0,-65.0,-77.0,-88.0,-100.0,-76.0,-63.0,-66.0,-84.0,-100.0,-70.0,-75.0,-67.0,-63.0,-72.0,-50.0,-58.0,-82.0,-67.0,-67.0,-42.0,-49.0,-76.0,-67.0,-88.0,-63.0,-72.0,-50.0,-58.0,-81.0,-67.0,-67.0,-42.0,-49.0,-44.0,-52.0,-57.0,-66.0,-61.0,-54.0,-70.0,-59.0,-63.0,-44.0,-53.0,-57.0,-65.0,-61.0,-54.0,-70.0,-59.0,-63.0,-84.0,-100.0,-100.0,-88.0,-77.0,-85.0,-89.0,-77.0,-66.0,-66.0,-100.0,-100.0,-100.0,-76.0,-100.0,-80.0,-80.0,-100.0,-100.0,-100.0,-100.0,-100.0,-100.0,-100.0,-100.0,-100.0,-100.0,-100.0,-100.0,-100.0,-100.0,-100.0,-100.0,-100.0,-100.0,-100.0,-100.0,-100.0,-100.0,-100.0,-100.0,-100.0,-100.0,-100.0,-100.0,-100.0,-100.0,-100.0,-100.0,-100.0,-100.0,-100.0,-100.0,-100.0
2021.02.12 113331,13.0,12.0,-0.117482695005,17.666181266666666,-34.732757875,-0.3713802806666667,0.6922263021666667,9.738266004166666,0.00456611216125,6.3179677500000555e-06,-0.004297366876083333,-0.07092645447701211,0.03813030068607375,0.07194935282944542,1016.7055593333333,-88.0,-100.0,-83.0,-100.0,-100.0,-62.0,-67.0,-83.0,-100.0,-81.0,-79.0,-64.0,-67.0,-100.0,-77.0,-72.0,-100.0,-60.0,-64.0,-74.0,-54.0,-58.0,-83.0,-58.0,-70.0,-44.0,-53.0,-82.0,-60.0,-100.0,-65.0,-74.0,-53.0,-58.0,-84.0,-58.0,-70.0,-44.0,-53.0,-46.0,-59.0,-60.0,-74.0,-54.0,-58.0,-69.0,-58.0,-62.0,-45.0,-58.0,-59.0,-74.0,-53.0,-58.0,-69.0,-59.0,-62.0,-84.0,-84.0,-84.0,-100.0,-76.0,-100.0,-100.0,-76.0,-69.0,-68.0,-78.0,-100.0,-100.0,-79.0,-100.0,-100.0,-100.0,-100.0,-100.0,-100.0,-100.0,-100.0,-100.0,-100.0,-100.0,-100.0,-100.0,-100.0,-100.0,-100.0,-100.0,-100.0,-100.0,-100.0,-100.0,-100.0,-100.0,-100.0,-100.0,-100.0,-100.0,-100.0,-100.0,-100.0,-100.0,-100.0,-100.0,-100.0,-100.0,-100.0,-100.0,-100.0,-100.0,-100.0
2021.02.12 113343,13.0,13.0,-0.9678570161160714,15.441531808035714,-33.68945623214286,-0.2499108240714286,0.4829794539285714,9.754911964285714,0.002671258661357143,-0.000932376874205357,-0.003559402072767857,-0.049475802341476034,0.025598426673760857,0.10671093467057546,1016.7091420535713,-84.0,-85.0,-84.0,-100.0,-71.0,-100.0,-79.0,-83.0,-100.0,-70.0,-84.0,-65.0,-79.0,-78.0,-100.0,-78.0,-83.0,-62.0,-68.0,-72.0,-52.0,-58.0,-87.0,-68.0,-75.0,-43.0,-49.0,-83.0,-62.0,-90.0,-68.0,-72.0,-52.0,-58.0,-90.0,-68.0,-75.0,-45.0,-49.0,-46.0,-60.0,-63.0,-70.0,-53.0,-56.0,-73.0,-59.0,-63.0,-45.0,-60.0,-63.0,-70.0,-53.0,-56.0,-73.0,-59.0,-63.0,-88.0,-100.0,-100.0,-91.0,-78.0,-90.0,-91.0,-78.0,-68.0,-68.0,-75.0,-100.0,-100.0,-83.0,-100.0,-100.0,-80.0,-100.0,-87.0,-100.0,-100.0,-100.0,-100.0,-100.0,-100.0,-100.0,-100.0,-100.0,-100.0,-100.0,-100.0,-100.0,-100.0,-100.0,-100.0,-100.0,-100.0,-100.0,-100.0,-100.0,-100.0,-100.0,-100.0,-100.0,-100.0,-100.0,-100.0,-100.0,-100.0,-100.0,-100.0,-100.0,-100.0,-100.0
2021.02.12 113354,13.0,14.0,-1.8457007620353982,15.219637615044247,-36.91922829203539,-0.3160820135752212,0.4433242730973451,9.75031027876106,-0.0025932137845132743,-0.004294555138548672,-0.006628797241858408,-0.04541477107698406,0.03238883788287388,0.17815174721181393,1016.704664336283,-89.0,-89.0,-85.0,-100.0,-78.0,-63.0,-75.0,-85.0,-100.0,-78.0,-79.0,-63.0,-75.0,-89.0,-80.0,-79.0,-83.0,-66.0,-68.0,-67.0,-53.0,-59.0,-82.0,-66.0,-70.0,-51.0,-60.0,-83.0,-66.0,-90.0,-68.0,-67.0,-53.0,-59.0,-83.0,-67.0,-70.0,-51.0,-60.0,-40.0,-58.0,-63.0,-67.0,-55.0,-56.0,-71.0,-50.0,-66.0,-40.0,-58.0,-62.0,-67.0,-55.0,-56.0,-71.0,-50.0,-66.0,-88.0,-100.0,-100.0,-100.0,-79.0,-91.0,-100.0,-79.0,-69.0,-69.0,-100.0,-100.0,-100.0,-79.0,-100.0,-88.0,-85.0,-100.0,-84.0,-100.0,-100.0,-100.0,-100.0,-100.0,-100.0,-100.0,-100.0,-100.0,-100.0,-100.0,-100.0,-100.0,-100.0,-100.0,-100.0,-100.0,-100.0,-100.0,-100.0,-100.0,-100.0,-100.0,-100.0,-100.0,-100.0,-100.0,-100.0,-100.0,-100.0,-100.0,-100.0,-100.0,-100.0,-100.0
2021.02.12 113408,13.0,15.0,-2.074213491724138,16.93354332758621,-37.607078077586195,-0.12726410155775864,0.3275995714655172,9.762604306034483,-0.0018941147572413798,-0.0018593834008620695,0.0018767161155172417,-0.03354086553485224,0.013038014291067051,0.1401222512318656,1016.7084893965516,-88.0,-85.0,-83.0,-87.0,-100.0,-69.0,-76.0,-82.0,-86.0,-77.0,-76.0,-70.0,-76.0,-81.0,-81.0,-78.0,-83.0,-63.0,-67.0,-70.0,-60.0,-60.0,-100.0,-63.0,-70.0,-43.0,-54.0,-83.0,-61.0,-87.0,-67.0,-70.0,-61.0,-60.0,-100.0,-63.0,-70.0,-42.0,-54.0,-49.0,-48.0,-63.0,-60.0,-52.0,-62.0,-69.0,-61.0,-67.0,-49.0,-48.0,-63.0,-60.0,-52.0,-62.0,-69.0,-61.0,-67.0,-86.0,-100.0,-100.0,-100.0,-78.0,-87.0,-100.0,-79.0,-71.0,-70.0,-76.0,-100.0,-100.0,-76.0,-100.0,-87.0,-83.0,-100.0,-84.0,-100.0,-100.0,-100.0,-100.0,-100.0,-100.0,-100.0,-100.0,-100.0,-100.0,-100.0,-100.0,-100.0,-100.0,-100.0,-100.0,-100.0,-100.0,-100.0,-100.0,-100.0,-100.0,-100.0,-100.0,-100.0,-100.0,-100.0,-100.0,-100.0,-100.0,-100.0,-100.0,-100.0,-100.0,-100.0
2021.02.12 113420,13.0,16.0,-0.2134305657457627,15.7131364279661,-37.004349677966104,-0.13754800411406778,0.41903654245762706,9.759730923728814,-0.004562386982542372,-0.002437816262457627,-0.00428772724957627,-0.04289054572266538,0.014063361550250739,0.042434876357250566,1016.7061973728812,-78.0,-84.0,-82.0,-87.0,-100.0,-67.0,-76.0,-82.0,-86.0,-100.0,-79.0,-67.0,-76.0,-82.0,-75.0,-100.0,-100.0,-67.0,-67.0,-66.0,-51.0,-61.0,-81.0,-67.0,-69.0,-46.0,-57.0,-84.0,-67.0,-84.0,-62.0,-66.0,-52.0,-61.0,-85.0,-66.0,-69.0,-45.0,-57.0,-37.0,-43.0,0.0,-63.0,-58.0,-57.0,-71.0,-54.0,-63.0,-37.0,-43.0,0.0,-63.0,-58.0,-57.0,-72.0,-54.0,-63.0,-86.0,-85.0,-85.0,-91.0,-80.0,-83.0,-90.0,-81.0,-65.0,-66.0,-100.0,-100.0,-100.0,-78.0,-100.0,-87.0,-81.0,-100.0,-83.0,-100.0,-100.0,-100.0,-100.0,-100.0,-100.0,-100.0,-100.0,-100.0,-100.0,-100.0,-100.0,-100.0,-100.0,-100.0,-100.0,-100.0,-100.0,-100.0,-100.0,-100.0,-100.0,-100.0,-100.0,-100.0,-100.0,-100.0,-100.0,-100.0,-100.0,-100.0,-100.0,-100.0,-100.0,-100.0
2021.02.12 113433,13.0,17.0,-0.2965158420420168,14.868238613445376,-36.89421340336133,-0.18127839421008404,0.5034203256302521,9.753599151260504,-0.0004976825135294123,-0.002031654433092437,-0.0007078497177983185,-0.05159324687756907,0.01862714940999012,0.05871597352533543,1016.7050738655461,-84.0,-100.0,-74.0,-89.0,-74.0,-60.0,-78.0,-75.0,-88.0,-72.0,-100.0,-60.0,-79.0,-77.0,-100.0,-70.0,-72.0,-62.0,-53.0,-70.0,-49.0,-65.0,-100.0,-57.0,-74.0,-50.0,-66.0,-73.0,-63.0,-80.0,-54.0,-70.0,-49.0,-64.0,-100.0,-57.0,-75.0,-48.0,-67.0,-33.0,-44.0,-64.0,-73.0,-46.0,-67.0,-73.0,-48.0,-68.0,-32.0,-44.0,-63.0,-74.0,-46.0,-67.0,-74.0,-47.0,-67.0,-100.0,-100.0,-100.0,-100.0,-84.0,-100.0,-100.0,-84.0,-67.0,-66.0,-100.0,-100.0,-100.0,-100.0,-100.0,-100.0,-87.0,-100.0,-100.0,-82.0,-100.0,-100.0,-100.0,-100.0,-100.0,-100.0,-100.0,-100.0,-100.0,-100.0,-100.0,-100.0,-100.0,-100.0,-100.0,-100.0,-100.0,-100.0,-100.0,-100.0,-100.0,-100.0,-100.0,-100.0,-100.0,-100.0,-100.0,-100.0,-100.0,-100.0,-100.0,-100.0,-100.0,-100.0
2021.02.12 113447,13.0,18.0,-0.40580272611833335,13.498634895833334,-39.066143775,-0.3516294885083333,0.6644185146666666,9.733915345833335,-0.0031223386398499995,-0.003009727632333333,-0.005148784921583333,-0.06814416203026966,0.036161832991153116,0.11183656590549917,1016.7033139999999,-86.0,-100.0,-74.0,-87.0,-73.0,-62.0,-81.0,-74.0,-87.0,-72.0,-100.0,-62.0,-81.0,-100.0,-78.0,-69.0,-75.0,-61.0,-57.0,-68.0,-51.0,-66.0,-100.0,-60.0,-76.0,-48.0,-67.0,-74.0,-60.0,-100.0,-58.0,-69.0,-51.0,-65.0,-100.0,-60.0,-76.0,-48.0,-67.0,-26.0,-45.0,-61.0,-71.0,-56.0,-70.0,-75.0,-48.0,-66.0,-26.0,-44.0,-60.0,-72.0,-57.0,-72.0,-74.0,-49.0,-66.0,-100.0,-100.0,-100.0,-100.0,-83.0,-100.0,-100.0,-83.0,-62.0,-60.0,-100.0,-100.0,-100.0,-100.0,-100.0,-81.0,-87.0,-100.0,-100.0,-83.0,-100.0,-100.0,-100.0,-100.0,-100.0,-100.0,-100.0,-100.0,-100.0,-100.0,-100.0,-100.0,-100.0,-100.0,-100.0,-100.0,-100.0,-100.0,-100.0,-100.0,-100.0,-100.0,-100.0,-100.0,-100.0,-100.0,-100.0,-100.0,-100.0,-100.0,-100.0,-100.0,-100.0,-100.0
2021.02.12 113503,14.0,18.0,36.33332527027027,-2.57198121981982,-38.64024822522522,-0.24184321704504505,0.6666201239639639,9.738930576576575,-0.0016005322675675686,-0.001266089510693694,-0.0015226182556756758,-0.06837527977453693,0.02485224538952577,-1.5668039182284932,1016.7036545945947,-86.0,-100.0,-100.0,-85.0,-77.0,-80.0,-80.0,-100.0,-86.0,-75.0,-83.0,-79.0,-79.0,-100.0,-82.0,-80.0,-80.0,-66.0,-63.0,-69.0,-58.0,-65.0,-85.0,-73.0,-75.0,-59.0,-62.0,-80.0,-68.0,-84.0,-63.0,-69.0,-59.0,-65.0,-87.0,-73.0,-75.0,-58.0,-62.0,-45.0,-40.0,-71.0,-76.0,-64.0,-65.0,-74.0,-55.0,-60.0,-46.0,-40.0,-71.0,-76.0,-63.0,-65.0,-74.0,-54.0,-60.0,-100.0,-100.0,-100.0,-86.0,-83.0,-85.0,-87.0,-83.0,-78.0,-78.0,-100.0,-100.0,-100.0,-81.0,-100.0,-100.0,-82.0,-100.0,-79.0,-100.0,-100.0,-100.0,-100.0,-100.0,-100.0,-100.0,-100.0,-100.0,-100.0,-100.0,-100.0,-100.0,-100.0,-100.0,-100.0,-100.0,-100.0,-100.0,-100.0,-100.0,-100.0,-100.0,-100.0,-100.0,-100.0,-100.0,-100.0,-100.0,-100.0,-100.0,-100.0,-100.0,-100.0,-100.0
2021.02.12 113515,15.0,18.0,42.73128404065041,-4.911025031707317,-34.76049585365854,-0.12092202010569107,0.667189817317073,9.746459861788615,-0.0001645826836422766,-0.0012739630303780485,-0.004290399295479675,-0.06837206736691596,0.012417664632155724,-1.6296133568616418,1016.7071097560976,-87.0,-91.0,-68.0,-80.0,-100.0,-71.0,-77.0,-70.0,-81.0,-75.0,-82.0,-70.0,-79.0,-89.0,-100.0,-81.0,-79.0,-63.0,-56.0,-72.0,-55.0,-57.0,-86.0,-69.0,-75.0,-58.0,-66.0,-100.0,-62.0,-86.0,-56.0,-72.0,-54.0,-58.0,-88.0,-68.0,-75.0,-57.0,-66.0,-46.0,-50.0,-67.0,-69.0,-60.0,-68.0,-73.0,-58.0,-64.0,-46.0,-50.0,-67.0,-69.0,-61.0,-68.0,-74.0,-59.0,-64.0,-84.0,-100.0,-100.0,-87.0,-70.0,-86.0,-86.0,-71.0,-69.0,-72.0,-73.0,-100.0,-100.0,-82.0,-100.0,-100.0,-72.0,-100.0,-81.0,-100.0,-100.0,-100.0,-100.0,-100.0,-100.0,-100.0,-100.0,-100.0,-100.0,-100.0,-100.0,-100.0,-100.0,-100.0,-100.0,-100.0,-100.0,-100.0,-100.0,-100.0,-100.0,-100.0,-100.0,-100.0,-100.0,-100.0,-100.0,-100.0,-100.0,-100.0,-100.0,-100.0,-100.0,-100.0
2021.02.12 113527,16.0,18.0,41.85378378632478,-3.605801844444445,-34.331190538461534,-0.15080237539059832,0.7037476747008546,9.746186585470085,0.0006319455062846145,-0.000763153637982906,-0.0019639668376068378,-0.07209279254460943,0.015490427192185591,-1.5968226897410858,1016.7033943589743,-86.0,-83.0,-74.0,-79.0,-72.0,-70.0,-79.0,-75.0,-80.0,-72.0,-79.0,-71.0,-79.0,-86.0,-74.0,-79.0,-78.0,-61.0,-65.0,-70.0,-58.0,-57.0,-81.0,-67.0,-71.0,-52.0,-66.0,-78.0,-60.0,-88.0,-65.0,-70.0,-58.0,-57.0,-81.0,-67.0,-72.0,-51.0,-66.0,-44.0,-51.0,-63.0,-67.0,-61.0,-64.0,-70.0,-63.0,-69.0,-44.0,-51.0,-63.0,-67.0,-61.0,-65.0,-70.0,-63.0,-69.0,-83.0,-100.0,-100.0,-82.0,-76.0,-100.0,-83.0,-76.0,-68.0,-68.0,-71.0,-100.0,-100.0,-78.0,-100.0,-100.0,-74.0,-90.0,-82.0,-100.0,-100.0,-100.0,-100.0,-100.0,-100.0,-100.0,-100.0,-100.0,-100.0,-100.0,-100.0,-100.0,-100.0,-100.0,-100.0,-100.0,-100.0,-100.0,-100.0,-100.0,-100.0,-100.0,-100.0,-100.0,-100.0,-100.0,-100.0,-100.0,-100.0,-100.0,-100.0,-100.0,-100.0,-100.0
2021.02.12 113539,17.0,18.0,40.07631646846847,0.5699785205135135,-35.13151954054053,-0.3104633183783784,0.7135446594594597,9.732956869369367,0.001743466460180179,-0.0017150042151351354,-0.003654929587927928,-0.0731733161284848,0.031894125044345814,-1.487960494316376,1016.7026317117117,-87.0,-84.0,-69.0,-78.0,-72.0,-75.0,-79.0,-70.0,-75.0,-72.0,-78.0,-75.0,-79.0,-88.0,-74.0,-80.0,-100.0,-63.0,-62.0,-71.0,-55.0,-61.0,-85.0,-66.0,-75.0,-51.0,-62.0,-100.0,-63.0,-100.0,-62.0,-71.0,-55.0,-62.0,-84.0,-66.0,-75.0,-51.0,-62.0,-47.0,-57.0,-64.0,-68.0,-64.0,-64.0,-74.0,-57.0,-69.0,-47.0,-57.0,-64.0,-68.0,-65.0,-64.0,-74.0,-55.0,-69.0,-83.0,-100.0,-100.0,-83.0,-72.0,-87.0,-84.0,-72.0,-71.0,-70.0,-100.0,-100.0,-100.0,-78.0,-100.0,-84.0,-77.0,-100.0,-81.0,-100.0,-100.0,-100.0,-100.0,-100.0,-100.0,-100.0,-100.0,-100.0,-100.0,-100.0,-100.0,-100.0,-100.0,-100.0,-100.0,-100.0,-100.0,-100.0,-100.0,-100.0,-100.0,-100.0,-100.0,-100.0,-100.0,-100.0,-100.0,-100.0,-100.0,-100.0,-100.0,-100.0,-100.0,-100.0
2021.02.12 113610,19.0,18.0,40.133924823008854,-1.0434253867876107,-37.18473045132743,-0.37477872300884957,0.5348412930973451,9.745302119469027,0.0007422090460265486,-0.0025994135521238936,-0.005470751309504424,-0.054818299063275296,0.038432922420314417,-1.5426653022259738,1016.7036945132743,-87.0,-100.0,-64.0,-77.0,-71.0,-75.0,-80.0,-65.0,-76.0,-72.0,-67.0,-74.0,-79.0,-83.0,-77.0,-100.0,-77.0,-69.0,-67.0,-70.0,-55.0,-63.0,-82.0,-73.0,-77.0,-55.0,-65.0,-75.0,-68.0,-82.0,-67.0,-70.0,-55.0,-63.0,-81.0,-73.0,-78.0,-55.0,-65.0,-51.0,-58.0,-64.0,-68.0,-60.0,-65.0,-76.0,-59.0,-75.0,-52.0,-58.0,-64.0,-69.0,-60.0,-65.0,-76.0,-60.0,-75.0,-81.0,-85.0,-84.0,-82.0,-72.0,-81.0,-82.0,-72.0,-69.0,-68.0,-100.0,-100.0,-100.0,-67.0,-100.0,-100.0,-67.0,-100.0,-80.0,-100.0,-92.0,-100.0,-100.0,-100.0,-100.0,-100.0,-100.0,-100.0,-100.0,-100.0,-100.0,-100.0,-100.0,-100.0,-100.0,-100.0,-100.0,-100.0,-100.0,-100.0,-100.0,-100.0,-100.0,-100.0,-100.0,-100.0,-100.0,-100.0,-100.0,-100.0,-100.0,-100.0,-100.0,-100.0
2021.02.12 113624,20.0,18.0,36.4051248125,-5.157547128571429,-38.76141125892857,-0.1728375586651786,0.7058938069642856,9.743040968749998,0.0023819432863749997,-0.005628724151696429,0.0047968085446428565,-0.07233907119370993,0.017754144625801625,-1.6350183774318015,1016.7031816071428,-89.0,-87.0,-66.0,-73.0,-74.0,-100.0,-83.0,-67.0,-73.0,-74.0,-67.0,-72.0,-82.0,-87.0,-76.0,-81.0,-75.0,-65.0,-58.0,-69.0,-55.0,-64.0,-78.0,-71.0,-73.0,-56.0,-68.0,-75.0,-66.0,-87.0,-58.0,-70.0,-55.0,-64.0,-80.0,-71.0,-73.0,-57.0,-68.0,-51.0,-56.0,-64.0,-69.0,-62.0,-67.0,-76.0,-60.0,-65.0,-50.0,-56.0,-50.0,-69.0,-61.0,-67.0,-75.0,-61.0,-65.0,-83.0,-100.0,-100.0,-83.0,-75.0,-87.0,-82.0,-75.0,-70.0,-70.0,-100.0,-100.0,-100.0,-67.0,-100.0,-100.0,-76.0,-100.0,-78.0,-100.0,-100.0,-89.0,-100.0,-100.0,-100.0,-100.0,-100.0,-100.0,-100.0,-100.0,-100.0,-100.0,-100.0,-100.0,-100.0,-100.0,-100.0,-100.0,-100.0,-100.0,-100.0,-100.0,-100.0,-100.0,-100.0,-100.0,-100.0,-100.0,-100.0,-100.0,-100.0,-100.0,-100.0,-100.0
2021.02.12 113638,21.0,18.0,36.55037841666666,-8.859801074074072,-36.40303985185185,-0.3467872433796297,0.7893549643518517,9.727664486111111,-0.0007694177112129629,-0.009801496340833334,-0.0005068154880555558,-0.08093637096937052,0.03563548019155855,-1.7333937883377075,1016.7016717592592,-91.0,-88.0,-65.0,-71.0,-100.0,-78.0,-80.0,-64.0,-70.0,-65.0,-70.0,-76.0,-79.0,-89.0,-78.0,-81.0,-100.0,-70.0,-67.0,-71.0,-44.0,-67.0,-85.0,-73.0,-74.0,-61.0,-69.0,-100.0,-71.0,-85.0,-67.0,-71.0,-58.0,-67.0,-86.0,-73.0,-74.0,-62.0,-69.0,-47.0,-57.0,-65.0,-71.0,-66.0,-67.0,-72.0,-61.0,-70.0,-47.0,-58.0,-65.0,-71.0,-66.0,-67.0,-72.0,-61.0,-70.0,-80.0,-100.0,-100.0,-81.0,-79.0,-86.0,-81.0,-79.0,-70.0,-69.0,-69.0,-100.0,-100.0,-69.0,-100.0,-100.0,-71.0,-100.0,-79.0,-100.0,-100.0,-87.0,-100.0,-100.0,-100.0,-100.0,-100.0,-100.0,-100.0,-100.0,-100.0,-100.0,-100.0,-100.0,-100.0,-100.0,-100.0,-100.0,-100.0,-100.0,-100.0,-100.0,-100.0,-100.0,-100.0,-100.0,-100.0,-100.0,-100.0,-100.0,-100.0,-100.0,-100.0,-100.0
2021.02.12 113655,22.0,18.0,36.771250821428566,-8.789353617857143,-34.80154527678571,-0.22648366464285716,0.6902232267857143,9.73936671875,-0.00019802322696428485,-0.006723603745750539,0.0007749145401250009,-0.0707533606660685,0.0232602363939804,-1.7425592562982015,1016.7029465178572,-100.0,-100.0,-59.0,-79.0,-62.0,-66.0,-82.0,-59.0,-78.0,-64.0,-78.0,-66.0,-84.0,-100.0,-100.0,-71.0,-70.0,-100.0,-64.0,-70.0,-53.0,-64.0,-100.0,-60.0,-72.0,-54.0,-69.0,-71.0,-100.0,-100.0,-63.0,-73.0,-56.0,-66.0,-100.0,-60.0,-74.0,-53.0,-70.0,-43.0,-60.0,-100.0,-67.0,-59.0,-69.0,-77.0,-50.0,-77.0,-45.0,-61.0,-100.0,-69.0,-59.0,-69.0,-76.0,-50.0,-77.0,-83.0,-100.0,-100.0,-86.0,-84.0,-100.0,-85.0,-83.0,-61.0,-61.0,-100.0,-100.0,-100.0,-78.0,-100.0,-100.0,-81.0,-100.0,-84.0,-100.0,-100.0,-100.0,-100.0,-100.0,-100.0,-100.0,-100.0,-100.0,-100.0,-100.0,-100.0,-100.0,-100.0,-100.0,-100.0,-100.0,-100.0,-100.0,-100.0,-100.0,-100.0,-100.0,-100.0,-100.0,-100.0,-100.0,-100.0,-100.0,-100.0,-100.0,-100.0,-100.0,-100.0,-100.0
2021.02.12 113737,22.0,16.0,9.71417042672414,-35.30254343103448,-31.537913715517245,-0.2398397049655172,0.7228854333620689,9.739679961206896,0.002163026821293104,-0.003819909010948276,0.004981244535603448,-0.07407102659986961,0.024624817894273877,-2.8760958704455146,1016.694945172414,-81.0,-84.0,-70.0,-73.0,-62.0,-72.0,-100.0,-69.0,-72.0,-63.0,-74.0,-72.0,-100.0,-86.0,-73.0,-76.0,-68.0,-64.0,-59.0,-66.0,-56.0,-59.0,-76.0,-67.0,-74.0,-54.0,-62.0,-68.0,-64.0,-84.0,-60.0,-66.0,-56.0,-59.0,-77.0,-67.0,-73.0,-54.0,-62.0,-45.0,-56.0,-59.0,-65.0,-57.0,-67.0,-69.0,-58.0,-69.0,-45.0,-56.0,-59.0,-65.0,-57.0,-67.0,-69.0,-57.0,-69.0,-83.0,-85.0,-84.0,-85.0,-75.0,-84.0,-84.0,-75.0,-69.0,-69.0,-70.0,-100.0,-100.0,-74.0,-100.0,-86.0,-73.0,-91.0,-75.0,-100.0,-92.0,-100.0,-100.0,-100.0,-100.0,-100.0,-100.0,-100.0,-100.0,-100.0,-100.0,-100.0,-100.0,-100.0,-100.0,-100.0,-100.0,-100.0,-100.0,-100.0,-100.0,-100.0,-100.0,-100.0,-100.0,-100.0,-100.0,-100.0,-100.0,-100.0,-100.0,-100.0,-100.0,-100.0
2021.02.12 113803,22.0,14.0,9.918761213043476,-31.034170252173915,-31.435809921739132,-0.1844916496173913,0.5814880566956521,9.746904839130433,0.00021624037321739102,-0.007057695966956522,0.0017857954159130438,-0.059586143526046124,0.01893536253710799,-2.8315241129502007,1016.6892773913041,-73.0,-75.0,-67.0,-75.0,-100.0,-77.0,-74.0,-67.0,-72.0,-59.0,-65.0,-76.0,-74.0,-82.0,-73.0,-75.0,-72.0,-60.0,-62.0,-64.0,-52.0,-57.0,-77.0,-73.0,-70.0,-48.0,-56.0,-75.0,-60.0,-86.0,-62.0,-65.0,-52.0,-57.0,-72.0,-72.0,-71.0,-49.0,-56.0,-53.0,-61.0,-56.0,-59.0,-60.0,-60.0,-64.0,-59.0,-68.0,-53.0,-61.0,-56.0,-59.0,-59.0,-60.0,-65.0,-58.0,-68.0,-81.0,-84.0,-85.0,-80.0,-73.0,-87.0,-80.0,-73.0,-62.0,-62.0,-69.0,-100.0,-100.0,-63.0,-100.0,-83.0,-72.0,-100.0,-83.0,-88.0,-100.0,-100.0,-84.0,-84.0,-100.0,-100.0,-100.0,-100.0,-100.0,-100.0,-100.0,-100.0,-100.0,-100.0,-100.0,-100.0,-100.0,-100.0,-100.0,-100.0,-100.0,-100.0,-100.0,-100.0,-100.0,-100.0,-100.0,-100.0,-100.0,-100.0,-100.0,-100.0,-100.0,-100.0
2021.02.12 113818,22.0,13.0,10.01687080769231,-29.13028752991453,-33.90163349572649,-0.07971184556837607,0.5195601377777778,9.75592093162393,0.006372438882820512,-0.0051039043464957265,0.004111194518461539,-0.05318937221398716,0.008152959076662783,-2.798794522244706,1016.687747094017,-82.0,-74.0,-64.0,-75.0,-58.0,-66.0,-77.0,-63.0,-73.0,-58.0,-75.0,-65.0,-75.0,-73.0,-69.0,-72.0,-69.0,-63.0,-51.0,-68.0,-49.0,-63.0,-68.0,-66.0,-73.0,-39.0,-56.0,-69.0,-64.0,-73.0,-51.0,-70.0,-48.0,-64.0,-68.0,-65.0,-73.0,-40.0,-58.0,-43.0,-63.0,-43.0,-62.0,-51.0,-60.0,-67.0,-51.0,-75.0,-44.0,-63.0,-43.0,-64.0,-53.0,-61.0,-68.0,-51.0,-74.0,-80.0,-93.0,-92.0,-89.0,-79.0,-73.0,-87.0,-79.0,-58.0,-58.0,-69.0,-100.0,-100.0,-74.0,-100.0,-81.0,-88.0,-80.0,-85.0,-100.0,-100.0,-100.0,-89.0,-100.0,-100.0,-100.0,-100.0,-100.0,-100.0,-100.0,-100.0,-100.0,-100.0,-100.0,-100.0,-100.0,-100.0,-100.0,-100.0,-100.0,-100.0,-100.0,-100.0,-100.0,-100.0,-100.0,-100.0,-100.0,-100.0,-100.0,-100.0,-100.0,-100.0,-100.0
2021.02.12 113833,22.0,12.0,10.699802245967742,-29.65552523387097,-37.16777448387097,-0.12478064507903228,0.4892764675806452,9.754061354838711,0.0027510879150806442,-0.004155515169274194,0.0005889190716129034,-0.05012958130288504,0.012804248033717118,-2.7886826434443073,1016.6874772580643,-73.0,-100.0,-73.0,-100.0,-65.0,-63.0,-78.0,-72.0,-100.0,-65.0,-70.0,-63.0,-78.0,-100.0,-76.0,-76.0,-78.0,-66.0,-66.0,-63.0,-52.0,-60.0,-79.0,-64.0,-69.0,-46.0,-52.0,-75.0,-66.0,-82.0,-64.0,-63.0,-52.0,-60.0,-79.0,-63.0,-69.0,-46.0,-52.0,-48.0,-60.0,-58.0,-59.0,-58.0,-58.0,-61.0,-56.0,-64.0,-48.0,-60.0,-57.0,-59.0,-58.0,-58.0,-62.0,-57.0,-65.0,-82.0,-87.0,-86.0,-83.0,-78.0,-81.0,-82.0,-78.0,-62.0,-62.0,-75.0,-100.0,-100.0,-70.0,-100.0,-85.0,-78.0,-91.0,-81.0,-100.0,-100.0,-100.0,-87.0,-100.0,-100.0,-100.0,-100.0,-100.0,-100.0,-100.0,-100.0,-100.0,-100.0,-100.0,-100.0,-100.0,-100.0,-100.0,-100.0,-100.0,-100.0,-100.0,-100.0,-100.0,-100.0,-100.0,-100.0,-100.0,-100.0,-100.0,-100.0,-100.0,-100.0,-100.0
2021.02.12 113847,22.0,11.0,11.40542086016949,-32.39946611864407,-39.98349307627117,-0.22923019665254238,0.5747408547457628,9.752811627118644,0.005066745457745762,-0.006017935591042373,-5.516787915254242e-05,-0.05885396654701835,0.023501855542220257,-2.8057301812252757,1016.6848732203392,-89.0,-100.0,-60.0,-100.0,-51.0,-67.0,-81.0,-60.0,-100.0,-51.0,-77.0,-65.0,-81.0,-67.0,-66.0,-68.0,-100.0,-68.0,-55.0,-67.0,-49.0,-58.0,-74.0,-61.0,-74.0,-41.0,-60.0,-74.0,-70.0,-75.0,-55.0,-68.0,-48.0,-58.0,-73.0,-62.0,-73.0,-41.0,-60.0,-51.0,-56.0,-48.0,-61.0,-53.0,-63.0,-69.0,-50.0,-77.0,-50.0,-57.0,-47.0,-61.0,-50.0,-63.0,-68.0,-50.0,-77.0,-89.0,-100.0,-100.0,-83.0,-84.0,-74.0,-84.0,-83.0,-53.0,-53.0,-100.0,-100.0,-100.0,-77.0,-100.0,-100.0,-86.0,-100.0,-88.0,-100.0,-82.0,-100.0,-88.0,-91.0,-82.0,-100.0,-100.0,-100.0,-100.0,-100.0,-100.0,-100.0,-100.0,-100.0,-100.0,-100.0,-100.0,-100.0,-100.0,-100.0,-100.0,-100.0,-100.0,-100.0,-100.0,-100.0,-100.0,-100.0,-100.0,-100.0,-100.0,-100.0,-100.0,-100.0
2021.02.12 113900,22.0,10.0,11.443544842857143,-33.751005152380955,-43.077471933333335,0.021322572912857142,0.5078242496190476,9.754660333333334,0.000977587631619048,0.0027528470527619056,0.005552752673619047,-0.05202011132524123,-0.002180976177208189,-2.790259717759632,1016.6774328571428,-77.0,-80.0,-72.0,-80.0,-64.0,-71.0,-76.0,-72.0,-80.0,-63.0,-65.0,-71.0,-76.0,-74.0,-72.0,-78.0,-72.0,-60.0,-62.0,-72.0,-57.0,-62.0,-81.0,-64.0,-70.0,-46.0,-60.0,-75.0,-61.0,-100.0,-62.0,-71.0,-57.0,-62.0,-81.0,-64.0,-70.0,-46.0,-60.0,-54.0,-62.0,-56.0,-62.0,-54.0,-61.0,-67.0,-57.0,-68.0,-53.0,-63.0,-56.0,-62.0,-54.0,-61.0,-67.0,-57.0,-68.0,-83.0,-84.0,-83.0,-87.0,-82.0,-100.0,-87.0,-81.0,-60.0,-60.0,-72.0,-100.0,-100.0,-65.0,-100.0,-100.0,-81.0,-100.0,-78.0,-100.0,-100.0,-100.0,-100.0,-100.0,-100.0,-90.0,-100.0,-100.0,-100.0,-100.0,-100.0,-100.0,-100.0,-100.0,-100.0,-100.0,-100.0,-100.0,-100.0,-100.0,-100.0,-100.0,-100.0,-100.0,-100.0,-100.0,-100.0,-100.0,-100.0,-100.0,-100.0,-100.0,-100.0,-100.0
2021.02.12 113941,23.0,9.0,32.979323836065575,-3.82387455,-43.35393212295082,-0.16830602789098362,0.5351736394262295,9.749852094262296,-0.00035445524508196687,-0.0034259771333360663,-0.0029125186536885254,-0.054881211507637924,0.017330688694215213,-1.614198971967228,1016.6614553278689,-84.0,-87.0,-77.0,-80.0,-57.0,-71.0,-75.0,-77.0,-80.0,-57.0,-65.0,-72.0,-75.0,-82.0,-100.0,-100.0,-72.0,-73.0,-67.0,-73.0,-62.0,-65.0,-75.0,-70.0,-69.0,-56.0,-59.0,-71.0,-72.0,-87.0,-68.0,-74.0,-62.0,-65.0,-75.0,-70.0,-69.0,-57.0,-59.0,-58.0,-63.0,-62.0,-62.0,-62.0,-68.0,-71.0,-62.0,-68.0,-57.0,-63.0,-62.0,-62.0,-62.0,-68.0,-71.0,-62.0,-67.0,-84.0,-100.0,-100.0,-88.0,-81.0,-86.0,-88.0,-81.0,-70.0,-69.0,-100.0,-100.0,-100.0,-65.0,-100.0,-86.0,-83.0,-91.0,-83.0,-100.0,-100.0,-100.0,-100.0,-100.0,-100.0,-100.0,-100.0,-100.0,-100.0,-100.0,-100.0,-100.0,-100.0,-100.0,-100.0,-100.0,-100.0,-100.0,-100.0,-100.0,-100.0,-100.0,-100.0,-100.0,-100.0,-100.0,-100.0,-100.0,-100.0,-100.0,-100.0,-100.0,-100.0,-100.0
2021.02.12 113954,24.0,9.0,30.560308881355937,-1.9671559316101694,-45.48628972881357,-0.2284213954288135,0.6814115627966101,9.744062139830513,-0.00285649678161017,-0.00495948576661017,-0.000798562731567797,-0.06980803179538851,0.023436459956860313,-1.528067848439944,1016.6574722881355,-89.0,-81.0,-73.0,-76.0,-62.0,-74.0,-83.0,-72.0,-76.0,-61.0,-61.0,-74.0,-82.0,-100.0,-74.0,-80.0,-100.0,-70.0,-66.0,-74.0,-61.0,-60.0,-73.0,-66.0,-78.0,-53.0,-62.0,-100.0,-70.0,-100.0,-67.0,-74.0,-61.0,-60.0,-71.0,-67.0,-77.0,-53.0,-62.0,-55.0,-70.0,-61.0,-68.0,-61.0,-63.0,-70.0,-62.0,-68.0,-55.0,-70.0,-60.0,-69.0,-62.0,-63.0,-70.0,-62.0,-68.0,-78.0,-100.0,-100.0,-89.0,-82.0,-100.0,-91.0,-82.0,-62.0,-63.0,-68.0,-100.0,-100.0,-60.0,-100.0,-86.0,-80.0,-100.0,-83.0,-100.0,-100.0,-88.0,-100.0,-100.0,-100.0,-100.0,-100.0,-100.0,-100.0,-100.0,-100.0,-100.0,-100.0,-100.0,-100.0,-100.0,-100.0,-100.0,-100.0,-100.0,-100.0,-100.0,-100.0,-100.0,-100.0,-100.0,-100.0,-100.0,-100.0,-100.0,-100.0,-100.0,-100.0,-100.0
2021.02.12 114006,25.0,9.0,26.24170497413793,-2.630908999137931,-46.84541460344827,-0.18681459656034483,0.7975533024137932,9.730136758620691,0.004026954823706895,-0.0034683206513448275,-0.0031227623585344823,-0.08182549434874589,0.019230371783186383,-1.5213143476124467,1016.6530737931035,-86.0,-100.0,-70.0,-74.0,-58.0,-70.0,-79.0,-70.0,-77.0,-58.0,-57.0,-71.0,-80.0,-100.0,-79.0,-78.0,-78.0,-73.0,-67.0,-76.0,-59.0,-66.0,-71.0,-76.0,-75.0,-54.0,-60.0,-77.0,-72.0,-89.0,-67.0,-75.0,-59.0,-66.0,-71.0,-75.0,-75.0,-54.0,-60.0,-57.0,-67.0,-67.0,-66.0,-60.0,-62.0,-74.0,-58.0,-75.0,-57.0,-67.0,-66.0,-66.0,-60.0,-62.0,-74.0,-58.0,-75.0,-81.0,-100.0,-100.0,-89.0,-85.0,-74.0,-89.0,-86.0,-63.0,-64.0,-76.0,-100.0,-100.0,-57.0,-100.0,-100.0,-86.0,-100.0,-82.0,-100.0,-100.0,-100.0,-100.0,-100.0,-100.0,-100.0,-100.0,-100.0,-100.0,-100.0,-100.0,-100.0,-100.0,-100.0,-100.0,-100.0,-100.0,-100.0,-100.0,-100.0,-100.0,-100.0,-100.0,-100.0,-100.0,-100.0,-100.0,-100.0,-100.0,-100.0,-100.0,-100.0,-100.0,-100.0
2021.02.12 114018,26.0,9.0,26.216515288,-8.8351060256,-43.11805811200001,-0.20207177251279998,0.7407686124000001,9.737891944000003,0.0032003370676800006,-0.0044884084652800004,-0.0008201780196800002,-0.07591094955801961,0.020721523825777653,-1.7845191593170167,1016.6442705599998,-88.0,-100.0,-71.0,-100.0,-56.0,-79.0,-83.0,-71.0,-100.0,-57.0,-58.0,-100.0,-82.0,-100.0,-80.0,-81.0,-70.0,-74.0,-66.0,-78.0,-57.0,-63.0,-67.0,-72.0,-81.0,-57.0,-59.0,-69.0,-74.0,-100.0,-66.0,-79.0,-57.0,-63.0,-67.0,-72.0,-82.0,-57.0,-59.0,-61.0,-71.0,-63.0,-73.0,-62.0,-69.0,-71.0,-65.0,-73.0,-61.0,-71.0,-63.0,-73.0,-61.0,-69.0,-71.0,-64.0,-73.0,-83.0,-100.0,-100.0,-88.0,-84.0,-100.0,-88.0,-84.0,-66.0,-71.0,-78.0,-100.0,-100.0,-58.0,-100.0,-100.0,-82.0,-100.0,-84.0,-100.0,-100.0,-100.0,-80.0,-80.0,-100.0,-100.0,-100.0,-100.0,-100.0,-100.0,-100.0,-100.0,-100.0,-100.0,-100.0,-100.0,-100.0,-100.0,-100.0,-100.0,-100.0,-100.0,-100.0,-100.0,-100.0,-100.0,-100.0,-100.0,-100.0,-100.0,-100.0,-100.0,-100.0,-100.0
2021.02.12 114031,27.0,9.0,25.82823465289256,-9.954321190082647,-38.262770198347106,-0.17278144863636363,0.7945370414876034,9.734799429752066,0.0023990819508264457,-0.00042476381301652903,-0.00010234475266115696,-0.08146508355155462,0.017787704783999745,-1.8338129313524105,1016.6423962809918,-86.0,-100.0,-73.0,-75.0,-50.0,-75.0,-81.0,-72.0,-74.0,-50.0,-52.0,-74.0,-81.0,-87.0,-81.0,-85.0,-77.0,-72.0,-67.0,-80.0,-58.0,-64.0,-66.0,-74.0,-79.0,-49.0,-62.0,-72.0,-72.0,-100.0,-67.0,-80.0,-60.0,-64.0,-67.0,-74.0,-80.0,-49.0,-66.0,-58.0,-69.0,-65.0,-76.0,-64.0,-64.0,-75.0,-62.0,-77.0,-58.0,-69.0,-65.0,-76.0,-62.0,-64.0,-75.0,-63.0,-77.0,-83.0,-100.0,-100.0,-82.0,-85.0,-100.0,-83.0,-85.0,-69.0,-69.0,-77.0,-100.0,-100.0,-52.0,-100.0,-90.0,-85.0,-100.0,-100.0,-100.0,-100.0,-100.0,-100.0,-100.0,-100.0,-100.0,-100.0,-100.0,-100.0,-100.0,-100.0,-100.0,-100.0,-100.0,-100.0,-100.0,-100.0,-100.0,-100.0,-100.0,-100.0,-100.0,-100.0,-100.0,-100.0,-100.0,-100.0,-100.0,-100.0,-100.0,-100.0,-100.0,-100.0,-100.0
2021.02.12 114043,28.0,9.0,24.029216,-8.761800044247787,-36.38295089380531,-0.3070200079380531,0.6553940984070796,9.734872194690265,0.0048940499805840715,-0.004655475048539823,-0.0016541409230088492,-0.06721614884723599,0.03156914301958359,-1.837375024778653,1016.6373561061947,-87.0,-100.0,-78.0,-76.0,-49.0,-73.0,-83.0,-79.0,-76.0,-49.0,-45.0,-74.0,-83.0,-100.0,-82.0,-82.0,-71.0,-78.0,-68.0,-77.0,-58.0,-70.0,-66.0,-71.0,-77.0,-54.0,-63.0,-71.0,-76.0,-100.0,-68.0,-77.0,-58.0,-70.0,-66.0,-71.0,-78.0,-55.0,-63.0,-62.0,-73.0,-64.0,-74.0,-63.0,-70.0,-80.0,-66.0,-77.0,-61.0,-73.0,-64.0,-75.0,-63.0,-70.0,-81.0,-66.0,-77.0,-84.0,-100.0,-100.0,-88.0,-86.0,-100.0,-88.0,-86.0,-77.0,-77.0,-77.0,-100.0,-100.0,-45.0,-100.0,-89.0,-100.0,-100.0,-100.0,-100.0,-100.0,-100.0,-100.0,-100.0,-100.0,-100.0,-100.0,-100.0,-100.0,-100.0,-100.0,-100.0,-100.0,-100.0,-100.0,-100.0,-100.0,-100.0,-100.0,-100.0,-100.0,-100.0,-100.0,-100.0,-100.0,-100.0,-100.0,-100.0,-100.0,-100.0,-100.0,-100.0,-100.0,-100.0
2021.02.12 114055,29.0,9.0,25.599275560000002,-5.6254958392,-36.745130528000004,-0.16307330405599998,0.5625774116000001,9.74582512,-0.00011143686303999961,-0.003693721197416,-0.0025412330604,-0.057662478491663886,0.016742944192141253,-1.7088859157562255,1016.6333553599999,-100.0,-100.0,-66.0,-80.0,-49.0,-65.0,-90.0,-66.0,-80.0,-49.0,-67.0,-66.0,-91.0,-100.0,-100.0,-84.0,-67.0,-68.0,-73.0,-100.0,-47.0,-75.0,-56.0,-74.0,-77.0,-58.0,-68.0,-68.0,-69.0,-82.0,-72.0,-100.0,-51.0,-75.0,-52.0,-73.0,-78.0,-57.0,-67.0,-63.0,-78.0,-62.0,-79.0,-66.0,-75.0,-82.0,-61.0,-87.0,-63.0,-77.0,-70.0,-79.0,-67.0,-74.0,-82.0,-68.0,-87.0,-100.0,-100.0,-100.0,-100.0,-90.0,-80.0,-100.0,-100.0,-64.0,-64.0,-100.0,-100.0,-100.0,-67.0,-100.0,-100.0,-100.0,-100.0,-100.0,-100.0,-100.0,-100.0,-89.0,-89.0,-100.0,-100.0,-100.0,-100.0,-100.0,-100.0,-100.0,-100.0,-100.0,-100.0,-100.0,-100.0,-100.0,-100.0,-100.0,-100.0,-100.0,-100.0,-100.0,-100.0,-100.0,-100.0,-100.0,-100.0,-100.0,-100.0,-100.0,-100.0,-100.0,-100.0
2021.02.12 114107,30.0,9.0,27.282927846153843,-3.3912051709401703,-34.773199461538454,-0.2672936554957265,0.48545956239316235,9.751014615384616,0.000853756753632479,-0.0015487582855128208,0.005986014061794871,-0.04975249732916167,0.0274175313663565,-1.6321462698471851,1016.6291451282051,-100.0,-100.0,-77.0,-100.0,-48.0,-79.0,-100.0,-80.0,-100.0,-47.0,-57.0,-78.0,-100.0,-100.0,-82.0,-90.0,-69.0,-80.0,-75.0,-84.0,-67.0,-76.0,-68.0,-79.0,-83.0,-56.0,-72.0,-69.0,-100.0,-83.0,-75.0,-84.0,-67.0,-77.0,-68.0,-80.0,-83.0,-56.0,-72.0,-72.0,-80.0,-69.0,-79.0,-67.0,-78.0,-82.0,-68.0,-83.0,-71.0,-81.0,-69.0,-78.0,-67.0,-78.0,-82.0,-68.0,-82.0,-100.0,-100.0,-100.0,-100.0,-100.0,-83.0,-100.0,-100.0,-77.0,-77.0,-86.0,-100.0,-100.0,-57.0,-100.0,-100.0,-100.0,-100.0,-100.0,-100.0,-100.0,-100.0,-100.0,-100.0,-100.0,-100.0,-100.0,-100.0,-100.0,-100.0,-100.0,-100.0,-100.0,-100.0,-100.0,-100.0,-100.0,-100.0,-100.0,-100.0,-100.0,-100.0,-100.0,-100.0,-100.0,-100.0,-100.0,-100.0,-100.0,-100.0,-100.0,-100.0,-100.0,-100.0
2021.02.12 114119,31.0,9.0,30.909899852173915,-5.036778427826087,-33.517628800000004,-0.22792777829565217,0.5312458726956522,9.755620104347825,0.003728583299391304,-0.0037036218840869562,0.008386222616521737,-0.05439309830898819,0.023374804115408754,-1.6754929096802422,1016.6288828695654,-100.0,-100.0,-82.0,-85.0,-50.0,-80.0,-87.0,-82.0,-86.0,-50.0,-58.0,-80.0,-87.0,-100.0,-100.0,-100.0,-71.0,-81.0,-78.0,-100.0,-70.0,-83.0,-73.0,-82.0,-86.0,-62.0,-76.0,-71.0,-81.0,-88.0,-78.0,-100.0,-70.0,-83.0,-74.0,-100.0,-100.0,-61.0,-76.0,-69.0,-78.0,-73.0,-82.0,-71.0,-77.0,-100.0,-72.0,-81.0,-69.0,-77.0,-73.0,-83.0,-71.0,-77.0,-100.0,-73.0,-81.0,-100.0,-100.0,-100.0,-90.0,-100.0,-88.0,-90.0,-100.0,-82.0,-82.0,-87.0,-100.0,-100.0,-58.0,-100.0,-100.0,-100.0,-100.0,-100.0,-100.0,-100.0,-100.0,-100.0,-100.0,-100.0,-100.0,-100.0,-100.0,-100.0,-100.0,-100.0,-100.0,-100.0,-100.0,-100.0,-100.0,-100.0,-100.0,-100.0,-100.0,-100.0,-100.0,-100.0,-100.0,-100.0,-100.0,-100.0,-100.0,-100.0,-100.0,-100.0,-100.0,-100.0,-100.0
2021.02.12 114226,35.0,9.0,26.159665788990832,-7.466811608256881,-32.984745999999994,-0.2214456915765137,0.4469008776146789,9.756698041284405,0.004052697907779817,-0.004660534582110091,0.004737564699449541,-0.04576306520115342,0.022698849111735565,-1.7998270660365394,1016.5964304587154,-100.0,-100.0,-66.0,-100.0,-58.0,-100.0,-100.0,-67.0,-81.0,-63.0,-88.0,-76.0,-100.0,-100.0,-100.0,-100.0,-70.0,-78.0,-83.0,-100.0,-78.0,-100.0,-65.0,-100.0,-100.0,-68.0,-84.0,-69.0,-79.0,-81.0,-100.0,-100.0,-76.0,-89.0,-66.0,-100.0,-100.0,-68.0,-84.0,-69.0,-81.0,-73.0,-89.0,-76.0,-88.0,-100.0,-78.0,-100.0,-69.0,-81.0,-72.0,-100.0,-75.0,-87.0,-100.0,-77.0,-100.0,-100.0,-100.0,-100.0,-92.0,-100.0,-81.0,-90.0,-100.0,-76.0,-74.0,-100.0,-100.0,-100.0,-86.0,-100.0,-100.0,-100.0,-100.0,-100.0,-100.0,-100.0,-100.0,-100.0,-100.0,-100.0,-100.0,-82.0,-80.0,-82.0,-77.0,-78.0,-85.0,-87.0,-81.0,-100.0,-100.0,-100.0,-100.0,-100.0,-100.0,-100.0,-100.0,-100.0,-100.0,-100.0,-100.0,-100.0,-100.0,-100.0,-100.0,-100.0,-100.0,-100.0,-100.0
2021.02.12 114241,36.0,9.0,31.439043556521742,-10.408892191304348,-32.51963357391304,-0.14940586297130434,0.6324720809565217,9.741135965217389,0.0025922798175652163,-0.0013350281401739135,-0.0034218562932347833,-0.06483388151163637,0.015333612376074869,-1.8314475930255392,1016.5933746956521,-100.0,-100.0,-79.0,-78.0,-68.0,-82.0,-100.0,-80.0,-79.0,-67.0,-71.0,-83.0,-100.0,-100.0,-100.0,-100.0,-74.0,-85.0,-86.0,-100.0,-84.0,-88.0,-77.0,-100.0,-100.0,-72.0,-84.0,-73.0,-85.0,-100.0,-100.0,-100.0,-100.0,-89.0,-76.0,-89.0,-100.0,-72.0,-83.0,-68.0,-81.0,-79.0,-100.0,-80.0,-84.0,-100.0,-100.0,-100.0,-68.0,-82.0,-79.0,-100.0,-81.0,-84.0,-100.0,-100.0,-100.0,-100.0,-100.0,-100.0,-100.0,-100.0,-100.0,-100.0,-100.0,-86.0,-85.0,-100.0,-100.0,-100.0,-70.0,-100.0,-100.0,-100.0,-100.0,-100.0,-100.0,-100.0,-100.0,-100.0,-100.0,-100.0,-100.0,-87.0,-92.0,-90.0,-84.0,-100.0,-100.0,-100.0,-100.0,-85.0,-85.0,-86.0,-85.0,-89.0,-100.0,-100.0,-100.0,-100.0,-100.0,-100.0,-100.0,-100.0,-100.0,-100.0,-100.0,-100.0,-100.0,-100.0,-100.0
2021.02.12 114259,36.0,10.0,9.666140089256197,16.77880914876033,-37.67896014049587,-0.3210347284297521,0.5906323652892562,9.744941545454544,0.000764548103636364,-0.0014390830457851245,-0.007937159772892562,-0.060514030562452005,0.032907884362084396,-0.4162451644574315,1016.5817407438017,-100.0,-100.0,-77.0,-79.0,-69.0,-100.0,-100.0,-100.0,-79.0,-68.0,-76.0,-100.0,-100.0,-100.0,-100.0,-100.0,-77.0,-88.0,-87.0,-100.0,-83.0,-89.0,-75.0,-100.0,-100.0,-74.0,-82.0,-77.0,-88.0,-90.0,-88.0,-100.0,-83.0,-89.0,-75.0,-88.0,-100.0,-75.0,-82.0,-74.0,-82.0,-84.0,-86.0,-82.0,-87.0,-100.0,-80.0,-100.0,-73.0,-82.0,-84.0,-87.0,-84.0,-87.0,-100.0,-79.0,-100.0,-100.0,-100.0,-100.0,-90.0,-100.0,-100.0,-100.0,-100.0,-100.0,-100.0,-100.0,-100.0,-100.0,-76.0,-100.0,-100.0,-100.0,-100.0,-100.0,-100.0,-100.0,-100.0,-100.0,-100.0,-100.0,-87.0,-100.0,-100.0,-100.0,-85.0,-100.0,-100.0,-100.0,-100.0,-100.0,-85.0,-100.0,-87.0,-89.0,-100.0,-100.0,-100.0,-100.0,-100.0,-100.0,-100.0,-100.0,-100.0,-100.0,-100.0,-100.0,-100.0,-100.0,-100.0
2021.02.12 114313,36.0,11.0,6.285507469230769,15.699347888888887,-39.782039931623935,-0.19933438723931626,0.6421483385470085,9.748733517094019,0.005227205717649574,-0.0017592425049230776,-0.0032411178106837592,-0.06570118744101403,0.020293682731059144,-0.2917349634644313,1016.5740852991453,-100.0,-100.0,-59.0,-84.0,-59.0,-79.0,-100.0,-60.0,-84.0,-67.0,-100.0,-79.0,-100.0,-100.0,-100.0,-100.0,-73.0,-100.0,-100.0,-100.0,-100.0,-100.0,-62.0,-100.0,-100.0,-66.0,-86.0,-75.0,-100.0,-100.0,-100.0,-100.0,-100.0,-100.0,-63.0,-100.0,-100.0,-68.0,-87.0,-78.0,-82.0,-100.0,-87.0,-74.0,-100.0,-100.0,-74.0,-100.0,-74.0,-83.0,-100.0,-87.0,-73.0,-100.0,-100.0,-75.0,-100.0,-100.0,-100.0,-100.0,-100.0,-100.0,-78.0,-100.0,-100.0,-100.0,-100.0,-100.0,-100.0,-100.0,-100.0,-100.0,-100.0,-100.0,-100.0,-100.0,-100.0,-100.0,-100.0,-100.0,-100.0,-100.0,-100.0,-78.0,-100.0,-100.0,-100.0,-100.0,-81.0,-100.0,-100.0,-100.0,-91.0,-100.0,-90.0,-100.0,-82.0,-81.0,-100.0,-100.0,-100.0,-100.0,-100.0,-100.0,-100.0,-100.0,-100.0,-100.0,-100.0,-100.0,-100.0
2021.02.12 114325,36.0,12.0,4.486387586206896,15.07799889224138,-40.284454801724145,-0.11538398201120689,0.6078655548275862,9.748732780172414,0.0015935514862931031,-0.0012141173621034484,-0.003829906682586207,-0.06228591549884652,0.011837367012801716,-0.22442807372787904,1016.568376637931,-100.0,-100.0,-66.0,-100.0,-62.0,-100.0,-100.0,-65.0,-100.0,-61.0,-100.0,-100.0,-100.0,-100.0,-100.0,-100.0,-72.0,-100.0,-100.0,-100.0,-100.0,-100.0,-68.0,-100.0,-100.0,-71.0,-100.0,-71.0,-100.0,-77.0,-100.0,-100.0,-100.0,-100.0,-73.0,-100.0,-100.0,-72.0,-89.0,-68.0,-83.0,-76.0,-100.0,-80.0,-100.0,-100.0,-81.0,-100.0,-66.0,-84.0,-100.0,-100.0,-81.0,-100.0,-100.0,-100.0,-100.0,-100.0,-100.0,-100.0,-100.0,-100.0,-76.0,-100.0,-100.0,-100.0,-100.0,-100.0,-100.0,-100.0,-100.0,-100.0,-100.0,-100.0,-100.0,-100.0,-100.0,-100.0,-100.0,-89.0,-88.0,-100.0,-80.0,-80.0,-100.0,-100.0,-100.0,-100.0,-84.0,-100.0,-100.0,-100.0,-86.0,-100.0,-100.0,-100.0,-82.0,-80.0,-83.0,-90.0,-81.0,-82.0,-100.0,-100.0,-100.0,-100.0,-100.0,-100.0,-100.0,-100.0,-100.0
2021.02.12 114337,36.0,13.0,6.6623237525,16.1642411125,-41.59783361666667,-0.0720653482375,0.5320719926666667,9.754906762500003,0.002960333804041666,-0.0018485097751666662,-0.0032001029229999996,-0.054501659411471295,0.0073217637024450884,-0.3326655615742008,1016.5685431666667,-100.0,-100.0,-75.0,-79.0,-68.0,-100.0,-100.0,-74.0,-79.0,-67.0,-86.0,-100.0,-100.0,-100.0,-100.0,-100.0,-85.0,-88.0,-100.0,-100.0,-84.0,-100.0,-68.0,-100.0,-100.0,-78.0,-100.0,-100.0,-100.0,-100.0,-100.0,-100.0,-84.0,-100.0,-68.0,-100.0,-100.0,-78.0,-100.0,-70.0,-86.0,-87.0,-100.0,-100.0,-100.0,-100.0,-100.0,-100.0,-70.0,-86.0,-86.0,-100.0,-87.0,-100.0,-100.0,-88.0,-100.0,-100.0,-100.0,-100.0,-100.0,-100.0,-85.0,-100.0,-100.0,-89.0,-90.0,-100.0,-100.0,-100.0,-85.0,-100.0,-100.0,-100.0,-100.0,-100.0,-100.0,-100.0,-100.0,-80.0,-80.0,-100.0,-100.0,-100.0,-100.0,-100.0,-100.0,-90.0,-100.0,-100.0,-100.0,-88.0,-84.0,-88.0,-85.0,-89.0,-100.0,-88.0,-100.0,-100.0,-100.0,-100.0,-100.0,-100.0,-100.0,-100.0,-100.0,-100.0,-100.0,-100.0,-100.0
2021.02.12 114349,36.0,14.0,8.214458966666667,16.035524880341878,-45.37343352991454,-0.05900741903008545,0.45734612555555554,9.75464821794872,0.0022195529249572654,-0.0024496879006837605,-0.0031781052817094007,-0.046900934754655864,0.006052869895472357,-0.41250430391385007,1016.5664189743593,-100.0,-100.0,-68.0,-100.0,-75.0,-100.0,-100.0,-69.0,-100.0,-75.0,-82.0,-100.0,-100.0,-100.0,-100.0,-100.0,-84.0,-100.0,-100.0,-100.0,-100.0,-100.0,-64.0,-100.0,-100.0,-83.0,-100.0,-83.0,-100.0,-86.0,-100.0,-100.0,-100.0,-100.0,-64.0,-100.0,-100.0,-85.0,-100.0,-71.0,-88.0,-86.0,-100.0,-88.0,-100.0,-100.0,-100.0,-100.0,-72.0,-88.0,-100.0,-100.0,-100.0,-100.0,-100.0,-84.0,-100.0,-100.0,-100.0,-100.0,-100.0,-100.0,-85.0,-100.0,-100.0,-100.0,-100.0,-100.0,-100.0,-100.0,-82.0,-100.0,-100.0,-100.0,-100.0,-100.0,-100.0,-100.0,-100.0,-83.0,-83.0,-100.0,-100.0,-100.0,-89.0,-90.0,-100.0,-100.0,-100.0,-100.0,-100.0,-83.0,-86.0,-83.0,-85.0,-100.0,-100.0,-100.0,-100.0,-100.0,-100.0,-100.0,-100.0,-100.0,-100.0,-100.0,-100.0,-100.0,-100.0,-100.0,-100.0
2021.02.12 114401,36.0,15.0,7.976886690833334,16.2171266875,-47.649417541666665,-0.18933096003083336,0.4812682733333334,9.751319604166667,0.0007052415930833328,-0.00045124070333916604,-0.004808457119833335,-0.049320374475792,0.01942177022331933,-0.362868008390069,1016.5576544166669,-100.0,-100.0,-72.0,-78.0,-77.0,-89.0,-100.0,-72.0,-78.0,-78.0,-100.0,-89.0,-100.0,-100.0,-100.0,-100.0,-82.0,-100.0,-88.0,-100.0,-82.0,-100.0,-73.0,-100.0,-100.0,-80.0,-100.0,-82.0,-100.0,-100.0,-88.0,-100.0,-84.0,-100.0,-74.0,-100.0,-100.0,-80.0,-100.0,-71.0,-82.0,-82.0,-100.0,-90.0,-100.0,-100.0,-100.0,-100.0,-70.0,-83.0,-84.0,-100.0,-100.0,-100.0,-100.0,-100.0,-100.0,-100.0,-100.0,-100.0,-100.0,-100.0,-88.0,-100.0,-100.0,-91.0,-100.0,-89.0,-100.0,-100.0,-100.0,-100.0,-100.0,-100.0,-100.0,-100.0,-100.0,-100.0,-100.0,-87.0,-87.0,-100.0,-85.0,-100.0,-100.0,-100.0,-78.0,-100.0,-100.0,-100.0,-100.0,-82.0,-85.0,-81.0,-84.0,-100.0,-100.0,-100.0,-100.0,-100.0,-100.0,-100.0,-86.0,-76.0,-87.0,-91.0,-90.0,-100.0,-100.0,-100.0,-100.0
2021.02.12 114413,36.0,16.0,6.093069710169493,17.52461602542373,-47.690607110169495,-0.1640243935423729,0.3831036372881356,9.754255050847458,0.0008373140584745767,-0.00036454577366101695,-0.0037224717050677964,-0.039269373689036206,0.016813119719499454,-0.2664969606419741,1016.5539973728816,-100.0,-100.0,-68.0,-75.0,-80.0,-100.0,-100.0,-67.0,-75.0,-79.0,-85.0,-100.0,-100.0,-100.0,-100.0,-100.0,-86.0,-88.0,-88.0,-100.0,-79.0,-100.0,-75.0,-100.0,-100.0,-82.0,-100.0,-85.0,-89.0,-90.0,-87.0,-100.0,-81.0,-100.0,-75.0,-100.0,-100.0,-81.0,-100.0,-73.0,-79.0,-85.0,-100.0,-86.0,-100.0,-100.0,-83.0,-100.0,-73.0,-79.0,-86.0,-100.0,-86.0,-100.0,-100.0,-83.0,-100.0,-100.0,-100.0,-100.0,-100.0,-100.0,-91.0,-100.0,-100.0,-100.0,-100.0,-100.0,-100.0,-100.0,-84.0,-100.0,-86.0,-100.0,-100.0,-100.0,-100.0,-100.0,-100.0,-100.0,-100.0,-100.0,-100.0,-100.0,-100.0,-100.0,-100.0,-100.0,-100.0,-94.0,-89.0,-83.0,-84.0,-84.0,-85.0,-100.0,-100.0,-100.0,-100.0,-100.0,-100.0,-100.0,-100.0,-100.0,-100.0,-100.0,-100.0,-92.0,-90.0,-100.0,-100.0
2021.02.12 114438,36.0,18.0,9.456661186363638,17.229877499999997,-44.89337,-0.1675812448090909,0.47295802363636363,9.758068468181822,0.0032353673709090906,-0.0017549604700363634,-0.006876677873763635,-0.04844846246256065,0.017168484578459396,-0.42084010568532076,1016.5424274545455,-100.0,-100.0,-62.0,-80.0,-75.0,-100.0,-100.0,-61.0,-81.0,-75.0,-100.0,-100.0,-100.0,-100.0,-100.0,-100.0,-81.0,-83.0,-100.0,-100.0,-78.0,-100.0,-77.0,-100.0,-100.0,-82.0,-100.0,-100.0,-100.0,-82.0,-100.0,-100.0,-78.0,-100.0,-77.0,-100.0,-100.0,-82.0,-100.0,-48.0,-86.0,-69.0,-100.0,-100.0,-100.0,-100.0,-100.0,-100.0,-69.0,-85.0,-70.0,-100.0,-85.0,-100.0,-100.0,-83.0,-100.0,-100.0,-100.0,-100.0,-100.0,-100.0,-80.0,-100.0,-100.0,-100.0,-82.0,-82.0,-100.0,-100.0,-100.0,-100.0,-100.0,-100.0,-100.0,-100.0,-100.0,-100.0,-100.0,-100.0,-100.0,-100.0,-80.0,-100.0,-100.0,-100.0,-100.0,-100.0,-100.0,-100.0,-100.0,-79.0,-84.0,-81.0,-83.0,-100.0,-81.0,-100.0,-82.0,-100.0,-100.0,-100.0,-80.0,-100.0,-79.0,-100.0,-100.0,-100.0,-100.0,-81.0,-81.0
