Timestamp,True_X,True_Y,Mean_Mag_x,Mean_Mag_y,Mean_Mag_z,Mean_Acc_x,Mean_Acc_y,Mean_Acc_z,Mean_Gyro_x,Mean_Gyro_y,Mean_Gyro_z,Mean_Orn_x,Mean_Orn_y,Mean_Orn_z,Mean_Pressure,00:1a:cs:a0:de:04,00:1a:cs:a0:de:12,00:1a:cs:a0:de:16,00:1a:cs:a0:de:18,00:1a:cs:a0:de:19,00:1a:cs:a0:de:29,00:1a:cs:a0:de:34,00:1a:cs:a0:de:39,00:1a:cs:a0:de:56,00:1a:cs:a0:de:57,00:1a:cs:a0:de:58,00:1a:cs:a0:de:59,00:1a:cs:a0:de:63,00:1a:cs:a0:de:64,00:1a:cs:a0:de:70,00:1a:cs:a0:de:72,00:1a:cs:a0:de:73,00:1a:cs:a0:de:74,00:1a:cs:a0:de:75,00:1a:cs:a0:de:76,00:1a:cs:a0:de:77,00:1a:cs:a0:de:78,00:1a:cs:a0:de:79,00:1a:cs:a0:de:80,00:1a:cs:a0:de:81,00:1a:cs:a0:de:82,00:1a:cs:a0:de:83,00:1a:cs:a0:de:86,00:1a:cs:a0:de:88,00:1a:cs:a0:de:95,00:1a:cs:a0:de:97,00:1a:cs:a0:de:98,00:1a:cs:a0:df:02,00:1a:cs:a0:df:03,00:1a:cs:a0:df:09,00:1a:cs:a0:df:11,00:1a:cs:a0:df:12,00:1a:cs:a0:df:13,00:1a:cs:a0:df:14,00:1a:cs:a0:df:15,00:1a:cs:a0:df:16,00:1a:cs:a0:df:17,00:1a:cs:a0:df:18,00:1a:cs:a0:df:19,00:1a:cs:a0:df:20,00:1a:cs:a0:df:21,00:1a:cs:a0:df:22,00:1a:cs:a0:df:25,00:1a:cs:a0:df:27,00:1a:cs:a0:df:34,00:1a:cs:a0:df:36,00:1a:cs:a0:df:37,00:1a:cs:a0:de:05,00:1a:cs:a0:de:07,00:1a:cs:a0:de:08,00:1a:cs:a0:de:11,00:1a:cs:a0:de:24,00:1a:cs:a0:de:28,00:1a:cs:a0:de:36,00:1a:cs:a0:de:37,00:1a:cs:a0:de:40,00:1a:cs:a0:de:48,00:1a:cs:a0:de:61,00:1a:cs:a0:de:62,00:1a:cs:a0:de:65,00:1a:cs:a0:de:66,00:1a:cs:a0:de:67,00:1a:cs:a0:de:71,00:1a:cs:a0:de:84,00:1a:cs:a0:de:85,00:1a:cs:a0:de:87,00:1a:cs:a0:de:89,00:1a:cs:a0:de:90,00:1a:cs:a0:de:91,00:1a:cs:a0:de:92,00:1a:cs:a0:de:93,00:1a:cs:a0:de:94,00:1a:cs:a0:de:96,00:1a:cs:a0:de:99,00:1a:cs:a0:df:01,00:1a:cs:a0:df:04,00:1a:cs:a0:df:05,00:1a:cs:a0:df:06,00:1a:cs:a0:df:08,00:1a:cs:a0:df:10,00:1a:cs:a0:df:23,00:1a:cs:a0:df:24,00:1a:cs:a0:df:26,00:1a:cs:a0:df:28,00:1a:cs:a0:df:29,00:1a:cs:a0:df:30,00:1a:cs:a0:df:32,00:1a:cs:a0:df:33,00:1a:cs:a0:df:35,f0:b0:52:11:13:4c,f0:b0:52:11:14:8c,f0:b0:52:51:13:4c,f0:b0:52:51:14:8c,00:1a:cs:a0:de:25,00:1a:cs:a0:de:33,00:1a:cs:a0:de:44,00:1a:cs:a0:de:68,00:1a:cs:a0:de:69,00:1a:cs:a0:df:07,00:1a:cs:a0:de:01,00:1a:cs:a0:de:32,00:1a:cs:a0:de:47,00:1a:cs:a0:df:31,00:1a:cs:a0:de:15,00:1a:cs:a0:de:60,f0:b0:52:29:88:9c,f0:b0:52:69:88:9c,00:1a:cs:a0:de:30,00:1a:cs:a0:de:38,00:1a:cs:a0:de:46,00:1a:cs:a0:de:51,00:1a:cs:a0:de:02,00:1a:cs:a0:de:03,00:1a:cs:a0:de:23,00:1a:cs:a0:de:27,00:1a:cs:a0:de:31,00:1a:cs:a0:de:49,00:1a:cs:a0:de:54,00:1a:cs:a0:de:55,00:1a:cs:a0:de:45,00:1a:cs:a0:de:13,f0:b0:52:2a:1f:ac,00:1a:cs:a0:de:26,90:9f:33:a4:06:5e,c4:12:f5:a9:c3:20,00:1a:cs:a0:de:17,00:1a:cs:a0:de:20,00:1a:cs:a0:de:41,00:1a:cs:a0:de:35,00:1a:cs:a0:de:52,00:1a:cs:a0:de:53
2021.02.11 151939,43.0,24.0,29.200353592920354,-0.4715044128318584,-47.03097281415929,-0.05210037217345132,0.9178903184070797,9.670752615044245,-0.0031462268570796445,-0.008022336131415928,-0.0016325780508849555,-0.09473246372247161,0.005410559026949483,-1.4335628684643096,1018.5135008849555,-71.0,-82.0,-76.0,-85.0,-77.0,-76.0,-79.0,-76.0,-39.0,-45.0,-54.0,-66.0,-61.0,-75.0,-86.0,-59.0,-66.0,-52.0,-66.0,-58.0,-83.0,-52.0,-62.0,-59.0,-72.0,-50.0,-87.0,-81.0,-80.0,-84.0,-58.0,-74.0,-62.0,-78.0,-86.0,-59.0,-65.0,-53.0,-66.0,-58.0,-83.0,-51.0,-62.0,-60.0,-73.0,-50.0,-86.0,-81.0,-80.0,-84.0,-59.0,-73.0,-100.0,-100.0,-100.0,-100.0,-100.0,-100.0,-100.0,-100.0,-100.0,-100.0,-100.0,-100.0,-100.0,-100.0,-100.0,-100.0,-100.0,-100.0,-100.0,-100.0,-100.0,-100.0,-100.0,-100.0,-100.0,-100.0,-100.0,-100.0,-100.0,-100.0,-100.0,-100.0,-100.0,-100.0,-100.0,-100.0,-100.0,-100.0,-100.0,-100.0,-100.0,-100.0,-100.0,-100.0,-100.0,-100.0,-100.0,-100.0,-100.0,-100.0,-100.0,-100.0,-100.0,-100.0,-100.0,-100.0,-100.0,-100.0,-100.0,-100.0,-100.0,-100.0,-100.0,-100.0,-100.0,-100.0,-100.0,-100.0,-100.0,-100.0,-100.0,-100.0,-100.0,-100.0,-100.0,-100.0,-100.0,-100.0,-100.0,-100.0,-100.0,-100.0,-100.0,-100.0
2021.02.11 151956,44.0,24.0,31.801439624,0.7574399818399999,-48.788159367999995,-0.171252459752,0.74400296312,9.673379248,0.0049504520436,-0.0068368039624,-0.0035918877388000005,-0.0768091146945953,0.017659379940712785,-1.4248147640228273,1018.51709344,-100.0,-100.0,-100.0,-100.0,-100.0,-100.0,-80.0,-63.0,-73.0,-100.0,-66.0,-82.0,-48.0,-59.0,-59.0,-100.0,-100.0,-100.0,-100.0,-100.0,-100.0,-71.0,-100.0,-100.0,-100.0,-66.0,-100.0,-66.0,-60.0,-57.0,-100.0,-100.0,-49.0,-59.0,-55.0,-100.0,-100.0,-100.0,-100.0,-100.0,-100.0,-66.0,-100.0,-100.0,-100.0,-61.0,-100.0,-100.0,-60.0,-57.0,-100.0,-100.0,-80.0,-54.0,-59.0,-56.0,-75.0,-86.0,-57.0,-78.0,-81.0,-56.0,-57.0,-78.0,-67.0,-53.0,-62.0,-72.0,-42.0,-59.0,-73.0,-82.0,-53.0,-70.0,-80.0,-58.0,-87.0,-75.0,-56.0,-79.0,-66.0,-54.0,-63.0,-76.0,-72.0,-41.0,-60.0,-73.0,-85.0,-57.0,-69.0,-58.0,-87.0,-75.0,-88.0,-90.0,-88.0,-90.0,-100.0,-100.0,-100.0,-100.0,-100.0,-100.0,-100.0,-100.0,-100.0,-100.0,-100.0,-100.0,-100.0,-100.0,-100.0,-100.0,-100.0,-100.0,-100.0,-100.0,-100.0,-100.0,-100.0,-100.0,-100.0,-100.0,-100.0,-100.0,-100.0,-100.0,-100.0,-100.0,-100.0,-100.0,-100.0,-100.0,-100.0,-100.0
2021.02.11 152007,45.0,24.0,32.148174583941596,3.203649584671533,-48.65605767153285,-0.18110300960364964,0.9580826259124089,9.644683302919708,0.005872332505839417,-0.0073080885627737225,-0.0023007772733576637,-0.09899351821981203,0.01879786891745056,-1.3180429100120155,1018.507963138686,-100.0,-100.0,-100.0,-100.0,-100.0,-100.0,-100.0,-63.0,-75.0,-100.0,-66.0,-83.0,-43.0,-62.0,-59.0,-100.0,-100.0,-75.0,-100.0,-100.0,-100.0,-71.0,-100.0,-100.0,-100.0,-66.0,-100.0,-63.0,-61.0,-57.0,-100.0,-100.0,-43.0,-61.0,-61.0,-100.0,-100.0,-75.0,-100.0,-100.0,-100.0,-100.0,-100.0,-100.0,-100.0,-65.0,-100.0,-65.0,-60.0,-57.0,-100.0,-100.0,-78.0,-57.0,-67.0,-53.0,-100.0,-100.0,-57.0,-78.0,-84.0,-63.0,-56.0,-76.0,-69.0,-54.0,-65.0,-72.0,-45.0,-58.0,-70.0,-83.0,-60.0,-69.0,-100.0,-63.0,-76.0,-73.0,-56.0,-77.0,-67.0,-54.0,-65.0,-73.0,-72.0,-45.0,-54.0,-72.0,-84.0,-58.0,-68.0,-63.0,-75.0,-73.0,-88.0,-100.0,-87.0,-100.0,-77.0,-78.0,-71.0,-81.0,-76.0,-82.0,-100.0,-100.0,-100.0,-100.0,-100.0,-100.0,-100.0,-100.0,-100.0,-100.0,-100.0,-100.0,-100.0,-100.0,-100.0,-100.0,-100.0,-100.0,-100.0,-100.0,-100.0,-100.0,-100.0,-100.0,-100.0,-100.0,-100.0,-100.0,-100.0,-100.0,-100.0,-100.0
2021.02.11 152027,45.0,23.0,14.565109218978101,-26.730218664233576,-40.877517613138686,-0.15448717607737228,0.7996633690510949,9.672837014598539,0.009501852707664234,-0.006478738687591242,-0.0027511231018248184,-0.08253151038321695,0.016072620409982676,-2.6031104822228426,1018.510798321168,-100.0,-100.0,-100.0,-100.0,-100.0,-100.0,-100.0,-62.0,-72.0,-100.0,-64.0,-75.0,-47.0,-60.0,-64.0,-100.0,-100.0,-72.0,-88.0,-100.0,-100.0,-100.0,-100.0,-100.0,-100.0,-67.0,-100.0,-65.0,-60.0,-58.0,-100.0,-100.0,-45.0,-60.0,-65.0,-100.0,-100.0,-72.0,-87.0,-100.0,-100.0,-100.0,-100.0,-100.0,-100.0,-69.0,-100.0,-64.0,-56.0,-58.0,-100.0,-100.0,-69.0,-64.0,-69.0,-57.0,-81.0,-100.0,-100.0,-79.0,-82.0,-60.0,-57.0,-82.0,-75.0,-51.0,-57.0,-71.0,-40.0,-47.0,-65.0,-77.0,-57.0,-71.0,-78.0,-70.0,-78.0,-80.0,-57.0,-85.0,-100.0,-51.0,-58.0,-100.0,-72.0,-40.0,-47.0,-65.0,-78.0,-56.0,-73.0,-70.0,-78.0,-78.0,-87.0,-100.0,-90.0,-100.0,-76.0,-100.0,-100.0,-78.0,-74.0,-80.0,-71.0,-74.0,-79.0,-75.0,-100.0,-100.0,-100.0,-100.0,-100.0,-100.0,-100.0,-100.0,-100.0,-100.0,-100.0,-100.0,-100.0,-100.0,-100.0,-100.0,-100.0,-100.0,-100.0,-100.0,-100.0,-100.0,-100.0,-100.0,-100.0,-100.0,-100.0,-100.0
2021.02.11 152142,45.0,17.0,7.817727140151516,-14.962726950757576,-30.223636,-0.35216530365151516,0.5945056787121211,9.676964238636364,0.008741851860227273,-0.003632797108333333,0.0034893362481060604,-0.061370467626009874,0.036400058747720725,-2.667382787574421,1018.4798112121211,-100.0,-100.0,-100.0,-100.0,-100.0,-100.0,-100.0,-66.0,-75.0,-90.0,-71.0,-100.0,-56.0,-60.0,-100.0,-100.0,-100.0,-79.0,-100.0,-100.0,-100.0,-79.0,-100.0,-100.0,-100.0,-81.0,-100.0,-100.0,-63.0,-58.0,-100.0,-100.0,-56.0,-60.0,-68.0,-100.0,-100.0,-81.0,-100.0,-100.0,-100.0,-80.0,-100.0,-100.0,-100.0,-80.0,-100.0,-100.0,-62.0,-57.0,-100.0,-100.0,-72.0,-68.0,-71.0,-59.0,-85.0,-100.0,-58.0,-82.0,-83.0,-48.0,-63.0,-86.0,-100.0,-57.0,-63.0,-69.0,-100.0,-56.0,-80.0,-84.0,-54.0,-67.0,-100.0,-100.0,-77.0,-74.0,-62.0,-86.0,-100.0,-57.0,-63.0,-71.0,-68.0,-60.0,-55.0,-80.0,-85.0,-55.0,-67.0,-100.0,-74.0,-74.0,-100.0,-100.0,-100.0,-100.0,-100.0,-78.0,-65.0,-100.0,-72.0,-100.0,-61.0,-70.0,-78.0,-100.0,-86.0,-88.0,-90.0,-88.0,-100.0,-100.0,-100.0,-100.0,-100.0,-100.0,-100.0,-100.0,-100.0,-100.0,-100.0,-100.0,-100.0,-100.0,-100.0,-100.0,-100.0,-100.0,-100.0,-100.0,-100.0,-100.0,-100.0,-100.0
2021.02.11 152204,46.0,17.0,26.30842072368421,2.626578908552632,-34.584868046052634,-0.16868095978552633,0.7794229112499999,9.66191121381579,0.003484343037500001,-0.008262756097039473,-0.010256106038815788,-0.08052565201528758,0.017456098602116575,-1.3615766826428866,1018.467357631579,-100.0,-100.0,-78.0,-100.0,-100.0,-100.0,-81.0,-66.0,-100.0,-100.0,-100.0,-100.0,-73.0,-84.0,-76.0,-100.0,-100.0,-100.0,-100.0,-100.0,-100.0,-100.0,-100.0,-100.0,-100.0,-100.0,-100.0,-100.0,-72.0,-74.0,-100.0,-100.0,-100.0,-85.0,-77.0,-100.0,-100.0,-100.0,-100.0,-100.0,-100.0,-100.0,-100.0,-100.0,-100.0,-100.0,-100.0,-100.0,-73.0,-80.0,-100.0,-100.0,-76.0,-76.0,-100.0,-51.0,-100.0,-100.0,-100.0,-100.0,-100.0,-48.0,-66.0,-100.0,-100.0,-100.0,-77.0,-100.0,-48.0,-55.0,-100.0,-100.0,-52.0,-70.0,-100.0,-70.0,-100.0,-100.0,-71.0,-100.0,-85.0,-100.0,-78.0,-100.0,-100.0,-49.0,-56.0,-100.0,-100.0,-53.0,-70.0,-72.0,-100.0,-100.0,-100.0,-100.0,-100.0,-100.0,-100.0,-100.0,-73.0,-100.0,-100.0,-100.0,-100.0,-57.0,-69.0,-100.0,-100.0,-87.0,-100.0,-100.0,-70.0,-89.0,-89.0,-85.0,-100.0,-100.0,-100.0,-100.0,-100.0,-100.0,-100.0,-100.0,-100.0,-100.0,-100.0,-100.0,-100.0,-100.0,-100.0,-100.0,-100.0,-100.0,-100.0,-100.0
2021.02.11 152216,47.0,17.0,35.31559283050848,7.122711777966102,-29.811863957627118,-0.31035346798305097,0.775112651016949,9.669409597457628,0.005477080058474577,-0.005244122830932203,0.002231211262288135,-0.07998373634102988,0.03210890995164919,-1.2987990035849102,1018.4631205084747,-100.0,-100.0,-100.0,-100.0,-100.0,-100.0,-100.0,-61.0,-100.0,-100.0,-100.0,-100.0,-100.0,-82.0,-79.0,-100.0,-100.0,-100.0,-100.0,-100.0,-100.0,-100.0,-100.0,-100.0,-100.0,-100.0,-100.0,-86.0,-100.0,-71.0,-100.0,-100.0,-100.0,-82.0,-80.0,-100.0,-100.0,-100.0,-100.0,-100.0,-100.0,-100.0,-100.0,-100.0,-100.0,-100.0,-100.0,-86.0,-100.0,-70.0,-100.0,-100.0,-100.0,-72.0,-100.0,-53.0,-100.0,-78.0,-59.0,-100.0,-100.0,-56.0,-64.0,-100.0,-85.0,-56.0,-78.0,-100.0,-52.0,-61.0,-100.0,-100.0,-56.0,-67.0,-100.0,-69.0,-100.0,-100.0,-65.0,-100.0,-87.0,-56.0,-78.0,-100.0,-100.0,-53.0,-60.0,-100.0,-100.0,-56.0,-67.0,-70.0,-100.0,-100.0,-100.0,-100.0,-100.0,-100.0,-70.0,-81.0,-69.0,-100.0,-100.0,-100.0,-71.0,-72.0,-69.0,-100.0,-100.0,-100.0,-100.0,-100.0,-100.0,-100.0,-100.0,-85.0,-84.0,-90.0,-82.0,-88.0,-85.0,-78.0,-100.0,-100.0,-100.0,-100.0,-100.0,-100.0,-100.0,-100.0,-100.0,-100.0,-100.0,-100.0,-100.0,-100.0
2021.02.11 152228,47.0,18.0,-4.93770482295082,9.718032590163935,-31.952950450819674,-0.347767610057377,0.7528783109836066,9.677068893442623,0.00042560279795081905,-0.008552113392622952,-0.0017574894926229508,-0.07762677530895488,0.03593513175852776,0.4637268395697484,1018.4637019672131,-100.0,-100.0,-100.0,-100.0,-100.0,-100.0,-100.0,-65.0,-100.0,-100.0,-100.0,-100.0,-68.0,-85.0,-72.0,-100.0,-100.0,-100.0,-100.0,-100.0,-100.0,-100.0,-100.0,-100.0,-100.0,-100.0,-100.0,-100.0,-70.0,-100.0,-100.0,-100.0,-67.0,-86.0,-73.0,-100.0,-100.0,-100.0,-100.0,-100.0,-100.0,-100.0,-100.0,-100.0,-100.0,-100.0,-100.0,-100.0,-71.0,-100.0,-100.0,-100.0,-72.0,-79.0,-64.0,-58.0,-80.0,-100.0,-57.0,-81.0,-100.0,-53.0,-68.0,-100.0,-100.0,-59.0,-81.0,-100.0,-52.0,-58.0,-100.0,-100.0,-58.0,-67.0,-100.0,-77.0,-100.0,-88.0,-68.0,-100.0,-100.0,-58.0,-81.0,-100.0,-100.0,-52.0,-59.0,-100.0,-100.0,-59.0,-67.0,-76.0,-100.0,-90.0,-100.0,-100.0,-100.0,-100.0,-100.0,-81.0,-75.0,-100.0,-100.0,-100.0,-100.0,-64.0,-75.0,-100.0,-100.0,-100.0,-100.0,-100.0,-75.0,-100.0,-100.0,-100.0,-86.0,-100.0,-100.0,-100.0,-85.0,-79.0,-73.0,-86.0,-100.0,-100.0,-100.0,-100.0,-100.0,-100.0,-100.0,-100.0,-100.0,-100.0,-100.0,-100.0
2021.02.11 152348,50.0,21.0,29.53462151260505,-4.4495797655462175,-29.65562988235294,-0.2655350760756302,0.7535095968067226,9.674808075630253,0.007853981643697478,-0.00791044835462185,-0.0012576636752100838,-0.07776586335747179,0.0274560454564693,-1.6426934073953068,1018.4290574789916,-100.0,-100.0,-100.0,-100.0,-100.0,-100.0,-84.0,-70.0,-100.0,-100.0,-100.0,-100.0,-74.0,-74.0,-76.0,-100.0,-100.0,-100.0,-100.0,-100.0,-100.0,-100.0,-100.0,-100.0,-100.0,-100.0,-100.0,-84.0,-70.0,-68.0,-100.0,-100.0,-75.0,-75.0,-75.0,-100.0,-100.0,-100.0,-100.0,-100.0,-100.0,-100.0,-100.0,-100.0,-100.0,-100.0,-100.0,-83.0,-69.0,-68.0,-100.0,-100.0,-100.0,-74.0,-67.0,-65.0,-100.0,-100.0,-67.0,-100.0,-100.0,-44.0,-63.0,-100.0,-100.0,-63.0,-73.0,-82.0,-48.0,-55.0,-87.0,-100.0,-57.0,-69.0,-100.0,-73.0,-100.0,-100.0,-63.0,-90.0,-100.0,-59.0,-73.0,-100.0,-82.0,-51.0,-55.0,-88.0,-100.0,-56.0,-69.0,-100.0,-100.0,-100.0,-100.0,-100.0,-100.0,-100.0,-100.0,-100.0,-73.0,-100.0,-100.0,-100.0,-49.0,-61.0,-68.0,-100.0,-100.0,-100.0,-100.0,-100.0,-100.0,-100.0,-100.0,-100.0,-100.0,-100.0,-100.0,-100.0,-87.0,-100.0,-100.0,-100.0,-100.0,-100.0,-100.0,-100.0,-100.0,-100.0,-100.0,-100.0,-100.0,-100.0,-100.0,-100.0
2021.02.11 152440,50.0,22.0,2.044137908689655,21.659172179310346,-42.20813733793103,-0.15270053366551722,0.8912209431034482,9.66240364827586,0.0050006693886206904,-0.004111754866206896,0.00031175192862068835,-0.09203462718889627,0.01585954677269405,-0.05402384959040848,1018.3995240689654,-100.0,-100.0,-100.0,-100.0,-100.0,-100.0,-100.0,-63.0,-79.0,-100.0,-79.0,-100.0,-54.0,-81.0,-69.0,-100.0,-100.0,-100.0,-100.0,-100.0,-100.0,-100.0,-100.0,-100.0,-100.0,-100.0,-100.0,-85.0,-69.0,-74.0,-100.0,-100.0,-53.0,-84.0,-68.0,-100.0,-100.0,-100.0,-100.0,-100.0,-100.0,-100.0,-100.0,-100.0,-100.0,-100.0,-100.0,-100.0,-67.0,-72.0,-100.0,-100.0,-78.0,-74.0,-71.0,-100.0,-77.0,-100.0,-49.0,-72.0,-75.0,-57.0,-67.0,-87.0,-77.0,-65.0,-61.0,-80.0,-50.0,-60.0,-77.0,-84.0,-56.0,-62.0,-100.0,-68.0,-86.0,-87.0,-64.0,-86.0,-77.0,-65.0,-62.0,-100.0,-83.0,-51.0,-56.0,-78.0,-82.0,-56.0,-62.0,-67.0,-87.0,-87.0,-100.0,-100.0,-100.0,-100.0,-100.0,-89.0,-100.0,-100.0,-100.0,-100.0,-71.0,-62.0,-100.0,-100.0,-100.0,-100.0,-100.0,-100.0,-81.0,-100.0,-100.0,-100.0,-100.0,-100.0,-100.0,-100.0,-84.0,-75.0,-100.0,-81.0,-85.0,-100.0,-100.0,-100.0,-100.0,-100.0,-100.0,-100.0,-100.0,-100.0,-100.0,-100.0
2021.02.11 152451,50.0,23.0,6.151602945038168,25.63099203816794,-46.13541926717557,-0.3682318774503817,0.9119166991603054,9.671167549618323,0.007889953890076335,-0.010519938971755726,-0.001963162391221373,-0.09395894328601485,0.03814802601940584,-0.14597253751663755,1018.405091221374,-100.0,-100.0,-100.0,-100.0,-100.0,-100.0,-100.0,-63.0,-100.0,-100.0,-100.0,-100.0,-57.0,-77.0,-59.0,-100.0,-100.0,-100.0,-100.0,-100.0,-100.0,-100.0,-100.0,-100.0,-100.0,-100.0,-100.0,-100.0,-100.0,-58.0,-100.0,-100.0,-57.0,-78.0,-65.0,-100.0,-100.0,-100.0,-100.0,-100.0,-100.0,-100.0,-100.0,-100.0,-100.0,-100.0,-100.0,-100.0,-100.0,-59.0,-100.0,-100.0,-75.0,-72.0,-100.0,-58.0,-100.0,-100.0,-53.0,-72.0,-80.0,-55.0,-100.0,-77.0,-80.0,-100.0,-66.0,-81.0,-46.0,-52.0,-76.0,-83.0,-50.0,-71.0,-100.0,-67.0,-82.0,-80.0,-100.0,-78.0,-76.0,-100.0,-66.0,-73.0,-81.0,-48.0,-52.0,-76.0,-83.0,-48.0,-71.0,-67.0,-82.0,-81.0,-100.0,-100.0,-100.0,-100.0,-100.0,-100.0,-64.0,-100.0,-72.0,-100.0,-100.0,-66.0,-81.0,-100.0,-100.0,-100.0,-100.0,-100.0,-100.0,-100.0,-100.0,-100.0,-85.0,-100.0,-100.0,-100.0,-82.0,-100.0,-100.0,-100.0,-100.0,-100.0,-100.0,-100.0,-100.0,-100.0,-100.0,-100.0,-100.0,-100.0,-100.0,-100.0
2021.02.11 152504,50.0,24.0,38.48556451304347,-3.686608635652174,-44.45217325217392,-0.10846774694869565,0.8000381090434782,9.70486530869565,0.005115332323478261,-0.003001207565217391,0.004408853555217393,-0.08226142130468199,0.011232193377192863,-1.5703786487164704,1018.3993299130433,-100.0,-100.0,-100.0,-100.0,-100.0,-79.0,-100.0,-61.0,-76.0,-87.0,-70.0,-100.0,-54.0,-52.0,-56.0,-100.0,-100.0,-78.0,-100.0,-100.0,-100.0,-77.0,-100.0,-100.0,-100.0,-100.0,-100.0,-63.0,-61.0,-59.0,-100.0,-100.0,-55.0,-52.0,-56.0,-100.0,-100.0,-79.0,-100.0,-100.0,-100.0,-77.0,-100.0,-100.0,-100.0,-100.0,-100.0,-63.0,-60.0,-59.0,-100.0,-100.0,-100.0,-72.0,-67.0,-50.0,-100.0,-100.0,-62.0,-75.0,-86.0,-54.0,-57.0,-78.0,-67.0,-48.0,-61.0,-63.0,-39.0,-47.0,-64.0,-74.0,-54.0,-69.0,-80.0,-65.0,-82.0,-63.0,-56.0,-79.0,-68.0,-48.0,-60.0,-100.0,-62.0,-39.0,-48.0,-65.0,-73.0,-54.0,-72.0,-63.0,-82.0,-62.0,-100.0,-100.0,-100.0,-100.0,-100.0,-100.0,-100.0,-68.0,-100.0,-69.0,-100.0,-100.0,-76.0,-100.0,-100.0,-100.0,-100.0,-100.0,-83.0,-100.0,-100.0,-100.0,-100.0,-100.0,-100.0,-87.0,-100.0,-100.0,-100.0,-81.0,-88.0,-79.0,-90.0,-100.0,-100.0,-100.0,-100.0,-100.0,-100.0,-100.0,-100.0,-100.0
2021.02.11 152557,55.0,24.0,29.850243552845523,-0.39317072073170733,-35.79317041463415,-0.10927681531219513,0.5594451330894309,9.710220268292684,0.0059447618357723565,-0.005011081406910569,-0.0028258725585365856,-0.05756902431206,0.011297097594791429,-1.513498912012674,1018.4005053658536,-100.0,-81.0,-100.0,-100.0,-100.0,-76.0,-67.0,-50.0,-67.0,-100.0,-62.0,-81.0,-45.0,-53.0,-100.0,-100.0,-100.0,-100.0,-100.0,-100.0,-100.0,-70.0,-100.0,-100.0,-100.0,-78.0,-100.0,-66.0,-54.0,-59.0,-100.0,-100.0,-49.0,-53.0,-68.0,-100.0,-100.0,-100.0,-100.0,-100.0,-100.0,-100.0,-90.0,-100.0,-100.0,-78.0,-100.0,-66.0,-54.0,-59.0,-100.0,-100.0,-78.0,-82.0,-100.0,-56.0,-86.0,-100.0,-47.0,-72.0,-75.0,-57.0,-100.0,-100.0,-71.0,-59.0,-69.0,-73.0,-42.0,-50.0,-69.0,-72.0,-54.0,-66.0,-100.0,-70.0,-87.0,-64.0,-69.0,-100.0,-71.0,-59.0,-69.0,-80.0,-75.0,-42.0,-50.0,-68.0,-74.0,-52.0,-66.0,-69.0,-87.0,-64.0,-100.0,-100.0,-100.0,-100.0,-100.0,-100.0,-67.0,-100.0,-83.0,-100.0,-100.0,-64.0,-100.0,-100.0,-88.0,-100.0,-100.0,-100.0,-100.0,-100.0,-100.0,-90.0,-100.0,-100.0,-100.0,-100.0,-82.0,-100.0,-100.0,-75.0,-82.0,-100.0,-100.0,-100.0,-100.0,-100.0,-100.0,-100.0,-100.0,-100.0,-100.0,-100.0
2021.02.11 152642,59.0,24.0,32.47090871212121,1.5849999731818183,-30.640908553030304,-0.1793656101666667,0.31398504393939397,9.702157757575756,0.008376258011742424,-0.006409457246969697,-0.0018881291462121206,-0.03245856446411569,0.01847101906385043,-1.4895105361938477,1018.3886206818182,-100.0,-82.0,-100.0,-100.0,-100.0,-69.0,-68.0,-52.0,-62.0,-76.0,-100.0,-72.0,-42.0,-45.0,-100.0,-100.0,-100.0,-64.0,-88.0,-100.0,-100.0,-100.0,-87.0,-100.0,-100.0,-67.0,-100.0,-66.0,-43.0,-43.0,-100.0,-100.0,-42.0,-44.0,-100.0,-100.0,-100.0,-66.0,-90.0,-100.0,-100.0,-100.0,-100.0,-100.0,-100.0,-67.0,-100.0,-66.0,-45.0,-41.0,-100.0,-100.0,-100.0,-100.0,-100.0,-100.0,-100.0,-100.0,-48.0,-72.0,-63.0,-69.0,-75.0,-100.0,-77.0,-62.0,-68.0,-70.0,-71.0,-74.0,-67.0,-64.0,-70.0,-77.0,-100.0,-79.0,-100.0,-55.0,-74.0,-100.0,-74.0,-65.0,-70.0,-100.0,-71.0,-67.0,-73.0,-67.0,-64.0,-69.0,-78.0,-79.0,-100.0,-55.0,-100.0,-100.0,-100.0,-100.0,-100.0,-100.0,-63.0,-83.0,-80.0,-83.0,-100.0,-66.0,-100.0,-100.0,-100.0,-100.0,-100.0,-100.0,-100.0,-100.0,-100.0,-90.0,-100.0,-100.0,-100.0,-81.0,-100.0,-63.0,-100.0,-100.0,-100.0,-66.0,-100.0,-100.0,-100.0,-100.0,-100.0,-100.0,-100.0,-100.0,-100.0,-100.0
2021.02.11 152652,60.0,24.0,29.43496364748201,1.9843165158273381,-28.539280093525182,-0.06116410200143885,0.5510453310071941,9.683030061151081,0.009180557628776979,-0.006609650007913669,-0.002386329662949641,-0.05688305456432503,0.006394508834542991,-1.4476826182372278,1018.3895070503596,-100.0,-63.0,-80.0,-100.0,-82.0,-67.0,-61.0,-47.0,-81.0,-78.0,-46.0,-66.0,-35.0,-40.0,-65.0,-100.0,-100.0,-73.0,-87.0,-100.0,-100.0,-67.0,-85.0,-100.0,-100.0,-64.0,-88.0,-63.0,-37.0,-45.0,-81.0,-100.0,-34.0,-41.0,-64.0,-100.0,-100.0,-74.0,-87.0,-100.0,-100.0,-67.0,-85.0,-100.0,-100.0,-65.0,-90.0,-64.0,-36.0,-45.0,-81.0,-100.0,-100.0,-83.0,-100.0,-100.0,-100.0,-100.0,-100.0,-72.0,-62.0,-100.0,-100.0,-100.0,-80.0,-100.0,-72.0,-76.0,-100.0,-80.0,-67.0,-54.0,-74.0,-100.0,-82.0,-78.0,-100.0,-59.0,-100.0,-100.0,-82.0,-100.0,-73.0,-79.0,-75.0,-100.0,-79.0,-67.0,-52.0,-75.0,-100.0,-79.0,-100.0,-59.0,-100.0,-100.0,-100.0,-100.0,-100.0,-100.0,-74.0,-100.0,-78.0,-100.0,-100.0,-75.0,-100.0,-82.0,-100.0,-100.0,-100.0,-100.0,-100.0,-100.0,-100.0,-100.0,-100.0,-100.0,-100.0,-100.0,-90.0,-66.0,-100.0,-64.0,-100.0,-59.0,-100.0,-85.0,-88.0,-100.0,-100.0,-100.0,-100.0,-100.0,-100.0,-100.0
2021.02.11 152713,62.0,24.0,28.293023015503874,5.597209223255814,-33.56837158914728,-0.09240876186046511,0.38696980883720933,9.703253949612403,0.0008050163065891467,-0.005890824665503877,-0.0019935989531007768,-0.039931242751289654,0.009515741890090551,-1.3273081992023674,1018.3835210852711,-100.0,-100.0,-100.0,-100.0,-100.0,-77.0,-54.0,-40.0,-62.0,-100.0,-44.0,-67.0,-28.0,-39.0,-66.0,-100.0,-100.0,-70.0,-82.0,-100.0,-100.0,-66.0,-84.0,-100.0,-100.0,-67.0,-84.0,-63.0,-39.0,-51.0,-100.0,-100.0,-29.0,-36.0,-65.0,-100.0,-100.0,-69.0,-82.0,-100.0,-100.0,-67.0,-86.0,-100.0,-100.0,-68.0,-84.0,-60.0,-40.0,-52.0,-100.0,-100.0,-100.0,-88.0,-100.0,-85.0,-100.0,-100.0,-57.0,-75.0,-55.0,-100.0,-72.0,-100.0,-82.0,-69.0,-72.0,-75.0,-100.0,-80.0,-65.0,-51.0,-77.0,-100.0,-100.0,-100.0,-100.0,-56.0,-71.0,-100.0,-82.0,-100.0,-72.0,-100.0,-73.0,-100.0,-80.0,-68.0,-51.0,-77.0,-100.0,-80.0,-100.0,-57.0,-100.0,-100.0,-100.0,-100.0,-100.0,-100.0,-80.0,-100.0,-100.0,-100.0,-100.0,-100.0,-100.0,-100.0,-100.0,-100.0,-100.0,-100.0,-100.0,-100.0,-100.0,-100.0,-100.0,-100.0,-100.0,-100.0,-100.0,-65.0,-100.0,-66.0,-100.0,-56.0,-100.0,-85.0,-100.0,-100.0,-100.0,-100.0,-100.0,-100.0,-100.0,-100.0
2021.02.11 152804,66.0,24.0,36.301525084745755,5.29118636440678,-30.582711355932204,-0.20683467822033894,0.38077951796610177,9.70150811440678,0.007009419693644069,-0.0037273133457627118,-0.002893844716101695,-0.03924619988932949,0.021350820592241474,-1.3898016557855122,1018.3738816949151,-100.0,-100.0,-81.0,-100.0,-100.0,-60.0,-56.0,-69.0,-56.0,-69.0,-47.0,-60.0,-40.0,-56.0,-70.0,-71.0,-85.0,-61.0,-82.0,-100.0,-100.0,-54.0,-82.0,-100.0,-100.0,-60.0,-90.0,-62.0,-48.0,-56.0,-74.0,-100.0,-40.0,-55.0,-70.0,-71.0,-85.0,-61.0,-82.0,-100.0,-100.0,-54.0,-79.0,-100.0,-100.0,-60.0,-90.0,-61.0,-48.0,-54.0,-74.0,-100.0,-100.0,-100.0,-100.0,-100.0,-90.0,-100.0,-63.0,-79.0,-73.0,-79.0,-71.0,-100.0,-75.0,-67.0,-71.0,-72.0,-100.0,-86.0,-71.0,-73.0,-86.0,-100.0,-78.0,-83.0,-100.0,-60.0,-72.0,-100.0,-75.0,-69.0,-73.0,-80.0,-73.0,-100.0,-83.0,-70.0,-72.0,-85.0,-100.0,-82.0,-100.0,-61.0,-100.0,-100.0,-100.0,-100.0,-100.0,-100.0,-82.0,-81.0,-79.0,-100.0,-100.0,-83.0,-100.0,-79.0,-100.0,-100.0,-100.0,-100.0,-100.0,-100.0,-100.0,-100.0,-100.0,-100.0,-100.0,-100.0,-100.0,-100.0,-100.0,-74.0,-100.0,-60.0,-100.0,-82.0,-100.0,-100.0,-100.0,-100.0,-100.0,-100.0,-100.0,-100.0
2021.02.11 152847,70.0,24.0,20.87686930434783,3.1956521156521736,-25.212521478260868,-0.05891818132347826,0.4111364789565217,9.727245882608695,0.0038192356960869574,-0.004982535704782608,-0.0030012074391304352,-0.04224002852064107,0.006092375350427258,-1.367713238881982,1018.3622869565218,-100.0,-100.0,-100.0,-100.0,-100.0,-55.0,-57.0,-66.0,-50.0,-68.0,-44.0,-62.0,-39.0,-54.0,-100.0,-72.0,-87.0,-61.0,-80.0,-90.0,-100.0,-52.0,-80.0,-100.0,-100.0,-60.0,-90.0,-62.0,-49.0,-53.0,-100.0,-100.0,-40.0,-55.0,-100.0,-72.0,-87.0,-58.0,-81.0,-89.0,-100.0,-53.0,-79.0,-100.0,-100.0,-60.0,-90.0,-63.0,-48.0,-54.0,-100.0,-100.0,-100.0,-100.0,-100.0,-85.0,-100.0,-100.0,-63.0,-79.0,-71.0,-100.0,-72.0,-100.0,-72.0,-68.0,-70.0,-73.0,-79.0,-84.0,-72.0,-75.0,-86.0,-100.0,-82.0,-100.0,-90.0,-63.0,-73.0,-100.0,-76.0,-67.0,-70.0,-79.0,-73.0,-100.0,-82.0,-69.0,-74.0,-86.0,-100.0,-100.0,-90.0,-61.0,-100.0,-100.0,-100.0,-100.0,-100.0,-100.0,-82.0,-84.0,-79.0,-100.0,-100.0,-86.0,-100.0,-100.0,-100.0,-100.0,-100.0,-100.0,-100.0,-100.0,-100.0,-100.0,-100.0,-100.0,-100.0,-100.0,-100.0,-100.0,-100.0,-74.0,-100.0,-56.0,-100.0,-80.0,-100.0,-86.0,-100.0,-100.0,-100.0,-100.0,-100.0,-100.0
2021.02.11 152858,71.0,24.0,16.935230546153846,6.148615306923078,-26.1083073,-0.061604651302307696,0.5184551716923076,9.69102863076923,0.005779724941538462,-0.004238465016923076,-0.0025844300957692306,-0.05346354154440069,0.006399837555305174,-1.1478694108816294,1018.3598563076923,-100.0,-72.0,-100.0,-100.0,-79.0,-70.0,-67.0,-71.0,-49.0,-60.0,-44.0,-52.0,-41.0,-64.0,-68.0,-65.0,-72.0,-60.0,-73.0,-84.0,-100.0,-47.0,-71.0,-100.0,-100.0,-52.0,-78.0,-100.0,-62.0,-56.0,-64.0,-90.0,-41.0,-63.0,-70.0,-66.0,-72.0,-60.0,-72.0,-84.0,-100.0,-47.0,-71.0,-100.0,-100.0,-53.0,-78.0,-100.0,-62.0,-56.0,-64.0,-90.0,-100.0,-90.0,-100.0,-100.0,-100.0,-100.0,-67.0,-78.0,-74.0,-100.0,-75.0,-100.0,-81.0,-100.0,-74.0,-72.0,-81.0,-87.0,-68.0,-76.0,-100.0,-100.0,-84.0,-100.0,-100.0,-69.0,-75.0,-100.0,-80.0,-100.0,-76.0,-81.0,-75.0,-100.0,-87.0,-69.0,-75.0,-100.0,-100.0,-100.0,-100.0,-70.0,-100.0,-100.0,-100.0,-100.0,-100.0,-100.0,-100.0,-100.0,-79.0,-100.0,-100.0,-100.0,-100.0,-84.0,-100.0,-100.0,-100.0,-100.0,-100.0,-100.0,-100.0,-100.0,-100.0,-100.0,-100.0,-100.0,-100.0,-100.0,-100.0,-100.0,-100.0,-66.0,-100.0,-88.0,-100.0,-100.0,-100.0,-100.0,-100.0,-100.0,-100.0,-100.0
2021.02.11 152919,73.0,24.0,23.928594793388434,3.5092561380165286,-26.129255826446283,-0.19476138347933886,0.33166618933884295,9.686821301652891,0.0038065488442148763,-0.006775051039256199,-0.0017518201045454544,-0.03427303513157954,0.020066994356139605,-1.3838745759538382,1018.3554885950413,-100.0,-71.0,-80.0,-100.0,-82.0,-70.0,-71.0,-71.0,-54.0,-58.0,-37.0,-51.0,-47.0,-60.0,-69.0,-69.0,-72.0,-71.0,-80.0,-100.0,-100.0,-43.0,-73.0,-100.0,-100.0,-63.0,-77.0,-72.0,-61.0,-64.0,-100.0,-100.0,-79.0,-62.0,-100.0,-69.0,-72.0,-55.0,-79.0,-100.0,-100.0,-43.0,-76.0,-100.0,-100.0,-65.0,-76.0,-70.0,-60.0,-63.0,-100.0,-100.0,-100.0,-88.0,-100.0,-100.0,-100.0,-100.0,-67.0,-100.0,-80.0,-100.0,-79.0,-100.0,-100.0,-100.0,-75.0,-76.0,-100.0,-100.0,-64.0,-84.0,-100.0,-100.0,-100.0,-100.0,-100.0,-76.0,-74.0,-100.0,-100.0,-100.0,-73.0,-80.0,-75.0,-100.0,-100.0,-63.0,-84.0,-100.0,-100.0,-100.0,-100.0,-75.0,-100.0,-100.0,-100.0,-100.0,-100.0,-100.0,-100.0,-100.0,-77.0,-100.0,-100.0,-100.0,-100.0,-100.0,-100.0,-100.0,-100.0,-100.0,-100.0,-100.0,-100.0,-100.0,-100.0,-100.0,-100.0,-100.0,-100.0,-100.0,-100.0,-81.0,-100.0,-59.0,-100.0,-100.0,-100.0,-100.0,-100.0,-100.0,-100.0,-100.0,-100.0,-100.0
2021.02.11 153012,78.0,24.0,36.79180269672131,9.493770303278689,-34.186229040983605,-0.06279873307131148,0.3897053864754099,9.680738622950821,0.002518567249180328,-0.0029892339553278693,-0.0005507800795081967,-0.040272122966583584,0.006452525039317942,-1.2817493462171712,1018.3487463934428,-100.0,-75.0,-100.0,-100.0,-100.0,-83.0,-69.0,-100.0,-51.0,-63.0,-40.0,-57.0,-52.0,-65.0,-66.0,-72.0,-84.0,-53.0,-73.0,-80.0,-100.0,-45.0,-70.0,-84.0,-84.0,-46.0,-78.0,-69.0,-60.0,-63.0,-100.0,-100.0,-52.0,-66.0,-100.0,-72.0,-84.0,-54.0,-74.0,-81.0,-100.0,-44.0,-70.0,-84.0,-82.0,-47.0,-78.0,-68.0,-60.0,-64.0,-100.0,-100.0,-100.0,-100.0,-100.0,-100.0,-100.0,-100.0,-70.0,-100.0,-85.0,-100.0,-78.0,-100.0,-73.0,-100.0,-74.0,-78.0,-82.0,-100.0,-68.0,-100.0,-100.0,-100.0,-100.0,-82.0,-100.0,-74.0,-77.0,-100.0,-74.0,-100.0,-71.0,-75.0,-78.0,-100.0,-100.0,-68.0,-100.0,-100.0,-100.0,-83.0,-100.0,-74.0,-100.0,-100.0,-100.0,-100.0,-100.0,-100.0,-100.0,-100.0,-72.0,-100.0,-100.0,-100.0,-100.0,-100.0,-100.0,-100.0,-100.0,-100.0,-100.0,-100.0,-100.0,-89.0,-100.0,-100.0,-100.0,-100.0,-100.0,-100.0,-100.0,-85.0,-100.0,-66.0,-100.0,-100.0,-100.0,-100.0,-100.0,-100.0,-100.0,-100.0,-100.0,-100.0
2021.02.11 153049,78.0,21.0,14.87758025,-36.66580606451613,-29.853870620967744,-0.15961988317741937,0.2663935545532258,9.698988302419355,0.007601331302016129,-0.005886967429435485,0.0027341145326612902,-0.027421687032103556,0.01644177845352505,-2.759940858810179,1018.3311409677419,-70.0,-83.0,-100.0,-100.0,-100.0,-100.0,-100.0,-100.0,-47.0,-58.0,-49.0,-57.0,-53.0,-70.0,-62.0,-68.0,-71.0,-48.0,-61.0,-100.0,-100.0,-52.0,-60.0,-61.0,-75.0,-48.0,-75.0,-65.0,-66.0,-73.0,-67.0,-80.0,-53.0,-70.0,-61.0,-68.0,-71.0,-48.0,-62.0,-100.0,-100.0,-52.0,-60.0,-60.0,-75.0,-48.0,-75.0,-65.0,-66.0,-72.0,-67.0,-81.0,-100.0,-100.0,-100.0,-100.0,-100.0,-100.0,-100.0,-100.0,-100.0,-100.0,-73.0,-100.0,-100.0,-69.0,-75.0,-73.0,-100.0,-100.0,-66.0,-83.0,-100.0,-100.0,-85.0,-100.0,-100.0,-84.0,-75.0,-100.0,-100.0,-68.0,-74.0,-79.0,-75.0,-100.0,-100.0,-65.0,-82.0,-100.0,-100.0,-100.0,-100.0,-86.0,-100.0,-100.0,-100.0,-100.0,-100.0,-100.0,-100.0,-80.0,-79.0,-100.0,-100.0,-100.0,-100.0,-84.0,-100.0,-100.0,-100.0,-100.0,-100.0,-100.0,-90.0,-100.0,-100.0,-100.0,-100.0,-100.0,-100.0,-100.0,-100.0,-100.0,-100.0,-68.0,-100.0,-100.0,-100.0,-100.0,-100.0,-100.0,-100.0,-100.0,-100.0,-100.0
2021.02.11 153100,78.0,20.0,15.365999769230768,-33.551999515384615,-31.056461169230772,-0.16956473122538462,0.3399950562,9.700973730769231,0.004971503270384617,-0.008063421243076923,-0.008016431533076924,-0.03496430024259773,0.01743379309213752,-2.713093770467318,1018.3301607692307,-84.0,-100.0,-60.0,-100.0,-61.0,-100.0,-79.0,-100.0,-42.0,-46.0,-54.0,-71.0,-70.0,-82.0,-100.0,-56.0,-70.0,-60.0,-73.0,-56.0,-76.0,-56.0,-75.0,-56.0,-75.0,-55.0,-90.0,-84.0,-81.0,-100.0,-53.0,-72.0,-70.0,-81.0,-100.0,-56.0,-71.0,-59.0,-73.0,-55.0,-79.0,-56.0,-75.0,-55.0,-75.0,-55.0,-88.0,-100.0,-82.0,-100.0,-52.0,-72.0,-100.0,-100.0,-100.0,-100.0,-100.0,-100.0,-100.0,-90.0,-90.0,-100.0,-100.0,-100.0,-100.0,-88.0,-100.0,-100.0,-100.0,-100.0,-100.0,-100.0,-100.0,-100.0,-100.0,-100.0,-100.0,-100.0,-100.0,-100.0,-100.0,-88.0,-100.0,-100.0,-100.0,-100.0,-100.0,-100.0,-100.0,-100.0,-100.0,-100.0,-100.0,-100.0,-100.0,-100.0,-100.0,-100.0,-100.0,-100.0,-100.0,-100.0,-100.0,-100.0,-100.0,-100.0,-100.0,-100.0,-100.0,-100.0,-100.0,-100.0,-100.0,-100.0,-100.0,-100.0,-100.0,-100.0,-100.0,-100.0,-100.0,-81.0,-100.0,-100.0,-100.0,-100.0,-100.0,-100.0,-100.0,-100.0,-88.0,-100.0,-100.0,-100.0,-100.0,-100.0
2021.02.11 153122,78.0,18.0,13.893599732,-30.752639583999997,-38.058719608000004,-0.24938004861919996,0.44783063904,9.680810872,0.003225368522800001,-0.007144679974000001,-0.0003371976964000002,-0.04624023275077339,0.0257755454704165,-2.7222410259246828,1018.3217819999998,-74.0,-90.0,-100.0,-74.0,-72.0,-74.0,-78.0,-77.0,-43.0,-50.0,-59.0,-78.0,-63.0,-78.0,-100.0,-54.0,-67.0,-57.0,-85.0,-63.0,-76.0,-65.0,-74.0,-60.0,-71.0,-51.0,-83.0,-100.0,-83.0,-82.0,-51.0,-66.0,-64.0,-79.0,-100.0,-54.0,-67.0,-58.0,-85.0,-62.0,-76.0,-64.0,-76.0,-60.0,-68.0,-52.0,-84.0,-100.0,-83.0,-100.0,-51.0,-66.0,-100.0,-100.0,-100.0,-100.0,-100.0,-100.0,-70.0,-100.0,-100.0,-100.0,-100.0,-100.0,-100.0,-87.0,-100.0,-100.0,-100.0,-100.0,-100.0,-100.0,-100.0,-100.0,-100.0,-100.0,-100.0,-100.0,-100.0,-100.0,-100.0,-88.0,-100.0,-100.0,-100.0,-100.0,-100.0,-100.0,-100.0,-100.0,-100.0,-100.0,-100.0,-100.0,-100.0,-100.0,-100.0,-100.0,-100.0,-100.0,-100.0,-100.0,-100.0,-100.0,-100.0,-100.0,-100.0,-100.0,-100.0,-100.0,-100.0,-100.0,-100.0,-100.0,-100.0,-100.0,-100.0,-100.0,-100.0,-89.0,-100.0,-100.0,-100.0,-100.0,-100.0,-76.0,-100.0,-100.0,-100.0,-100.0,-90.0,-90.0,-100.0,-100.0,-100.0,-100.0
2021.02.11 153218,78.0,13.0,11.433230534615385,-29.826461092307692,-39.91338393846154,-0.19674812822307694,0.454014312,9.689223703846153,0.005887801085769228,-0.002762990369230769,-0.0030120355984615387,-0.046877063839481384,0.02033799179793833,-2.7783290771337654,1018.3003019999999,-69.0,-100.0,-70.0,-75.0,-71.0,-82.0,-87.0,-79.0,-43.0,-49.0,-54.0,-77.0,-77.0,-85.0,-100.0,-49.0,-64.0,-65.0,-84.0,-57.0,-82.0,-69.0,-75.0,-49.0,-63.0,-56.0,-100.0,-100.0,-100.0,-100.0,-45.0,-68.0,-77.0,-83.0,-100.0,-49.0,-64.0,-64.0,-85.0,-57.0,-80.0,-69.0,-76.0,-49.0,-64.0,-58.0,-100.0,-100.0,-100.0,-100.0,-45.0,-70.0,-100.0,-100.0,-100.0,-100.0,-100.0,-100.0,-100.0,-100.0,-100.0,-100.0,-100.0,-100.0,-100.0,-100.0,-100.0,-100.0,-100.0,-100.0,-100.0,-100.0,-100.0,-100.0,-100.0,-100.0,-100.0,-100.0,-100.0,-100.0,-100.0,-100.0,-100.0,-100.0,-100.0,-100.0,-100.0,-100.0,-100.0,-100.0,-100.0,-100.0,-100.0,-100.0,-100.0,-100.0,-100.0,-100.0,-100.0,-100.0,-100.0,-100.0,-100.0,-100.0,-100.0,-100.0,-100.0,-100.0,-100.0,-100.0,-100.0,-100.0,-100.0,-100.0,-100.0,-100.0,-100.0,-100.0,-100.0,-100.0,-100.0,-100.0,-100.0,-100.0,-100.0,-73.0,-100.0,-100.0,-100.0,-100.0,-84.0,-86.0,-100.0,-100.0,-100.0,-100.0
2021.02.11 153254,79.0,11.0,32.384028280575535,2.250215794964029,-34.15769737410072,-0.27057924302158276,0.5699061305755395,9.67235085971223,0.004996789923381295,-0.011070284464748205,-0.005238499170143886,-0.058918963447749134,0.02796041027210622,-1.4343999041070183,1018.2743084892087,-64.0,-100.0,-61.0,-65.0,-62.0,-100.0,-100.0,-80.0,-50.0,-54.0,-66.0,-76.0,-82.0,-100.0,-100.0,-33.0,-51.0,-69.0,-88.0,-47.0,-70.0,-61.0,-79.0,-49.0,-53.0,-63.0,-100.0,-100.0,-84.0,-100.0,-51.0,-59.0,-82.0,-100.0,-100.0,-33.0,-51.0,-69.0,-86.0,-46.0,-69.0,-61.0,-78.0,-50.0,-54.0,-62.0,-100.0,-100.0,-88.0,-100.0,-51.0,-59.0,-100.0,-100.0,-100.0,-100.0,-100.0,-100.0,-100.0,-100.0,-100.0,-100.0,-100.0,-100.0,-100.0,-100.0,-100.0,-100.0,-100.0,-100.0,-100.0,-100.0,-100.0,-100.0,-100.0,-100.0,-100.0,-100.0,-100.0,-100.0,-100.0,-100.0,-100.0,-100.0,-100.0,-100.0,-100.0,-100.0,-100.0,-100.0,-100.0,-100.0,-100.0,-100.0,-100.0,-100.0,-100.0,-100.0,-100.0,-100.0,-100.0,-100.0,-100.0,-100.0,-100.0,-100.0,-100.0,-100.0,-100.0,-100.0,-100.0,-100.0,-100.0,-100.0,-100.0,-100.0,-100.0,-100.0,-100.0,-100.0,-100.0,-100.0,-100.0,-100.0,-100.0,-100.0,-100.0,-100.0,-100.0,-100.0,-82.0,-83.0,-100.0,-100.0,-100.0,-100.0
2021.02.11 153304,80.0,11.0,33.226046062015506,0.35534882821705427,-32.64186000000001,-0.30411929531782944,0.655899909379845,9.699189449612401,0.007434561468217054,-0.0024434608182170537,-0.0026518178755813968,-0.06754126899348667,0.03136849456445071,-1.4892622768416885,1018.268018604651,-71.0,-100.0,-69.0,-62.0,-69.0,-100.0,-100.0,-100.0,-58.0,-59.0,-72.0,-71.0,-78.0,-87.0,-100.0,-44.0,-49.0,-64.0,-88.0,-57.0,-71.0,-62.0,-72.0,-32.0,-39.0,-66.0,-100.0,-100.0,-100.0,-100.0,-56.0,-64.0,-77.0,-87.0,-100.0,-44.0,-49.0,-65.0,-88.0,-58.0,-71.0,-62.0,-74.0,-32.0,-38.0,-64.0,-100.0,-100.0,-100.0,-100.0,-57.0,-64.0,-100.0,-100.0,-100.0,-100.0,-100.0,-100.0,-100.0,-100.0,-100.0,-100.0,-100.0,-100.0,-100.0,-100.0,-100.0,-100.0,-100.0,-100.0,-100.0,-100.0,-100.0,-100.0,-100.0,-100.0,-100.0,-100.0,-100.0,-100.0,-100.0,-100.0,-100.0,-100.0,-100.0,-100.0,-100.0,-100.0,-100.0,-100.0,-100.0,-100.0,-100.0,-100.0,-100.0,-100.0,-100.0,-100.0,-100.0,-100.0,-100.0,-100.0,-100.0,-100.0,-100.0,-100.0,-100.0,-100.0,-100.0,-100.0,-100.0,-100.0,-100.0,-100.0,-100.0,-100.0,-100.0,-100.0,-100.0,-100.0,-100.0,-100.0,-100.0,-100.0,-100.0,-81.0,-100.0,-100.0,-100.0,-100.0,-87.0,-87.0,-100.0,-100.0,-100.0,-100.0
2021.02.11 153325,82.0,11.0,30.523969038167937,2.2497709587786265,-28.807327877862598,-0.36393693323664117,0.4249251107633588,9.68233443129771,0.004406623344656488,-0.0075588744358778635,-0.003320122817557253,-0.04383912455034615,0.03761304051522872,-1.4501881754125348,1018.2607777099234,-63.0,-100.0,-65.0,-100.0,-65.0,-100.0,-100.0,-100.0,-50.0,-64.0,-77.0,-100.0,-84.0,-100.0,-100.0,-49.0,-47.0,-79.0,-90.0,-53.0,-73.0,-76.0,-77.0,-41.0,-37.0,-75.0,-100.0,-100.0,-100.0,-100.0,-59.0,-68.0,-84.0,-100.0,-100.0,-49.0,-49.0,-79.0,-100.0,-53.0,-75.0,-76.0,-77.0,-40.0,-37.0,-75.0,-100.0,-100.0,-100.0,-100.0,-59.0,-68.0,-100.0,-100.0,-100.0,-100.0,-100.0,-100.0,-100.0,-100.0,-100.0,-100.0,-100.0,-100.0,-100.0,-100.0,-100.0,-100.0,-100.0,-100.0,-100.0,-100.0,-100.0,-100.0,-100.0,-100.0,-100.0,-100.0,-100.0,-100.0,-100.0,-100.0,-100.0,-100.0,-100.0,-100.0,-100.0,-100.0,-100.0,-100.0,-100.0,-100.0,-100.0,-100.0,-100.0,-100.0,-100.0,-100.0,-100.0,-100.0,-100.0,-100.0,-100.0,-100.0,-100.0,-100.0,-100.0,-100.0,-100.0,-100.0,-100.0,-100.0,-100.0,-100.0,-100.0,-100.0,-100.0,-100.0,-100.0,-100.0,-100.0,-100.0,-100.0,-100.0,-100.0,-100.0,-100.0,-100.0,-100.0,-100.0,-83.0,-85.0,-85.0,-100.0,-100.0,-100.0
2021.02.11 153418,87.0,11.0,33.471495692913386,4.201889693700786,-33.93779487401575,-0.19121565142440944,0.3841091296850394,9.694122614173226,-0.0017315864830708676,-0.005459307534645669,-0.004680093758267717,-0.039599337123745026,0.019703588122135268,-1.4023865573988186,1018.2042358267717,-100.0,-100.0,-70.0,-57.0,-71.0,-100.0,-100.0,-100.0,-70.0,-75.0,-74.0,-100.0,-89.0,-100.0,-100.0,-50.0,-53.0,-100.0,-100.0,-69.0,-100.0,-79.0,-100.0,-22.0,-35.0,-100.0,-100.0,-100.0,-100.0,-100.0,-66.0,-85.0,-100.0,-100.0,-100.0,-50.0,-54.0,-100.0,-100.0,-69.0,-100.0,-81.0,-100.0,-23.0,-35.0,-72.0,-100.0,-100.0,-100.0,-100.0,-66.0,-85.0,-100.0,-100.0,-100.0,-100.0,-100.0,-100.0,-100.0,-100.0,-100.0,-100.0,-100.0,-100.0,-100.0,-100.0,-100.0,-100.0,-100.0,-100.0,-100.0,-100.0,-100.0,-100.0,-100.0,-100.0,-100.0,-100.0,-100.0,-100.0,-100.0,-100.0,-100.0,-100.0,-100.0,-100.0,-100.0,-100.0,-100.0,-100.0,-100.0,-100.0,-100.0,-100.0,-100.0,-100.0,-100.0,-100.0,-100.0,-100.0,-100.0,-100.0,-100.0,-100.0,-100.0,-100.0,-100.0,-100.0,-100.0,-100.0,-100.0,-100.0,-100.0,-100.0,-100.0,-100.0,-100.0,-100.0,-100.0,-100.0,-100.0,-100.0,-100.0,-100.0,-100.0,-100.0,-100.0,-100.0,-100.0,-100.0,-88.0,-90.0,-86.0,-86.0,-82.0,-82.0
2021.02.11 153455,90.0,11.0,35.31609702439024,0.5297560834146341,-34.794145821138216,-0.2817761294634147,0.6064143119512194,9.664380024390242,0.0023590325158536585,-0.002900368459349594,-0.00016389065813008217,-0.06265606264757911,0.029183482819395777,-1.490067935571438,1018.1655941463417,-80.0,-100.0,-73.0,-64.0,-72.0,-100.0,-100.0,-100.0,-65.0,-80.0,-81.0,-100.0,-100.0,-100.0,-100.0,-51.0,-49.0,-85.0,-100.0,-100.0,-100.0,-82.0,-100.0,-30.0,-36.0,-75.0,-100.0,-100.0,-100.0,-100.0,-69.0,-82.0,-100.0,-100.0,-100.0,-51.0,-50.0,-84.0,-100.0,-100.0,-100.0,-82.0,-100.0,-31.0,-35.0,-75.0,-100.0,-100.0,-100.0,-100.0,-69.0,-82.0,-100.0,-100.0,-100.0,-100.0,-100.0,-100.0,-100.0,-100.0,-100.0,-100.0,-100.0,-100.0,-100.0,-100.0,-100.0,-100.0,-100.0,-100.0,-100.0,-100.0,-100.0,-100.0,-100.0,-100.0,-100.0,-100.0,-100.0,-100.0,-100.0,-100.0,-100.0,-100.0,-100.0,-100.0,-100.0,-100.0,-100.0,-100.0,-100.0,-100.0,-100.0,-100.0,-100.0,-100.0,-100.0,-100.0,-100.0,-100.0,-100.0,-100.0,-100.0,-100.0,-100.0,-89.0,-100.0,-100.0,-100.0,-100.0,-100.0,-100.0,-100.0,-100.0,-100.0,-100.0,-100.0,-100.0,-100.0,-100.0,-100.0,-100.0,-100.0,-100.0,-100.0,-100.0,-100.0,-100.0,-100.0,-100.0,-88.0,-87.0,-100.0,-86.0,-100.0,-100.0
