Timestamp,True_X,True_Y,Mean_Mag_x,Mean_Mag_y,Mean_Mag_z,Mean_Acc_x,Mean_Acc_y,Mean_Acc_z,Mean_Gyro_x,Mean_Gyro_y,Mean_Gyro_z,Mean_Orn_x,Mean_Orn_y,Mean_Orn_z,Mean_Pressure,00:1a:ab:a0:de:a8,00:1a:ab:a0:de:a9,00:1a:ac:a0:de:f9,00:1a:ac:a0:de:h2,00:1a:ac:a0:de:h5,00:1a:ac:a0:de:j5,00:1a:ac:a0:de:k3,00:1a:ac:a0:de:k4,00:1a:ac:a0:de:l9,00:1a:ac:a0:de:n6,00:1a:ac:a0:de:r9,00:1a:ac:a0:de:s6,00:1a:ac:a0:de:s7,00:1a:ac:a0:de:t3,00:1a:ac:a0:de:x3,00:1a:ac:a0:de:x4,00:1a:ab:a0:de:a1,00:1a:ac:a0:de:b5,00:1a:ac:a0:de:b7,00:1a:ac:a0:de:b8,00:1a:ac:a0:de:d3,00:1a:ac:a0:de:f6,00:1a:ac:a0:de:g9,00:1a:ac:a0:de:h4,00:1a:ac:a0:de:i1,00:1a:ac:a0:de:i2,00:1a:ac:a0:de:i8,00:1a:ac:a0:de:k7,00:1a:ac:a0:de:k8,00:1a:ac:a0:de:l2,00:1a:ac:a0:de:m2,00:1a:ac:a0:de:m3,00:1a:ac:a0:de:p1,00:1a:ac:a0:de:p2,00:1a:ac:a0:de:p3,00:1a:ac:a0:de:p4,00:1a:ac:a0:de:p5,00:1a:ac:a0:de:p6,00:1a:ac:a0:de:p7,00:1a:ac:a0:de:p8,00:1a:ac:a0:de:r2,00:1a:ac:a0:de:r5,00:1a:ac:a0:de:r6,00:1a:ac:a0:de:s2,00:1a:ac:a0:de:s3,00:1a:ac:a0:de:s4,00:1a:ac:a0:de:s5,00:1a:ac:a0:de:t5,00:1a:ac:a0:de:t7,00:1a:ac:a0:de:t8,00:1a:ac:a0:de:t9,00:1a:ac:a0:de:u1,00:1a:ac:a0:de:u2,00:1a:ac:a0:de:u3,00:1a:ac:a0:de:u4,00:1a:ac:a0:de:u5,00:1a:ac:a0:de:v8,00:1a:ac:a0:de:w2,00:1a:ac:a0:de:w3,00:1a:ac:a0:de:w8,00:1a:ac:a0:de:w9,00:1a:ac:a0:de:x1,00:1a:ac:a0:de:x2,00:1a:ac:a0:de:b6,00:1a:ac:a0:de:f3,00:1a:ac:a0:de:n4,00:1a:ac:a0:de:r1,00:1a:ac:a0:de:s1,00:1a:ac:a0:de:t1,00:1a:ac:a0:de:v7,00:1a:ac:a0:de:w7,00:1a:ab:a0:de:a4,00:1a:ac:a0:de:e8,00:1a:ac:a0:de:j8,00:1a:ac:a0:de:k9,00:1a:ac:a0:de:n3,00:1a:ac:a0:de:n8,00:1a:ac:a0:de:w6,00:1a:ac:a0:de:b3,00:1a:ac:a0:de:f5,00:1a:ac:a0:de:f8,00:1a:ac:a0:de:g5,00:1a:ac:a0:de:g8,00:1a:ac:a0:de:h3,00:1a:ac:a0:de:h6,00:1a:ac:a0:de:j7,00:1a:ac:a0:de:d5,00:1a:ac:a0:de:e9,00:1a:ac:a0:de:v1,00:1a:ab:a0:de:a2,00:1a:ac:a0:de:h9,00:1a:ac:a0:de:i6,00:1a:ac:a0:de:k2,00:1a:ac:a0:de:n9,00:1a:ac:a0:de:t6,00:1a:ac:a0:de:d4,00:1a:ac:a0:de:j9,00:1a:ac:a0:de:f7,00:1a:ac:a0:de:l8,90:9f:33:a4:06:5c,00:1a:ab:a0:de:a7,00:1a:ac:a0:de:g7,00:1a:ac:a0:de:j6,00:1a:ac:a0:de:l1,00:1a:ac:a0:de:b1,00:1a:ac:a0:de:n5,00:1a:ac:a0:de:t2,00:1a:ac:a0:de:l7,00:1a:ac:a0:de:n7,00:1a:ac:a0:de:r3,00:1a:ac:a0:de:t4,00:1a:ac:a0:de:k1,00:1a:ac:a0:de:v9,00:1a:ac:a0:de:j1,00:1a:ac:a0:de:r4,00:1a:ac:a0:de:w1,00:1a:ac:a0:de:r7,00:1a:ac:a0:de:b4,00:1a:ac:a0:de:e1,00:1a:ac:a0:de:e4,00:1a:ac:a0:de:w4,00:1a:ac:a0:de:g1,00:1a:ac:a0:de:d2,00:1a:ac:a0:de:c9,00:1a:ac:a0:de:j2,00:1a:ac:a0:de:i7,00:1a:ac:a0:de:m4,00:1a:ac:a0:de:r8,00:1a:ac:a0:de:w5,00:1a:ac:a0:de:q2,00:1a:ac:a0:de:u8,00:1a:ac:a0:de:c1,00:1a:ac:a0:de:c2,00:1a:ac:a0:de:m5,00:1a:ac:a0:de:m6,00:1a:ac:a0:de:q5,00:1a:ac:a0:de:q6,00:1a:ac:a0:de:v3,00:1a:ac:a0:de:v2,00:1a:ac:a0:de:q4,00:1a:ac:a0:de:p9,00:1a:ac:a0:de:q3,00:1a:ac:a0:de:q7,00:1a:ac:a0:de:u9,00:1a:ac:a0:de:v4,00:1a:ac:a0:de:s8,00:1a:ac:a0:de:u6,00:1a:ac:a0:de:x5,00:1a:ac:a0:de:q1,00:1a:ac:a0:de:s9,00:1a:ac:a0:de:u7,00:1a:ac:a0:de:k5,00:1a:ac:a0:de:q8,00:1a:ac:a0:de:q9,00:1a:ac:a0:de:v6,00:1a:ac:a0:de:v5
2021.02.13 184148,1.0,24.0,36.58315764912281,2.0021052342105263,-37.08736798245614,0.22682603372807014,1.1324079778070177,9.639287403508773,-0.00489134816745614,0.0003940724872807018,0.001117508324385965,-0.11696072001206244,-0.023551303345971417,-1.406264799728728,1015.1189334210526,-67.0,-51.0,-89.0,-71.0,-88.0,-46.0,-89.0,-71.0,-62.0,-61.0,-80.0,-46.0,-66.0,-60.0,-46.0,-65.0,-100.0,-100.0,-100.0,-100.0,-100.0,-100.0,-100.0,-100.0,-100.0,-100.0,-100.0,-100.0,-100.0,-100.0,-100.0,-100.0,-100.0,-100.0,-100.0,-100.0,-100.0,-100.0,-100.0,-100.0,-100.0,-100.0,-100.0,-100.0,-100.0,-100.0,-100.0,-100.0,-100.0,-100.0,-100.0,-100.0,-100.0,-100.0,-100.0,-100.0,-100.0,-100.0,-100.0,-100.0,-100.0,-100.0,-100.0,-100.0,-100.0,-100.0,-100.0,-100.0,-100.0,-100.0,-100.0,-100.0,-100.0,-100.0,-100.0,-100.0,-100.0,-100.0,-100.0,-100.0,-100.0,-100.0,-100.0,-100.0,-100.0,-100.0,-100.0,-100.0,-100.0,-100.0,-100.0,-100.0,-100.0,-100.0,-100.0,-100.0,-100.0,-100.0,-100.0,-100.0,-100.0,-100.0,-100.0,-100.0,-100.0,-100.0,-100.0,-100.0,-100.0,-100.0,-100.0,-100.0,-100.0,-100.0,-100.0,-100.0,-100.0,-100.0,-100.0,-100.0,-100.0,-100.0,-100.0,-100.0,-100.0,-100.0,-100.0,-100.0,-100.0,-100.0,-100.0,-100.0,-100.0,-100.0,-100.0,-100.0,-100.0,-100.0,-100.0,-100.0,-100.0,-100.0,-100.0,-100.0,-100.0,-100.0,-100.0,-100.0,-100.0,-100.0,-100.0,-100.0,-100.0,-100.0,-100.0,-100.0
2021.02.13 184159,2.0,24.0,37.514086391304346,1.8151304008695652,-33.1398256,0.3343240427739131,0.9678491573043478,9.64657486956522,-0.0011342703517391304,-0.005171930264782609,0.004712294308347825,-0.10000731796026227,-0.03468259979120411,-1.4426248001015705,1015.1189824347825,-100.0,-100.0,-100.0,-100.0,-100.0,-100.0,-100.0,-100.0,-100.0,-100.0,-100.0,-51.0,-75.0,-100.0,-51.0,-75.0,-85.0,-60.0,-33.0,-81.0,-74.0,-75.0,-80.0,-71.0,-91.0,-69.0,-52.0,-57.0,-79.0,-78.0,-73.0,-91.0,-65.0,-85.0,-62.0,-86.0,-48.0,-61.0,-61.0,-83.0,-81.0,-45.0,-64.0,-33.0,-44.0,-56.0,-70.0,-76.0,-66.0,-87.0,-62.0,-86.0,-47.0,-61.0,-60.0,-83.0,-80.0,-45.0,-64.0,-33.0,-44.0,-57.0,-70.0,-100.0,-100.0,-100.0,-100.0,-100.0,-100.0,-100.0,-100.0,-100.0,-100.0,-100.0,-100.0,-100.0,-100.0,-100.0,-100.0,-100.0,-100.0,-100.0,-100.0,-100.0,-100.0,-100.0,-100.0,-100.0,-100.0,-100.0,-100.0,-100.0,-100.0,-100.0,-100.0,-100.0,-100.0,-100.0,-100.0,-100.0,-100.0,-100.0,-100.0,-100.0,-100.0,-100.0,-100.0,-100.0,-100.0,-100.0,-100.0,-100.0,-100.0,-100.0,-100.0,-100.0,-100.0,-100.0,-100.0,-100.0,-100.0,-100.0,-100.0,-100.0,-100.0,-100.0,-100.0,-100.0,-100.0,-100.0,-100.0,-100.0,-100.0,-100.0,-100.0,-100.0,-100.0,-100.0,-100.0,-100.0,-100.0,-100.0,-100.0,-100.0,-100.0,-100.0,-100.0,-100.0,-100.0,-100.0,-100.0,-100.0,-100.0,-100.0,-100.0,-100.0
2021.02.13 184210,3.0,24.0,39.49008781415929,1.364601736017699,-31.35345078761062,0.2205699168584071,0.9701898182300885,9.635642477876107,-0.0022332639052212383,-0.0035530788345132743,-0.0001136587492035398,-0.10036419941920091,-0.02290025546289646,-1.461637684729247,1015.1217082300884,-100.0,-100.0,-100.0,-100.0,-100.0,-100.0,-100.0,-100.0,-100.0,-100.0,-100.0,-50.0,-76.0,-72.0,-51.0,-76.0,-100.0,-60.0,-100.0,-74.0,-68.0,-100.0,-100.0,-65.0,-100.0,-69.0,-100.0,-61.0,-81.0,-100.0,-100.0,-100.0,-69.0,-91.0,-65.0,-90.0,-49.0,-65.0,-59.0,-83.0,-84.0,-40.0,-61.0,-35.0,-44.0,-48.0,-72.0,-100.0,-67.0,-89.0,-65.0,-90.0,-50.0,-65.0,-59.0,-83.0,-84.0,-40.0,-61.0,-35.0,-44.0,-49.0,-72.0,-82.0,-89.0,-88.0,-62.0,-90.0,-89.0,-62.0,-90.0,-100.0,-100.0,-100.0,-100.0,-100.0,-100.0,-100.0,-100.0,-100.0,-100.0,-100.0,-100.0,-100.0,-100.0,-100.0,-100.0,-100.0,-100.0,-100.0,-100.0,-100.0,-100.0,-100.0,-100.0,-100.0,-100.0,-100.0,-100.0,-100.0,-100.0,-100.0,-100.0,-100.0,-100.0,-100.0,-100.0,-100.0,-100.0,-100.0,-100.0,-100.0,-100.0,-100.0,-100.0,-100.0,-100.0,-100.0,-100.0,-100.0,-100.0,-100.0,-100.0,-100.0,-100.0,-100.0,-100.0,-100.0,-100.0,-100.0,-100.0,-100.0,-100.0,-100.0,-100.0,-100.0,-100.0,-100.0,-100.0,-100.0,-100.0,-100.0,-100.0,-100.0,-100.0,-100.0,-100.0,-100.0,-100.0,-100.0,-100.0,-100.0,-100.0,-100.0,-100.0,-100.0
2021.02.13 184221,4.0,24.0,37.86105218421053,-2.741052598245614,-30.090525833333334,0.2624461226403509,0.8635561143859648,9.656278359649123,-0.0011725720026315798,-0.00208153925745614,0.004139683813157895,-0.08916434514940827,-0.02719884180043117,-1.574574983956521,1015.1231757017543,-100.0,-100.0,-100.0,-100.0,-100.0,-100.0,-100.0,-85.0,-100.0,-73.0,-74.0,-50.0,-75.0,-73.0,-52.0,-75.0,-100.0,-58.0,-51.0,-77.0,-71.0,-80.0,-85.0,-62.0,-100.0,-100.0,-56.0,-58.0,-77.0,-100.0,-100.0,-90.0,-100.0,-87.0,-62.0,-85.0,-46.0,-60.0,-57.0,-77.0,-82.0,-37.0,-58.0,-32.0,-44.0,-49.0,-72.0,-77.0,-100.0,-88.0,-58.0,-85.0,-46.0,-60.0,-56.0,-77.0,-83.0,-38.0,-58.0,-32.0,-44.0,-49.0,-72.0,-77.0,-100.0,-100.0,-100.0,-88.0,-100.0,-100.0,-89.0,-82.0,-84.0,-91.0,-87.0,-79.0,-76.0,-73.0,-100.0,-100.0,-100.0,-100.0,-100.0,-100.0,-100.0,-100.0,-100.0,-100.0,-100.0,-100.0,-100.0,-100.0,-100.0,-100.0,-100.0,-100.0,-100.0,-100.0,-100.0,-100.0,-100.0,-100.0,-100.0,-100.0,-100.0,-100.0,-100.0,-100.0,-100.0,-100.0,-100.0,-100.0,-100.0,-100.0,-100.0,-100.0,-100.0,-100.0,-100.0,-100.0,-100.0,-100.0,-100.0,-100.0,-100.0,-100.0,-100.0,-100.0,-100.0,-100.0,-100.0,-100.0,-100.0,-100.0,-100.0,-100.0,-100.0,-100.0,-100.0,-100.0,-100.0,-100.0,-100.0,-100.0,-100.0,-100.0,-100.0,-100.0,-100.0,-100.0,-100.0,-100.0,-100.0,-100.0,-100.0,-100.0
2021.02.13 184348,12.0,24.0,28.177296909909913,2.8508107666666676,-37.76756717117117,0.17704691464324324,0.6271274418018019,9.673085977477475,-0.006206055181171171,-0.0038020418135135134,-0.0010851112864864866,-0.06472372710033576,-0.01824513190218269,-1.3906425033603702,1015.1346211711711,-100.0,-89.0,-100.0,-100.0,-100.0,-100.0,-100.0,-100.0,-100.0,-100.0,-100.0,-56.0,-75.0,-100.0,-56.0,-75.0,-100.0,-56.0,-54.0,-75.0,-63.0,-72.0,-82.0,-68.0,-100.0,-100.0,-57.0,-53.0,-73.0,-100.0,-63.0,-87.0,-72.0,-86.0,-54.0,-83.0,-45.0,-63.0,-59.0,-77.0,-81.0,-41.0,-65.0,-33.0,-40.0,-45.0,-70.0,-64.0,-100.0,-86.0,-53.0,-84.0,-46.0,-63.0,-58.0,-78.0,-81.0,-41.0,-65.0,-33.0,-40.0,-48.0,-71.0,-73.0,-100.0,-100.0,-100.0,-85.0,-100.0,-100.0,-86.0,-100.0,-86.0,-100.0,-100.0,-100.0,-65.0,-100.0,-83.0,-100.0,-100.0,-100.0,-100.0,-100.0,-100.0,-100.0,-100.0,-100.0,-100.0,-100.0,-100.0,-100.0,-100.0,-100.0,-100.0,-100.0,-100.0,-100.0,-100.0,-100.0,-100.0,-100.0,-100.0,-100.0,-100.0,-100.0,-100.0,-100.0,-100.0,-100.0,-100.0,-100.0,-100.0,-100.0,-100.0,-100.0,-100.0,-100.0,-100.0,-100.0,-100.0,-100.0,-100.0,-100.0,-100.0,-100.0,-100.0,-100.0,-100.0,-100.0,-100.0,-100.0,-100.0,-100.0,-100.0,-100.0,-100.0,-100.0,-100.0,-100.0,-100.0,-100.0,-100.0,-100.0,-100.0,-100.0,-100.0,-100.0,-100.0,-100.0,-100.0,-100.0,-100.0,-100.0,-100.0,-100.0
2021.02.13 184402,13.0,24.0,27.47052593859649,2.7452631236842104,-38.048420412280706,0.393753195,0.6453410707017546,9.656026320175439,-0.000583140566052632,-0.00027037737850877204,1.3664234035087867e-05,-0.06668145457903539,-0.04068714357389688,-1.3933644660732203,1015.1347961403509,-100.0,-100.0,-100.0,-100.0,-100.0,-100.0,-100.0,-100.0,-100.0,-100.0,-100.0,-100.0,-80.0,-100.0,-53.0,-79.0,-100.0,-67.0,-40.0,-67.0,-76.0,-65.0,-81.0,-55.0,-86.0,-100.0,-100.0,-61.0,-83.0,-100.0,-60.0,-73.0,-100.0,-84.0,-63.0,-100.0,-41.0,-54.0,-45.0,-69.0,-79.0,-100.0,-80.0,-46.0,-64.0,-48.0,-64.0,-63.0,-59.0,-84.0,-63.0,-90.0,-42.0,-54.0,-45.0,-69.0,-79.0,-100.0,-81.0,-48.0,-64.0,-49.0,-65.0,-77.0,-100.0,-82.0,-61.0,-86.0,-81.0,-57.0,-85.0,-63.0,-100.0,-86.0,-100.0,-77.0,-62.0,-100.0,-100.0,-65.0,-91.0,-87.0,-91.0,-69.0,-76.0,-81.0,-100.0,-100.0,-100.0,-100.0,-100.0,-100.0,-100.0,-100.0,-100.0,-100.0,-100.0,-100.0,-100.0,-100.0,-100.0,-100.0,-100.0,-100.0,-100.0,-100.0,-100.0,-100.0,-100.0,-100.0,-100.0,-100.0,-100.0,-100.0,-100.0,-100.0,-100.0,-100.0,-100.0,-100.0,-100.0,-100.0,-100.0,-100.0,-100.0,-100.0,-100.0,-100.0,-100.0,-100.0,-100.0,-100.0,-100.0,-100.0,-100.0,-100.0,-100.0,-100.0,-100.0,-100.0,-100.0,-100.0,-100.0,-100.0,-100.0,-100.0,-100.0,-100.0,-100.0,-100.0,-100.0,-100.0,-100.0,-100.0,-100.0,-100.0
2021.02.13 184413,14.0,24.0,28.916896215517237,3.0967240887931036,-35.90689620689655,0.3525776044396552,0.8070563714655172,9.663974224137933,-0.005283162576293104,-0.0054917417241379315,0.006064944179482759,-0.08315470394004004,-0.03638201324140713,-1.3755045923693427,1015.131310086207,-100.0,-100.0,-100.0,-100.0,-100.0,-100.0,-100.0,-100.0,-100.0,-100.0,-75.0,-51.0,-79.0,-100.0,-52.0,-79.0,-100.0,-69.0,-45.0,-73.0,-100.0,-64.0,-76.0,-55.0,-100.0,-61.0,-100.0,-58.0,-83.0,-100.0,-60.0,-72.0,-64.0,-84.0,-63.0,-88.0,-41.0,-50.0,-44.0,-65.0,-82.0,-64.0,-85.0,-47.0,-68.0,-56.0,-72.0,-63.0,-64.0,-84.0,-65.0,-89.0,-40.0,-51.0,-45.0,-65.0,-83.0,-64.0,-85.0,-47.0,-68.0,-56.0,-72.0,-74.0,-100.0,-100.0,-63.0,-86.0,-100.0,-63.0,-86.0,-63.0,-100.0,-100.0,-85.0,-62.0,-66.0,-100.0,-100.0,-60.0,-85.0,-100.0,-100.0,-100.0,-100.0,-100.0,-76.0,-92.0,-81.0,-100.0,-100.0,-100.0,-100.0,-100.0,-100.0,-100.0,-100.0,-100.0,-100.0,-100.0,-100.0,-100.0,-100.0,-100.0,-100.0,-100.0,-100.0,-100.0,-100.0,-100.0,-100.0,-100.0,-100.0,-100.0,-100.0,-100.0,-100.0,-100.0,-100.0,-100.0,-100.0,-100.0,-100.0,-100.0,-100.0,-100.0,-100.0,-100.0,-100.0,-100.0,-100.0,-100.0,-100.0,-100.0,-100.0,-100.0,-100.0,-100.0,-100.0,-100.0,-100.0,-100.0,-100.0,-100.0,-100.0,-100.0,-100.0,-100.0,-100.0,-100.0,-100.0,-100.0,-100.0,-100.0,-100.0,-100.0
2021.02.13 184424,15.0,24.0,29.38460133628319,4.571681356637169,-33.134866911504425,0.21974357488495572,0.632427561858407,9.679777615044248,0.002550946286725664,-9.331084070796406e-05,0.006919400392212389,-0.06517153562961421,-0.022771332829236022,-1.3528142207491713,1015.1323976991149,-100.0,-100.0,-100.0,-100.0,-100.0,-100.0,-100.0,-100.0,-100.0,-100.0,-71.0,-100.0,-82.0,-100.0,-55.0,-77.0,-100.0,-70.0,-47.0,-73.0,-100.0,-63.0,-77.0,-55.0,-100.0,-50.0,-74.0,-65.0,-82.0,-100.0,-100.0,-71.0,-100.0,-86.0,-62.0,-100.0,-51.0,-50.0,-44.0,-63.0,-79.0,-67.0,-85.0,-52.0,-64.0,-48.0,-66.0,-60.0,-63.0,-86.0,-66.0,-100.0,-39.0,-50.0,-44.0,-63.0,-79.0,-67.0,-87.0,-51.0,-64.0,-49.0,-66.0,-73.0,-100.0,-100.0,-100.0,-86.0,-100.0,-100.0,-85.0,-67.0,-100.0,-100.0,-100.0,-67.0,-60.0,-71.0,-100.0,-100.0,-87.0,-100.0,-100.0,-68.0,-100.0,-100.0,-100.0,-100.0,-100.0,-77.0,-81.0,-90.0,-89.0,-91.0,-90.0,-100.0,-100.0,-100.0,-100.0,-100.0,-100.0,-100.0,-100.0,-100.0,-100.0,-100.0,-100.0,-100.0,-100.0,-100.0,-100.0,-100.0,-100.0,-100.0,-100.0,-100.0,-100.0,-100.0,-100.0,-100.0,-100.0,-100.0,-100.0,-100.0,-100.0,-100.0,-100.0,-100.0,-100.0,-100.0,-100.0,-100.0,-100.0,-100.0,-100.0,-100.0,-100.0,-100.0,-100.0,-100.0,-100.0,-100.0,-100.0,-100.0,-100.0,-100.0,-100.0,-100.0,-100.0,-100.0,-100.0,-100.0,-100.0,-100.0,-100.0,-100.0
2021.02.13 184552,23.0,24.0,36.80817355652175,6.998086849565216,-40.464521095652174,0.2705946922608696,0.4859545076521739,9.676368060869565,-0.004029240561130436,-0.0007683887973913044,0.006119940150260868,-0.05018734412024846,-0.027945565440408514,-1.3386495745700338,1015.1417171304348,-100.0,-100.0,-100.0,-100.0,-100.0,-100.0,-100.0,-100.0,-100.0,-100.0,-100.0,-100.0,-79.0,-100.0,-54.0,-78.0,-100.0,-68.0,-48.0,-68.0,-100.0,-63.0,-73.0,-62.0,-100.0,-100.0,-100.0,-63.0,-85.0,-100.0,-100.0,-100.0,-100.0,-83.0,-71.0,-100.0,-34.0,-47.0,-43.0,-61.0,-80.0,-67.0,-100.0,-56.0,-67.0,-52.0,-63.0,-58.0,-100.0,-83.0,-72.0,-100.0,-34.0,-47.0,-45.0,-61.0,-79.0,-68.0,-90.0,-55.0,-67.0,-52.0,-63.0,-76.0,-100.0,-100.0,-63.0,-100.0,-100.0,-100.0,-100.0,-100.0,-100.0,-100.0,-76.0,-60.0,-58.0,-100.0,-100.0,-59.0,-81.0,-100.0,-90.0,-100.0,-100.0,-100.0,-74.0,-100.0,-100.0,-100.0,-100.0,-91.0,-100.0,-86.0,-86.0,-100.0,-100.0,-100.0,-100.0,-100.0,-100.0,-100.0,-100.0,-100.0,-100.0,-100.0,-100.0,-100.0,-100.0,-100.0,-100.0,-100.0,-100.0,-100.0,-100.0,-100.0,-100.0,-100.0,-100.0,-100.0,-100.0,-100.0,-100.0,-100.0,-100.0,-100.0,-100.0,-100.0,-100.0,-100.0,-100.0,-100.0,-100.0,-100.0,-100.0,-100.0,-100.0,-100.0,-100.0,-100.0,-100.0,-100.0,-100.0,-100.0,-100.0,-100.0,-100.0,-100.0,-100.0,-100.0,-100.0,-100.0,-100.0,-100.0,-100.0,-100.0
2021.02.13 184603,24.0,24.0,35.798420535087715,4.088947319298246,-41.25842054385964,0.29741513550877186,0.6166517757894737,9.664133228070176,-0.0026622256383333335,-0.0030085541175438597,0.0021731263861403506,-0.06373040296398752,-0.0308054323152949,-1.3936084655293248,1015.1438336842107,-100.0,-100.0,-100.0,-100.0,-100.0,-100.0,-100.0,-100.0,-100.0,-60.0,-100.0,-100.0,-73.0,-68.0,-54.0,-74.0,-100.0,-100.0,-100.0,-100.0,-100.0,-68.0,-71.0,-100.0,-69.0,-50.0,-100.0,-79.0,-100.0,-54.0,-100.0,-100.0,-58.0,-70.0,-77.0,-100.0,-37.0,-44.0,-51.0,-71.0,-77.0,-100.0,-100.0,-62.0,-72.0,-42.0,-53.0,-55.0,-62.0,-70.0,-100.0,-100.0,-37.0,-44.0,-50.0,-71.0,-77.0,-100.0,-100.0,-64.0,-73.0,-42.0,-53.0,-100.0,-100.0,-100.0,-58.0,-79.0,-100.0,-59.0,-79.0,-56.0,-61.0,-86.0,-60.0,-61.0,-54.0,-100.0,-100.0,-63.0,-70.0,-100.0,-100.0,-100.0,-71.0,-100.0,-100.0,-81.0,-100.0,-100.0,-69.0,-100.0,-100.0,-82.0,-82.0,-77.0,-75.0,-100.0,-100.0,-100.0,-100.0,-100.0,-100.0,-100.0,-100.0,-100.0,-100.0,-100.0,-100.0,-100.0,-100.0,-100.0,-100.0,-100.0,-100.0,-100.0,-100.0,-100.0,-100.0,-100.0,-100.0,-100.0,-100.0,-100.0,-100.0,-100.0,-100.0,-100.0,-100.0,-100.0,-100.0,-100.0,-100.0,-100.0,-100.0,-100.0,-100.0,-100.0,-100.0,-100.0,-100.0,-100.0,-100.0,-100.0,-100.0,-100.0,-100.0,-100.0,-100.0,-100.0,-100.0,-100.0,-100.0,-100.0,-100.0,-100.0
2021.02.13 184615,25.0,24.0,36.45451275221239,3.9658406628318583,-39.702477327433634,0.2690063095079646,0.728749447079646,9.672785495575223,-0.002995493842566372,-0.005910045624778762,0.0002917826415929214,-0.07513803062317642,-0.02776813413741772,-1.3899237772004793,1015.1444876991152,-100.0,-100.0,-100.0,-100.0,-100.0,-100.0,-100.0,-82.0,-100.0,-100.0,-100.0,-52.0,-68.0,-100.0,-58.0,-68.0,-100.0,-100.0,-79.0,-93.0,-100.0,-69.0,-70.0,-100.0,-73.0,-44.0,-100.0,-100.0,-100.0,-62.0,-100.0,-100.0,-56.0,-74.0,-81.0,-100.0,-39.0,-51.0,-55.0,-75.0,-80.0,-100.0,-100.0,-56.0,-72.0,-38.0,-53.0,-58.0,-56.0,-73.0,-80.0,-100.0,-39.0,-51.0,-55.0,-75.0,-80.0,-100.0,-100.0,-56.0,-72.0,-37.0,-53.0,-100.0,-100.0,-100.0,-64.0,-83.0,-100.0,-64.0,-82.0,-66.0,-100.0,-100.0,-100.0,-68.0,-58.0,-100.0,-70.0,-100.0,-61.0,-100.0,-85.0,-52.0,-100.0,-78.0,-100.0,-75.0,-100.0,-100.0,-68.0,-100.0,-100.0,-85.0,-84.0,-77.0,-100.0,-63.0,-91.0,-100.0,-100.0,-100.0,-100.0,-100.0,-100.0,-100.0,-100.0,-100.0,-100.0,-100.0,-100.0,-100.0,-100.0,-100.0,-100.0,-100.0,-100.0,-100.0,-100.0,-100.0,-100.0,-100.0,-100.0,-100.0,-100.0,-100.0,-100.0,-100.0,-100.0,-100.0,-100.0,-100.0,-100.0,-100.0,-100.0,-100.0,-100.0,-100.0,-100.0,-100.0,-100.0,-100.0,-100.0,-100.0,-100.0,-100.0,-100.0,-100.0,-100.0,-100.0,-100.0,-100.0,-100.0,-100.0,-100.0,-100.0
2021.02.13 184626,26.0,24.0,36.687026558558564,5.9935133990991005,-36.45135091891892,0.23481149381981983,0.5754456152252252,9.676343009009006,0.0018397555846846837,-0.004748607768468468,0.00316342909027027,-0.059365161300242435,-0.024183249429837333,-1.3583740747726716,1015.1441009909912,-100.0,-100.0,-100.0,-100.0,-100.0,-100.0,-100.0,-100.0,-100.0,-72.0,-100.0,-100.0,-70.0,-72.0,-58.0,-70.0,-100.0,-100.0,-100.0,-100.0,-100.0,-66.0,-70.0,-100.0,-74.0,-50.0,-100.0,-100.0,-100.0,-65.0,-100.0,-100.0,-48.0,-77.0,-83.0,-100.0,-44.0,-56.0,-57.0,-86.0,-81.0,-100.0,-100.0,-61.0,-75.0,-38.0,-53.0,-65.0,-49.0,-76.0,-82.0,-100.0,-45.0,-56.0,-57.0,-85.0,-81.0,-100.0,-90.0,-61.0,-75.0,-39.0,-53.0,-100.0,-72.0,-100.0,-55.0,-80.0,-100.0,-63.0,-80.0,-65.0,-56.0,-85.0,-64.0,-100.0,-65.0,-100.0,-69.0,-100.0,-64.0,-100.0,-86.0,-55.0,-100.0,-100.0,-100.0,-76.0,-100.0,-100.0,-76.0,-100.0,-100.0,-86.0,-86.0,-100.0,-79.0,-100.0,-100.0,-91.0,-100.0,-100.0,-100.0,-100.0,-100.0,-100.0,-100.0,-100.0,-100.0,-100.0,-100.0,-100.0,-100.0,-100.0,-100.0,-100.0,-100.0,-100.0,-100.0,-100.0,-100.0,-100.0,-100.0,-100.0,-100.0,-100.0,-100.0,-100.0,-100.0,-100.0,-100.0,-100.0,-100.0,-100.0,-100.0,-100.0,-100.0,-100.0,-100.0,-100.0,-100.0,-100.0,-100.0,-100.0,-100.0,-100.0,-100.0,-100.0,-100.0,-100.0,-100.0,-100.0,-100.0,-100.0,-100.0,-100.0
2021.02.13 184757,34.0,24.0,41.8086201637931,-1.790689623275862,-33.84413750862068,0.20638235942241384,0.515801102327586,9.690042935344827,-0.0065628200957758625,-0.005165244746982759,0.0015203170801724143,-0.05318780651251813,-0.02128183009737198,-1.5717060596778476,1015.169041551724,-100.0,-100.0,-100.0,-100.0,-100.0,-100.0,-100.0,-100.0,-100.0,-74.0,-100.0,-55.0,-70.0,-74.0,-57.0,-70.0,-75.0,-100.0,-71.0,-100.0,-100.0,-69.0,-61.0,-100.0,-100.0,-56.0,-100.0,-100.0,-100.0,-100.0,-100.0,-100.0,-48.0,-69.0,-78.0,-100.0,-44.0,-60.0,-56.0,-78.0,-82.0,-73.0,-100.0,-58.0,-74.0,-40.0,-50.0,-61.0,-48.0,-70.0,-77.0,-100.0,-43.0,-60.0,-56.0,-78.0,-83.0,-100.0,-100.0,-58.0,-74.0,-40.0,-50.0,-100.0,-67.0,-100.0,-56.0,-82.0,-100.0,-53.0,-83.0,-73.0,-52.0,-100.0,-71.0,-75.0,-63.0,-100.0,-100.0,-71.0,-82.0,-100.0,-90.0,-58.0,-65.0,-76.0,-100.0,-72.0,-100.0,-100.0,-69.0,-100.0,-100.0,-100.0,-100.0,-100.0,-100.0,-66.0,-100.0,-84.0,-79.0,-68.0,-76.0,-64.0,-100.0,-100.0,-100.0,-100.0,-100.0,-100.0,-100.0,-100.0,-100.0,-100.0,-100.0,-100.0,-100.0,-100.0,-100.0,-100.0,-100.0,-100.0,-100.0,-100.0,-100.0,-100.0,-100.0,-100.0,-100.0,-100.0,-100.0,-100.0,-100.0,-100.0,-100.0,-100.0,-100.0,-100.0,-100.0,-100.0,-100.0,-100.0,-100.0,-100.0,-100.0,-100.0,-100.0,-100.0,-100.0,-100.0,-100.0,-100.0,-100.0,-100.0,-100.0,-100.0
2021.02.13 184808,35.0,24.0,38.83578887719298,-5.348420964912279,-32.93105219298246,0.19866180136842104,0.7237850730701754,9.650061594736842,-0.0018852481557894742,-0.001711805308333333,0.005559677343157894,-0.0748687099600047,-0.020492446695642274,-1.644953467343983,1015.1741898245613,-100.0,-100.0,-100.0,-100.0,-100.0,-100.0,-100.0,-100.0,-100.0,-73.0,-54.0,-100.0,-63.0,-100.0,-54.0,-63.0,-100.0,-100.0,-100.0,-100.0,-100.0,-83.0,-60.0,-100.0,-90.0,-100.0,-100.0,-100.0,-100.0,-100.0,-100.0,-100.0,-38.0,-54.0,-100.0,-100.0,-58.0,-65.0,-61.0,-88.0,-78.0,-100.0,-100.0,-69.0,-76.0,-31.0,-40.0,-68.0,-38.0,-54.0,-100.0,-100.0,-58.0,-65.0,-61.0,-88.0,-78.0,-100.0,-100.0,-69.0,-76.0,-30.0,-39.0,-100.0,-100.0,-100.0,-51.0,-78.0,-100.0,-50.0,-78.0,-100.0,-100.0,-80.0,-81.0,-100.0,-68.0,-53.0,-56.0,-100.0,-92.0,-100.0,-83.0,-50.0,-60.0,-100.0,-100.0,-80.0,-100.0,-100.0,-100.0,-100.0,-67.0,-100.0,-100.0,-100.0,-100.0,-100.0,-100.0,-100.0,-100.0,-79.0,-100.0,-100.0,-85.0,-86.0,-88.0,-100.0,-100.0,-100.0,-100.0,-100.0,-100.0,-100.0,-100.0,-100.0,-100.0,-100.0,-100.0,-100.0,-100.0,-100.0,-100.0,-100.0,-100.0,-100.0,-100.0,-100.0,-100.0,-100.0,-100.0,-100.0,-100.0,-100.0,-100.0,-100.0,-100.0,-100.0,-100.0,-100.0,-100.0,-100.0,-100.0,-100.0,-100.0,-100.0,-100.0,-100.0,-100.0,-100.0,-100.0,-100.0,-100.0,-100.0,-100.0,-100.0
2021.02.13 184819,36.0,24.0,33.43034431896552,-7.569827437931035,-30.944482422413788,0.2817813767327586,0.7471788665517242,9.662570737068965,-0.0038929177758620695,-0.005739247390086206,0.002715717284482758,-0.07713533497961428,-0.029096522944545785,-1.722587405607618,1015.1756773275862,-100.0,-100.0,-100.0,-100.0,-100.0,-100.0,-100.0,-70.0,-100.0,-100.0,-59.0,-52.0,-69.0,-100.0,-51.0,-69.0,-56.0,-100.0,-100.0,-100.0,-100.0,-100.0,-53.0,-100.0,-90.0,-100.0,-100.0,-100.0,-100.0,-100.0,-100.0,-100.0,-41.0,-58.0,-100.0,-100.0,-53.0,-70.0,-100.0,-90.0,-77.0,-100.0,-100.0,-68.0,-73.0,-36.0,-45.0,-71.0,-42.0,-58.0,-100.0,-100.0,-52.0,-70.0,-100.0,-89.0,-77.0,-100.0,-100.0,-68.0,-73.0,-36.0,-46.0,-100.0,-77.0,-66.0,-43.0,-74.0,-65.0,-42.0,-74.0,-100.0,-63.0,-76.0,-100.0,-100.0,-71.0,-58.0,-56.0,-100.0,-100.0,-100.0,-82.0,-42.0,-66.0,-71.0,-100.0,-100.0,-100.0,-100.0,-83.0,-100.0,-100.0,-100.0,-100.0,-100.0,-100.0,-100.0,-100.0,-100.0,-79.0,-79.0,-100.0,-100.0,-85.0,-100.0,-100.0,-67.0,-90.0,-86.0,-89.0,-100.0,-100.0,-100.0,-100.0,-100.0,-100.0,-100.0,-100.0,-100.0,-100.0,-100.0,-100.0,-100.0,-100.0,-100.0,-100.0,-100.0,-100.0,-100.0,-100.0,-100.0,-100.0,-100.0,-100.0,-100.0,-100.0,-100.0,-100.0,-100.0,-100.0,-100.0,-100.0,-100.0,-100.0,-100.0,-100.0,-100.0,-100.0,-100.0,-100.0,-100.0,-100.0,-100.0,-100.0,-100.0
2021.02.13 184830,37.0,24.0,24.108849238938053,-8.397344939823011,-28.30725625663717,0.22834601353451325,0.586830397079646,9.680201349557521,-0.002638705296194691,-0.0033098139716814163,0.0021622196865486733,-0.06061487148754888,-0.023672523747086973,-1.8354137102059558,1015.182492920354,-100.0,-100.0,-89.0,-67.0,-100.0,-100.0,-100.0,-100.0,-72.0,-100.0,-55.0,-51.0,-69.0,-65.0,-51.0,-69.0,-64.0,-100.0,-100.0,-100.0,-100.0,-88.0,-66.0,-100.0,-100.0,-66.0,-100.0,-100.0,-100.0,-100.0,-100.0,-100.0,-44.0,-60.0,-76.0,-100.0,-47.0,-72.0,-62.0,-84.0,-75.0,-100.0,-100.0,-63.0,-75.0,-44.0,-52.0,-60.0,-42.0,-59.0,-77.0,-100.0,-47.0,-72.0,-60.0,-84.0,-75.0,-100.0,-100.0,-63.0,-75.0,-45.0,-52.0,-100.0,-100.0,-100.0,-53.0,-68.0,-100.0,-52.0,-70.0,-100.0,-100.0,-80.0,-100.0,-100.0,-69.0,-55.0,-59.0,-100.0,-100.0,-75.0,-79.0,-53.0,-65.0,-70.0,-100.0,-87.0,-100.0,-100.0,-100.0,-100.0,-60.0,-100.0,-100.0,-100.0,-100.0,-100.0,-100.0,-100.0,-100.0,-100.0,-100.0,-100.0,-81.0,-88.0,-88.0,-100.0,-90.0,-100.0,-91.0,-85.0,-100.0,-100.0,-100.0,-100.0,-100.0,-100.0,-100.0,-100.0,-100.0,-100.0,-100.0,-100.0,-100.0,-100.0,-100.0,-100.0,-100.0,-100.0,-100.0,-100.0,-100.0,-100.0,-100.0,-100.0,-100.0,-100.0,-100.0,-100.0,-100.0,-100.0,-100.0,-100.0,-100.0,-100.0,-100.0,-100.0,-100.0,-100.0,-100.0,-100.0,-100.0,-100.0,-100.0,-100.0
2021.02.13 184958,45.0,24.0,27.075262815789465,8.225262980701755,-26.982631184210526,0.12443928288596491,0.6665745029824562,9.679212960526314,-0.0005831405590350878,-0.0026656123921052636,0.0003244552243859649,-0.06875999915625962,-0.012838724183737011,-1.2198608684958072,1015.2085694736841,-100.0,-100.0,-89.0,-100.0,-100.0,-100.0,-91.0,-76.0,-100.0,-100.0,-56.0,-100.0,-72.0,-66.0,-55.0,-72.0,-49.0,-100.0,-100.0,-100.0,-100.0,-100.0,-65.0,-100.0,-91.0,-100.0,-100.0,-100.0,-100.0,-100.0,-100.0,-100.0,-47.0,-71.0,-100.0,-100.0,-67.0,-70.0,-100.0,-100.0,-77.0,-100.0,-100.0,-66.0,-77.0,-39.0,-51.0,-100.0,-46.0,-72.0,-100.0,-100.0,-59.0,-70.0,-100.0,-100.0,-76.0,-100.0,-100.0,-66.0,-77.0,-39.0,-51.0,-100.0,-68.0,-57.0,-100.0,-69.0,-57.0,-100.0,-69.0,-100.0,-100.0,-74.0,-100.0,-100.0,-100.0,-56.0,-100.0,-100.0,-100.0,-100.0,-100.0,-54.0,-67.0,-100.0,-100.0,-100.0,-100.0,-100.0,-100.0,-100.0,-56.0,-100.0,-100.0,-100.0,-100.0,-100.0,-90.0,-100.0,-76.0,-100.0,-100.0,-100.0,-78.0,-82.0,-82.0,-100.0,-88.0,-85.0,-87.0,-100.0,-84.0,-100.0,-100.0,-100.0,-100.0,-100.0,-100.0,-100.0,-100.0,-100.0,-100.0,-100.0,-100.0,-100.0,-100.0,-100.0,-100.0,-100.0,-100.0,-100.0,-100.0,-100.0,-100.0,-100.0,-100.0,-100.0,-100.0,-100.0,-100.0,-100.0,-100.0,-100.0,-100.0,-100.0,-100.0,-100.0,-100.0,-100.0,-100.0,-100.0,-100.0,-100.0,-100.0,-100.0
2021.02.13 185009,45.0,23.0,13.468420736842106,-26.640526017543856,-29.79526280701754,0.21523270389473684,0.571181565263158,9.677616789473685,-0.001542306072982456,-0.0023923304337719296,0.008726531544035087,-0.05893503738926688,-0.022238338531583118,-2.625087493344357,1015.2080550877193,-100.0,-83.0,-88.0,-55.0,-100.0,-100.0,-91.0,-100.0,-67.0,-56.0,-36.0,-53.0,-66.0,-60.0,-54.0,-67.0,-56.0,-100.0,-100.0,-100.0,-100.0,-86.0,-100.0,-100.0,-100.0,-100.0,-100.0,-100.0,-100.0,-100.0,-100.0,-100.0,-66.0,-82.0,-100.0,-100.0,-62.0,-75.0,-76.0,-92.0,-71.0,-100.0,-100.0,-67.0,-74.0,-58.0,-100.0,-100.0,-66.0,-82.0,-100.0,-100.0,-100.0,-75.0,-77.0,-94.0,-71.0,-100.0,-100.0,-66.0,-74.0,-52.0,-100.0,-100.0,-100.0,-100.0,-52.0,-52.0,-75.0,-54.0,-52.0,-100.0,-100.0,-70.0,-100.0,-100.0,-100.0,-36.0,-100.0,-100.0,-100.0,-100.0,-72.0,-100.0,-100.0,-52.0,-100.0,-100.0,-100.0,-100.0,-100.0,-75.0,-100.0,-100.0,-100.0,-100.0,-100.0,-100.0,-78.0,-100.0,-48.0,-100.0,-100.0,-100.0,-90.0,-100.0,-100.0,-56.0,-89.0,-63.0,-89.0,-100.0,-64.0,-75.0,-83.0,-82.0,-100.0,-100.0,-100.0,-100.0,-100.0,-100.0,-100.0,-100.0,-100.0,-100.0,-100.0,-100.0,-100.0,-100.0,-100.0,-100.0,-100.0,-100.0,-100.0,-100.0,-100.0,-100.0,-100.0,-100.0,-100.0,-100.0,-100.0,-100.0,-100.0,-100.0,-100.0,-100.0,-100.0,-100.0,-100.0,-100.0,-100.0,-100.0,-100.0,-100.0
2021.02.13 185020,45.0,22.0,12.424615119658123,-27.083589487179484,-31.645127760683756,0.20603041569743588,0.680894917863248,9.690673807692308,-0.0013572328706837609,-0.004923725309829059,0.0057550556068376064,-0.07012301778946164,-0.02127591901832916,-2.6564333133208446,1015.2132865811965,-100.0,-100.0,-89.0,-57.0,-100.0,-100.0,-90.0,-100.0,-100.0,-100.0,-48.0,-43.0,-62.0,-100.0,-44.0,-62.0,-52.0,-100.0,-100.0,-100.0,-100.0,-100.0,-82.0,-100.0,-100.0,-100.0,-100.0,-100.0,-100.0,-100.0,-100.0,-100.0,-100.0,-83.0,-100.0,-100.0,-100.0,-76.0,-76.0,-100.0,-78.0,-100.0,-100.0,-100.0,-85.0,-100.0,-63.0,-100.0,-100.0,-84.0,-100.0,-100.0,-63.0,-77.0,-77.0,-100.0,-78.0,-100.0,-100.0,-100.0,-85.0,-100.0,-63.0,-100.0,-100.0,-100.0,-55.0,-61.0,-100.0,-56.0,-61.0,-100.0,-100.0,-74.0,-100.0,-100.0,-100.0,-47.0,-100.0,-100.0,-100.0,-100.0,-74.0,-73.0,-100.0,-100.0,-100.0,-100.0,-100.0,-100.0,-100.0,-100.0,-100.0,-100.0,-100.0,-100.0,-100.0,-100.0,-77.0,-100.0,-100.0,-90.0,-100.0,-100.0,-100.0,-100.0,-100.0,-100.0,-84.0,-100.0,-83.0,-100.0,-100.0,-69.0,-83.0,-84.0,-67.0,-100.0,-100.0,-100.0,-100.0,-100.0,-100.0,-100.0,-100.0,-100.0,-100.0,-100.0,-100.0,-100.0,-100.0,-100.0,-100.0,-100.0,-100.0,-100.0,-100.0,-100.0,-100.0,-100.0,-100.0,-100.0,-100.0,-100.0,-100.0,-100.0,-100.0,-100.0,-100.0,-100.0,-100.0,-100.0,-100.0,-100.0,-100.0,-100.0
2021.02.13 185032,45.0,21.0,14.55292010176991,-27.66477838938053,-36.01592881415929,0.23758409916814163,0.6913733338053099,9.666916362831858,0.001718439716814159,-0.0011690825499999999,0.0035353149405309738,-0.07138951426058741,-0.02459821653185589,-2.589669390062315,1015.2164013274336,-100.0,-100.0,-89.0,-57.0,-100.0,-100.0,-88.0,-100.0,-100.0,-60.0,-47.0,-55.0,-66.0,-60.0,-56.0,-66.0,-59.0,-100.0,-100.0,-100.0,-100.0,-90.0,-90.0,-100.0,-100.0,-100.0,-100.0,-100.0,-100.0,-100.0,-100.0,-100.0,-100.0,-88.0,-100.0,-100.0,-68.0,-84.0,-100.0,-100.0,-85.0,-100.0,-100.0,-75.0,-84.0,-68.0,-75.0,-100.0,-100.0,-88.0,-100.0,-100.0,-100.0,-84.0,-100.0,-100.0,-85.0,-100.0,-100.0,-71.0,-85.0,-67.0,-76.0,-100.0,-100.0,-100.0,-100.0,-60.0,-100.0,-100.0,-61.0,-100.0,-100.0,-69.0,-100.0,-100.0,-100.0,-46.0,-100.0,-100.0,-100.0,-80.0,-71.0,-100.0,-100.0,-62.0,-100.0,-100.0,-100.0,-100.0,-100.0,-70.0,-100.0,-100.0,-100.0,-100.0,-100.0,-100.0,-72.0,-100.0,-58.0,-100.0,-100.0,-100.0,-100.0,-100.0,-100.0,-100.0,-100.0,-100.0,-100.0,-100.0,-61.0,-72.0,-81.0,-81.0,-70.0,-83.0,-88.0,-89.0,-70.0,-100.0,-100.0,-100.0,-100.0,-100.0,-100.0,-100.0,-100.0,-100.0,-100.0,-100.0,-100.0,-100.0,-100.0,-100.0,-100.0,-100.0,-100.0,-100.0,-100.0,-100.0,-100.0,-100.0,-100.0,-100.0,-100.0,-100.0,-100.0,-100.0,-100.0,-100.0,-100.0,-100.0,-100.0,-100.0
2021.02.13 185208,47.0,19.0,-5.803539724778761,19.394867017699113,-35.55876066371681,0.20965795733982304,0.6284653501769911,9.680794668141594,-0.00101153326300885,-0.004623444392920353,0.0021514079486725656,-0.0647549408455008,-0.021691072867684586,0.22798579021365242,1015.2362218584071,-100.0,-100.0,-100.0,-56.0,-100.0,-100.0,-100.0,-63.0,-100.0,-68.0,-48.0,-59.0,-77.0,-68.0,-56.0,-77.0,-46.0,-100.0,-100.0,-100.0,-100.0,-100.0,-87.0,-100.0,-100.0,-100.0,-100.0,-100.0,-100.0,-100.0,-100.0,-100.0,-70.0,-100.0,-100.0,-100.0,-100.0,-83.0,-100.0,-100.0,-92.0,-100.0,-100.0,-79.0,-91.0,-70.0,-79.0,-100.0,-70.0,-100.0,-100.0,-100.0,-72.0,-84.0,-100.0,-100.0,-91.0,-100.0,-100.0,-79.0,-91.0,-70.0,-80.0,-100.0,-100.0,-100.0,-100.0,-66.0,-100.0,-100.0,-66.0,-100.0,-100.0,-70.0,-100.0,-100.0,-100.0,-48.0,-100.0,-100.0,-100.0,-100.0,-77.0,-100.0,-100.0,-57.0,-100.0,-100.0,-100.0,-100.0,-100.0,-100.0,-66.0,-100.0,-100.0,-100.0,-100.0,-100.0,-79.0,-100.0,-63.0,-100.0,-100.0,-100.0,-100.0,-100.0,-100.0,-100.0,-90.0,-100.0,-100.0,-90.0,-100.0,-77.0,-87.0,-87.0,-100.0,-72.0,-100.0,-100.0,-100.0,-78.0,-100.0,-100.0,-100.0,-100.0,-100.0,-100.0,-100.0,-100.0,-100.0,-100.0,-100.0,-100.0,-100.0,-100.0,-100.0,-100.0,-100.0,-100.0,-100.0,-100.0,-100.0,-100.0,-100.0,-100.0,-100.0,-100.0,-100.0,-100.0,-100.0,-100.0,-100.0,-100.0,-100.0,-100.0
2021.02.13 185219,47.0,20.0,-4.618407030973451,17.181238707964603,-28.7076102920354,0.23514744852212388,0.5213374495575221,9.67117518141593,-0.002217046181061947,-0.001698859384955752,0.0037677680667256627,-0.053838783811301215,-0.02428208604306637,0.20642639446047556,1015.2351068141593,-100.0,-100.0,-100.0,-60.0,-100.0,-100.0,-90.0,-100.0,-100.0,-100.0,-48.0,-60.0,-73.0,-100.0,-59.0,-73.0,-45.0,-100.0,-100.0,-100.0,-100.0,-100.0,-91.0,-100.0,-100.0,-100.0,-100.0,-100.0,-100.0,-100.0,-100.0,-100.0,-60.0,-100.0,-100.0,-100.0,-72.0,-100.0,-100.0,-100.0,-100.0,-100.0,-100.0,-100.0,-90.0,-69.0,-82.0,-100.0,-72.0,-100.0,-100.0,-100.0,-74.0,-100.0,-100.0,-100.0,-100.0,-100.0,-100.0,-100.0,-91.0,-69.0,-82.0,-100.0,-100.0,-75.0,-76.0,-57.0,-75.0,-77.0,-57.0,-100.0,-100.0,-77.0,-100.0,-100.0,-100.0,-48.0,-100.0,-100.0,-100.0,-100.0,-73.0,-75.0,-100.0,-56.0,-100.0,-100.0,-100.0,-100.0,-100.0,-72.0,-59.0,-100.0,-100.0,-100.0,-100.0,-100.0,-86.0,-100.0,-65.0,-100.0,-100.0,-100.0,-100.0,-100.0,-100.0,-54.0,-100.0,-71.0,-100.0,-100.0,-71.0,-100.0,-85.0,-87.0,-100.0,-100.0,-100.0,-100.0,-100.0,-100.0,-85.0,-100.0,-100.0,-100.0,-100.0,-100.0,-100.0,-100.0,-100.0,-100.0,-100.0,-100.0,-100.0,-100.0,-100.0,-100.0,-100.0,-100.0,-100.0,-100.0,-100.0,-100.0,-100.0,-100.0,-100.0,-100.0,-100.0,-100.0,-100.0,-100.0,-100.0,-100.0,-100.0,-100.0
2021.02.13 185230,47.0,21.0,-2.320862028965517,20.375172163793106,-30.19189605172414,0.08609069176551722,0.5223027935344827,9.687504310344826,0.0006569749822413799,-0.002490076166379311,0.004485120114482758,-0.053815039974669396,-0.008895387639470188,0.09307163475274009,1015.2366530172413,-100.0,-100.0,-90.0,-56.0,-100.0,-100.0,-100.0,-100.0,-75.0,-100.0,-38.0,-61.0,-75.0,-100.0,-64.0,-75.0,-50.0,-100.0,-100.0,-100.0,-100.0,-100.0,-100.0,-100.0,-100.0,-100.0,-100.0,-100.0,-100.0,-100.0,-100.0,-100.0,-100.0,-100.0,-100.0,-100.0,-100.0,-86.0,-100.0,-100.0,-92.0,-100.0,-100.0,-77.0,-100.0,-67.0,-83.0,-88.0,-69.0,-100.0,-100.0,-100.0,-100.0,-86.0,-100.0,-100.0,-91.0,-100.0,-100.0,-77.0,-92.0,-68.0,-83.0,-100.0,-100.0,-100.0,-73.0,-54.0,-73.0,-73.0,-54.0,-100.0,-100.0,-76.0,-100.0,-100.0,-100.0,-40.0,-77.0,-100.0,-100.0,-81.0,-77.0,-100.0,-100.0,-58.0,-100.0,-100.0,-100.0,-100.0,-100.0,-100.0,-61.0,-100.0,-100.0,-100.0,-100.0,-100.0,-85.0,-100.0,-68.0,-100.0,-100.0,-100.0,-91.0,-100.0,-100.0,-100.0,-100.0,-100.0,-100.0,-100.0,-100.0,-80.0,-80.0,-81.0,-78.0,-100.0,-100.0,-100.0,-100.0,-100.0,-83.0,-100.0,-100.0,-100.0,-100.0,-100.0,-100.0,-100.0,-100.0,-100.0,-100.0,-100.0,-100.0,-100.0,-100.0,-100.0,-100.0,-100.0,-100.0,-100.0,-100.0,-100.0,-100.0,-100.0,-100.0,-100.0,-100.0,-100.0,-100.0,-100.0,-100.0,-100.0,-100.0,-100.0
2021.02.13 185243,48.0,21.0,28.855178187499998,10.919464035714286,-26.794285374999998,0.19502650860714285,0.7097955875892856,9.683238352678572,-0.0009948813212499997,-0.003147395946875,1.8544194285714304e-05,-0.07316262171869828,-0.020116237035836055,-1.1594210575733865,1015.2340083928572,-100.0,-100.0,-100.0,-56.0,-100.0,-100.0,-100.0,-69.0,-80.0,-100.0,-42.0,-100.0,-73.0,-100.0,-100.0,-73.0,-45.0,-100.0,-100.0,-100.0,-100.0,-100.0,-90.0,-100.0,-100.0,-100.0,-100.0,-100.0,-100.0,-100.0,-100.0,-100.0,-62.0,-100.0,-100.0,-100.0,-71.0,-82.0,-100.0,-100.0,-86.0,-100.0,-100.0,-100.0,-81.0,-66.0,-75.0,-87.0,-58.0,-100.0,-100.0,-100.0,-72.0,-82.0,-100.0,-100.0,-86.0,-100.0,-100.0,-100.0,-82.0,-66.0,-75.0,-100.0,-100.0,-70.0,-100.0,-51.0,-70.0,-66.0,-51.0,-100.0,-100.0,-73.0,-100.0,-100.0,-88.0,-42.0,-71.0,-100.0,-100.0,-100.0,-67.0,-73.0,-84.0,-55.0,-100.0,-100.0,-100.0,-100.0,-100.0,-70.0,-100.0,-100.0,-100.0,-100.0,-100.0,-100.0,-82.0,-100.0,-58.0,-100.0,-100.0,-100.0,-100.0,-100.0,-100.0,-100.0,-91.0,-75.0,-91.0,-93.0,-74.0,-80.0,-80.0,-80.0,-100.0,-75.0,-100.0,-100.0,-100.0,-79.0,-100.0,-87.0,-100.0,-100.0,-100.0,-100.0,-100.0,-100.0,-100.0,-100.0,-100.0,-100.0,-100.0,-100.0,-100.0,-100.0,-100.0,-100.0,-100.0,-100.0,-100.0,-100.0,-100.0,-100.0,-100.0,-100.0,-100.0,-100.0,-100.0,-100.0,-100.0,-100.0,-100.0,-100.0
2021.02.13 185415,53.0,24.0,31.496785187499995,8.42839273482143,-19.92803550892857,0.1518868076267857,0.5217167577696429,9.685119522321429,-0.0014912093033928576,-0.004663650695089286,0.00045487630910714304,-0.05378227844812496,-0.015738192949356695,-1.2815250594701086,1015.2566419642857,-100.0,-100.0,-100.0,-49.0,-100.0,-100.0,-87.0,-100.0,-65.0,-100.0,-44.0,-59.0,-76.0,-100.0,-100.0,-77.0,-60.0,-100.0,-100.0,-100.0,-100.0,-100.0,-100.0,-100.0,-100.0,-100.0,-100.0,-100.0,-100.0,-100.0,-100.0,-100.0,-78.0,-100.0,-100.0,-100.0,-66.0,-81.0,-100.0,-100.0,-100.0,-100.0,-100.0,-100.0,-88.0,-59.0,-75.0,-100.0,-79.0,-100.0,-100.0,-100.0,-67.0,-82.0,-100.0,-100.0,-100.0,-100.0,-100.0,-100.0,-88.0,-62.0,-75.0,-100.0,-100.0,-100.0,-100.0,-56.0,-100.0,-100.0,-56.0,-100.0,-100.0,-68.0,-100.0,-100.0,-100.0,-43.0,-100.0,-100.0,-100.0,-83.0,-66.0,-100.0,-100.0,-53.0,-100.0,-100.0,-100.0,-100.0,-100.0,-100.0,-100.0,-100.0,-100.0,-100.0,-100.0,-100.0,-72.0,-100.0,-59.0,-100.0,-100.0,-100.0,-100.0,-100.0,-100.0,-100.0,-100.0,-100.0,-100.0,-100.0,-66.0,-100.0,-79.0,-79.0,-73.0,-100.0,-100.0,-100.0,-73.0,-100.0,-100.0,-100.0,-91.0,-100.0,-100.0,-100.0,-100.0,-100.0,-100.0,-100.0,-100.0,-100.0,-100.0,-100.0,-100.0,-100.0,-100.0,-100.0,-100.0,-100.0,-100.0,-100.0,-100.0,-100.0,-100.0,-100.0,-100.0,-100.0,-100.0,-100.0,-100.0,-100.0,-100.0,-100.0
2021.02.13 185426,54.0,24.0,34.5410522368421,8.104210354385964,-20.027368192982458,0.15587989131052632,0.6373391494736843,9.687172877192983,-0.0047198772963157895,-0.00330862823377193,0.00011547493947368395,-0.06570552773120106,-0.016118034739823348,-1.3081189320798505,1015.2601554385966,-100.0,-72.0,-78.0,-47.0,-100.0,-100.0,-100.0,-100.0,-100.0,-55.0,-59.0,-38.0,-49.0,-55.0,-40.0,-49.0,-79.0,-100.0,-100.0,-100.0,-100.0,-100.0,-100.0,-100.0,-100.0,-100.0,-100.0,-87.0,-100.0,-100.0,-100.0,-100.0,-69.0,-91.0,-100.0,-100.0,-100.0,-77.0,-100.0,-100.0,-67.0,-100.0,-100.0,-71.0,-73.0,-65.0,-76.0,-100.0,-100.0,-90.0,-100.0,-100.0,-100.0,-78.0,-100.0,-100.0,-67.0,-100.0,-100.0,-71.0,-73.0,-66.0,-77.0,-100.0,-100.0,-100.0,-58.0,-76.0,-100.0,-59.0,-76.0,-100.0,-100.0,-61.0,-100.0,-100.0,-100.0,-60.0,-100.0,-100.0,-100.0,-64.0,-56.0,-82.0,-100.0,-52.0,-100.0,-100.0,-81.0,-100.0,-100.0,-100.0,-100.0,-100.0,-100.0,-100.0,-100.0,-100.0,-73.0,-100.0,-71.0,-100.0,-100.0,-100.0,-100.0,-100.0,-100.0,-100.0,-73.0,-100.0,-72.0,-100.0,-100.0,-64.0,-100.0,-100.0,-100.0,-100.0,-100.0,-100.0,-66.0,-100.0,-100.0,-100.0,-87.0,-86.0,-81.0,-89.0,-89.0,-100.0,-100.0,-100.0,-100.0,-100.0,-100.0,-100.0,-100.0,-100.0,-100.0,-100.0,-100.0,-100.0,-100.0,-100.0,-100.0,-100.0,-100.0,-100.0,-100.0,-100.0,-100.0,-100.0,-100.0,-100.0,-100.0,-100.0
2021.02.13 185436,55.0,24.0,34.22324283783784,5.576216123423425,-19.8556754054054,0.1643421594774775,0.47913536944144147,9.693793202702704,0.005119716500990992,-0.003631439877927927,0.003042356424864864,-0.04937710127633832,-0.0169167023105966,-1.384286127648912,1015.2577059459459,-89.0,-100.0,-77.0,-46.0,-77.0,-77.0,-81.0,-55.0,-100.0,-58.0,-56.0,-37.0,-50.0,-59.0,-37.0,-50.0,-73.0,-100.0,-100.0,-100.0,-100.0,-100.0,-100.0,-100.0,-100.0,-100.0,-100.0,-100.0,-100.0,-100.0,-100.0,-100.0,-73.0,-100.0,-100.0,-100.0,-100.0,-74.0,-100.0,-100.0,-69.0,-100.0,-100.0,-100.0,-77.0,-58.0,-73.0,-100.0,-73.0,-100.0,-100.0,-100.0,-67.0,-74.0,-100.0,-100.0,-69.0,-100.0,-100.0,-100.0,-78.0,-61.0,-73.0,-100.0,-100.0,-80.0,-55.0,-74.0,-80.0,-53.0,-76.0,-100.0,-100.0,-61.0,-100.0,-100.0,-100.0,-56.0,-100.0,-100.0,-100.0,-69.0,-57.0,-80.0,-100.0,-62.0,-100.0,-100.0,-100.0,-100.0,-100.0,-62.0,-100.0,-100.0,-100.0,-100.0,-100.0,-100.0,-70.0,-100.0,-100.0,-100.0,-100.0,-100.0,-100.0,-100.0,-100.0,-100.0,-73.0,-100.0,-73.0,-100.0,-100.0,-61.0,-100.0,-100.0,-61.0,-100.0,-100.0,-100.0,-100.0,-100.0,-100.0,-100.0,-85.0,-84.0,-100.0,-88.0,-86.0,-83.0,-83.0,-100.0,-100.0,-100.0,-100.0,-100.0,-100.0,-100.0,-100.0,-100.0,-100.0,-100.0,-100.0,-100.0,-100.0,-100.0,-100.0,-100.0,-100.0,-100.0,-100.0,-100.0,-100.0,-100.0,-100.0,-100.0
2021.02.13 185447,56.0,24.0,32.46210477192982,2.4405262815789475,-19.75578924561404,0.2512518379298246,0.592288977631579,9.68347649122807,-0.0013922690023684208,-0.0019154267986842095,0.00024407813701754388,-0.06110112102734933,-0.0259500666880947,-1.462094652025323,1015.2576568421052,-88.0,-73.0,-77.0,-53.0,-72.0,-63.0,-82.0,-55.0,-54.0,-45.0,-61.0,-100.0,-51.0,-44.0,-33.0,-51.0,-100.0,-100.0,-100.0,-100.0,-100.0,-100.0,-100.0,-100.0,-100.0,-100.0,-100.0,-100.0,-100.0,-100.0,-100.0,-100.0,-100.0,-100.0,-100.0,-100.0,-100.0,-72.0,-100.0,-100.0,-69.0,-100.0,-100.0,-65.0,-76.0,-65.0,-80.0,-100.0,-100.0,-100.0,-100.0,-100.0,-100.0,-72.0,-100.0,-100.0,-69.0,-100.0,-100.0,-67.0,-76.0,-100.0,-80.0,-100.0,-100.0,-100.0,-50.0,-79.0,-100.0,-51.0,-79.0,-100.0,-100.0,-66.0,-100.0,-100.0,-100.0,-62.0,-100.0,-100.0,-100.0,-100.0,-69.0,-84.0,-100.0,-60.0,-100.0,-100.0,-100.0,-100.0,-100.0,-63.0,-100.0,-100.0,-100.0,-100.0,-100.0,-100.0,-70.0,-100.0,-100.0,-100.0,-100.0,-100.0,-100.0,-100.0,-100.0,-100.0,-74.0,-80.0,-77.0,-100.0,-100.0,-60.0,-100.0,-100.0,-50.0,-100.0,-100.0,-100.0,-51.0,-100.0,-100.0,-100.0,-81.0,-83.0,-100.0,-91.0,-89.0,-100.0,-100.0,-100.0,-100.0,-100.0,-100.0,-100.0,-100.0,-100.0,-100.0,-100.0,-100.0,-100.0,-100.0,-100.0,-100.0,-100.0,-100.0,-100.0,-100.0,-100.0,-100.0,-100.0,-100.0,-100.0,-100.0,-100.0
2021.02.13 185616,64.0,24.0,37.05333299145299,10.249743294871795,-24.19743566666666,0.2193319439145299,0.6432822960683762,9.689343683760685,-0.0003808927109401709,-0.0047044403666666665,-0.0006616401977777768,-0.06625859745037858,-0.022699316804352943,-1.2671910300214067,1015.2655700854701,-90.0,-100.0,-79.0,-52.0,-100.0,-66.0,-75.0,-100.0,-56.0,-46.0,-60.0,-31.0,-45.0,-46.0,-31.0,-45.0,-80.0,-100.0,-100.0,-100.0,-100.0,-100.0,-100.0,-100.0,-100.0,-100.0,-100.0,-100.0,-100.0,-100.0,-100.0,-100.0,-100.0,-100.0,-100.0,-100.0,-63.0,-75.0,-100.0,-100.0,-71.0,-100.0,-100.0,-66.0,-78.0,-63.0,-75.0,-100.0,-100.0,-100.0,-100.0,-100.0,-64.0,-76.0,-100.0,-100.0,-71.0,-100.0,-100.0,-67.0,-78.0,-63.0,-76.0,-100.0,-100.0,-83.0,-53.0,-79.0,-84.0,-53.0,-78.0,-100.0,-100.0,-63.0,-100.0,-100.0,-100.0,-62.0,-100.0,-100.0,-100.0,-100.0,-63.0,-85.0,-100.0,-59.0,-100.0,-100.0,-100.0,-100.0,-100.0,-100.0,-86.0,-100.0,-100.0,-100.0,-100.0,-100.0,-69.0,-100.0,-100.0,-100.0,-100.0,-100.0,-100.0,-100.0,-100.0,-51.0,-65.0,-100.0,-65.0,-100.0,-100.0,-100.0,-100.0,-100.0,-59.0,-100.0,-100.0,-100.0,-60.0,-72.0,-100.0,-100.0,-80.0,-84.0,-100.0,-87.0,-88.0,-100.0,-100.0,-100.0,-100.0,-100.0,-100.0,-100.0,-100.0,-100.0,-100.0,-100.0,-100.0,-100.0,-100.0,-100.0,-100.0,-100.0,-100.0,-100.0,-100.0,-100.0,-100.0,-100.0,-100.0,-100.0,-100.0,-100.0
2021.02.13 185628,65.0,24.0,42.71844758620689,13.008103219827587,-25.182413422413795,0.3253943288793104,0.4275431773275862,9.6948727887931,-0.0016916964768965519,-0.00033098370991379347,0.004385064606379311,-0.04404751427375289,-0.0335842045425469,-1.2588058103775155,1015.2683347413794,-100.0,-56.0,-65.0,-100.0,-73.0,-100.0,-77.0,-56.0,-52.0,-40.0,-100.0,-38.0,-55.0,-40.0,-39.0,-55.0,-100.0,-100.0,-100.0,-100.0,-100.0,-100.0,-100.0,-100.0,-100.0,-100.0,-100.0,-100.0,-100.0,-100.0,-100.0,-100.0,-100.0,-100.0,-100.0,-100.0,-64.0,-75.0,-100.0,-100.0,-64.0,-100.0,-100.0,-70.0,-80.0,-63.0,-76.0,-100.0,-100.0,-100.0,-100.0,-100.0,-64.0,-75.0,-100.0,-100.0,-64.0,-100.0,-100.0,-70.0,-80.0,-63.0,-77.0,-100.0,-100.0,-100.0,-46.0,-86.0,-100.0,-47.0,-86.0,-100.0,-100.0,-79.0,-100.0,-100.0,-100.0,-100.0,-100.0,-100.0,-100.0,-50.0,-82.0,-100.0,-100.0,-100.0,-100.0,-100.0,-100.0,-100.0,-100.0,-100.0,-100.0,-100.0,-100.0,-100.0,-100.0,-100.0,-85.0,-100.0,-100.0,-100.0,-100.0,-100.0,-100.0,-100.0,-100.0,-100.0,-68.0,-100.0,-69.0,-100.0,-87.0,-63.0,-100.0,-100.0,-61.0,-100.0,-100.0,-100.0,-64.0,-60.0,-100.0,-100.0,-86.0,-100.0,-77.0,-100.0,-100.0,-100.0,-100.0,-90.0,-72.0,-91.0,-70.0,-92.0,-78.0,-79.0,-100.0,-100.0,-100.0,-100.0,-100.0,-100.0,-100.0,-100.0,-100.0,-100.0,-100.0,-100.0,-100.0,-100.0,-100.0,-100.0,-100.0,-100.0
2021.02.13 185641,66.0,24.0,42.99147489344263,12.61475387704918,-28.402130811475416,0.33478634286885245,0.6224721994262294,9.674302893442622,-0.00039304664319672096,-0.002979390024590164,-0.0021322701226229508,-0.0642386853817056,-0.03461294252517033,-1.2557488767827143,1015.2648791803279,-76.0,-55.0,-68.0,-100.0,-71.0,-100.0,-79.0,-57.0,-57.0,-44.0,-100.0,-42.0,-56.0,-44.0,-43.0,-56.0,-100.0,-100.0,-100.0,-100.0,-100.0,-100.0,-100.0,-100.0,-100.0,-100.0,-100.0,-100.0,-100.0,-100.0,-100.0,-100.0,-100.0,-100.0,-100.0,-100.0,-64.0,-81.0,-100.0,-100.0,-65.0,-100.0,-100.0,-100.0,-76.0,-64.0,-77.0,-100.0,-100.0,-100.0,-100.0,-100.0,-61.0,-81.0,-100.0,-100.0,-65.0,-100.0,-100.0,-64.0,-76.0,-64.0,-77.0,-100.0,-100.0,-100.0,-50.0,-84.0,-100.0,-62.0,-84.0,-100.0,-100.0,-89.0,-100.0,-100.0,-100.0,-100.0,-100.0,-100.0,-100.0,-44.0,-87.0,-78.0,-100.0,-69.0,-100.0,-100.0,-100.0,-100.0,-100.0,-67.0,-100.0,-100.0,-100.0,-100.0,-100.0,-100.0,-84.0,-100.0,-100.0,-100.0,-100.0,-100.0,-100.0,-100.0,-100.0,-100.0,-70.0,-100.0,-70.0,-100.0,-100.0,-70.0,-100.0,-100.0,-60.0,-100.0,-100.0,-100.0,-61.0,-100.0,-100.0,-100.0,-82.0,-83.0,-71.0,-92.0,-91.0,-78.0,-78.0,-90.0,-58.0,-100.0,-100.0,-100.0,-77.0,-77.0,-100.0,-100.0,-100.0,-100.0,-100.0,-100.0,-100.0,-100.0,-100.0,-100.0,-100.0,-100.0,-100.0,-100.0,-100.0,-100.0,-100.0,-100.0
2021.02.13 185652,67.0,24.0,46.097142125000005,7.880356958035714,-30.378749535714284,0.200007455425,0.4295371755357143,9.667397656250001,-0.0002585707181249998,-0.005699940023660715,0.0011802789464285715,-0.044402823151488344,-0.02066902228008461,-1.3766831276672227,1015.2598987499999,-74.0,-63.0,-66.0,-100.0,-100.0,-100.0,-79.0,-57.0,-62.0,-57.0,-100.0,-42.0,-62.0,-57.0,-45.0,-62.0,-100.0,-100.0,-100.0,-100.0,-100.0,-100.0,-100.0,-100.0,-100.0,-100.0,-100.0,-100.0,-100.0,-100.0,-100.0,-100.0,-100.0,-100.0,-100.0,-100.0,-100.0,-73.0,-100.0,-100.0,-64.0,-82.0,-100.0,-61.0,-80.0,-66.0,-76.0,-100.0,-100.0,-100.0,-100.0,-100.0,-62.0,-73.0,-81.0,-100.0,-64.0,-82.0,-100.0,-62.0,-80.0,-65.0,-76.0,-100.0,-100.0,-100.0,-46.0,-87.0,-100.0,-45.0,-88.0,-100.0,-100.0,-100.0,-100.0,-100.0,-100.0,-100.0,-100.0,-100.0,-100.0,-52.0,-85.0,-100.0,-100.0,-100.0,-100.0,-100.0,-73.0,-100.0,-100.0,-63.0,-100.0,-100.0,-100.0,-100.0,-100.0,-100.0,-88.0,-100.0,-100.0,-100.0,-100.0,-100.0,-100.0,-100.0,-100.0,-62.0,-73.0,-100.0,-74.0,-100.0,-100.0,-100.0,-100.0,-100.0,-67.0,-100.0,-100.0,-100.0,-68.0,-100.0,-100.0,-100.0,-100.0,-100.0,-71.0,-92.0,-92.0,-100.0,-100.0,-91.0,-100.0,-91.0,-100.0,-90.0,-100.0,-100.0,-90.0,-100.0,-100.0,-100.0,-100.0,-100.0,-100.0,-100.0,-100.0,-100.0,-100.0,-100.0,-100.0,-100.0,-100.0,-100.0,-100.0,-100.0
2021.02.13 185829,75.0,24.0,50.53964516814159,15.503893491150443,-24.776282849557525,0.18582115131858407,0.38202455539823016,9.685117084070795,-0.004757812963805309,-0.002763819166814159,-0.001508377675044248,-0.03944181008017164,-0.01917367777478077,-1.259050638274809,1015.2559539823009,-75.0,-100.0,-68.0,-100.0,-75.0,-100.0,-85.0,-60.0,-55.0,-55.0,-100.0,-44.0,-63.0,-55.0,-43.0,-63.0,-100.0,-100.0,-100.0,-100.0,-100.0,-100.0,-100.0,-100.0,-100.0,-100.0,-100.0,-100.0,-100.0,-100.0,-100.0,-100.0,-100.0,-94.0,-100.0,-100.0,-100.0,-80.0,-100.0,-100.0,-61.0,-100.0,-100.0,-71.0,-81.0,-69.0,-76.0,-100.0,-100.0,-92.0,-100.0,-100.0,-100.0,-81.0,-100.0,-100.0,-61.0,-100.0,-100.0,-70.0,-80.0,-69.0,-76.0,-100.0,-100.0,-100.0,-53.0,-87.0,-100.0,-52.0,-88.0,-100.0,-100.0,-82.0,-100.0,-100.0,-100.0,-100.0,-100.0,-100.0,-100.0,-45.0,-100.0,-100.0,-100.0,-76.0,-100.0,-100.0,-100.0,-100.0,-100.0,-100.0,-100.0,-100.0,-100.0,-100.0,-100.0,-100.0,-100.0,-100.0,-100.0,-100.0,-100.0,-100.0,-100.0,-100.0,-100.0,-100.0,-75.0,-100.0,-75.0,-100.0,-100.0,-100.0,-100.0,-100.0,-63.0,-100.0,-100.0,-100.0,-63.0,-56.0,-100.0,-100.0,-100.0,-86.0,-67.0,-100.0,-100.0,-74.0,-74.0,-100.0,-77.0,-100.0,-72.0,-90.0,-100.0,-100.0,-90.0,-100.0,-100.0,-100.0,-100.0,-100.0,-100.0,-100.0,-100.0,-100.0,-100.0,-100.0,-100.0,-100.0,-100.0,-100.0,-100.0,-100.0
2021.02.13 185840,76.0,24.0,44.254512575221234,11.643185588495575,-24.380176628318587,0.21590849734159293,0.28595692664601763,9.687786827433628,-0.0035306767710619473,-0.0044774854606194694,0.004930033907964602,-0.029472484816879457,-0.022319145675797993,-1.3021722430676486,1015.2543767256636,-100.0,-100.0,-86.0,-100.0,-100.0,-100.0,-93.0,-100.0,-72.0,-100.0,-100.0,-100.0,-70.0,-100.0,-53.0,-70.0,-100.0,-100.0,-100.0,-100.0,-100.0,-100.0,-100.0,-100.0,-100.0,-100.0,-100.0,-100.0,-100.0,-100.0,-100.0,-100.0,-100.0,-100.0,-100.0,-100.0,-63.0,-80.0,-100.0,-100.0,-52.0,-100.0,-100.0,-70.0,-81.0,-70.0,-86.0,-100.0,-100.0,-100.0,-100.0,-100.0,-65.0,-81.0,-100.0,-100.0,-52.0,-100.0,-100.0,-100.0,-81.0,-70.0,-86.0,-100.0,-100.0,-100.0,-37.0,-92.0,-100.0,-37.0,-93.0,-100.0,-100.0,-100.0,-100.0,-100.0,-100.0,-100.0,-100.0,-100.0,-100.0,-67.0,-90.0,-100.0,-100.0,-100.0,-100.0,-100.0,-54.0,-100.0,-100.0,-100.0,-100.0,-100.0,-100.0,-100.0,-100.0,-100.0,-100.0,-100.0,-100.0,-100.0,-100.0,-100.0,-100.0,-100.0,-100.0,-100.0,-90.0,-100.0,-89.0,-100.0,-100.0,-100.0,-100.0,-100.0,-100.0,-100.0,-100.0,-100.0,-100.0,-100.0,-100.0,-100.0,-100.0,-100.0,-62.0,-100.0,-100.0,-66.0,-66.0,-100.0,-100.0,-81.0,-64.0,-73.0,-69.0,-64.0,-73.0,-53.0,-100.0,-100.0,-100.0,-100.0,-100.0,-100.0,-100.0,-100.0,-100.0,-100.0,-100.0,-100.0,-100.0,-100.0,-100.0,-100.0
2021.02.13 185851,77.0,24.0,40.23704303478261,11.574782317391303,-28.62417353043478,0.15646065360869563,0.43998443000000004,9.682655556521741,-0.004974753912869564,-0.005140059022608695,0.0030124951568695647,-0.045448762336340896,-0.01623182774561899,-1.2651666547941125,1015.2538187826087,-91.0,-100.0,-88.0,-100.0,-100.0,-100.0,-90.0,-100.0,-67.0,-66.0,-100.0,-50.0,-74.0,-66.0,-51.0,-74.0,-100.0,-100.0,-100.0,-100.0,-100.0,-100.0,-100.0,-100.0,-100.0,-100.0,-100.0,-100.0,-100.0,-100.0,-100.0,-100.0,-100.0,-100.0,-100.0,-100.0,-66.0,-80.0,-100.0,-100.0,-52.0,-100.0,-100.0,-100.0,-84.0,-100.0,-84.0,-100.0,-100.0,-100.0,-100.0,-100.0,-100.0,-80.0,-100.0,-100.0,-52.0,-80.0,-100.0,-100.0,-84.0,-100.0,-85.0,-100.0,-100.0,-100.0,-33.0,-100.0,-100.0,-34.0,-100.0,-100.0,-100.0,-100.0,-100.0,-100.0,-100.0,-100.0,-100.0,-100.0,-100.0,-100.0,-100.0,-100.0,-100.0,-100.0,-100.0,-100.0,-51.0,-100.0,-100.0,-100.0,-100.0,-100.0,-100.0,-100.0,-100.0,-100.0,-100.0,-100.0,-100.0,-100.0,-100.0,-100.0,-100.0,-100.0,-100.0,-100.0,-89.0,-100.0,-89.0,-100.0,-100.0,-100.0,-100.0,-100.0,-100.0,-100.0,-100.0,-100.0,-100.0,-100.0,-100.0,-100.0,-100.0,-100.0,-62.0,-100.0,-100.0,-71.0,-70.0,-100.0,-100.0,-78.0,-64.0,-64.0,-66.0,-60.0,-64.0,-51.0,-79.0,-90.0,-93.0,-90.0,-92.0,-100.0,-100.0,-100.0,-100.0,-100.0,-100.0,-100.0,-100.0,-100.0,-100.0,-100.0
2021.02.13 185908,77.0,23.0,14.429230478632478,-35.36717926495726,-32.61435853846154,0.2690182623760684,0.5278045805555555,9.678375038461537,0.00015165648042734926,-0.007283649083760684,0.0048518102232478644,-0.05440425112123128,-0.027700629984784803,-2.7134013970692954,1015.2524517948717,-100.0,-100.0,-90.0,-100.0,-100.0,-100.0,-100.0,-100.0,-100.0,-64.0,-100.0,-49.0,-76.0,-64.0,-52.0,-75.0,-100.0,-100.0,-100.0,-100.0,-100.0,-100.0,-100.0,-100.0,-100.0,-100.0,-100.0,-100.0,-100.0,-100.0,-100.0,-100.0,-100.0,-100.0,-100.0,-100.0,-63.0,-83.0,-100.0,-100.0,-48.0,-100.0,-100.0,-66.0,-82.0,-70.0,-88.0,-100.0,-100.0,-100.0,-100.0,-100.0,-100.0,-82.0,-100.0,-100.0,-48.0,-81.0,-100.0,-68.0,-83.0,-70.0,-87.0,-100.0,-100.0,-100.0,-33.0,-91.0,-100.0,-33.0,-100.0,-100.0,-100.0,-100.0,-100.0,-100.0,-100.0,-100.0,-100.0,-100.0,-100.0,-100.0,-100.0,-100.0,-100.0,-100.0,-100.0,-100.0,-49.0,-100.0,-100.0,-100.0,-100.0,-100.0,-100.0,-100.0,-100.0,-100.0,-100.0,-100.0,-100.0,-100.0,-100.0,-100.0,-100.0,-100.0,-100.0,-100.0,-100.0,-100.0,-100.0,-100.0,-100.0,-100.0,-100.0,-100.0,-100.0,-100.0,-100.0,-100.0,-100.0,-100.0,-100.0,-100.0,-100.0,-100.0,-58.0,-100.0,-100.0,-100.0,-100.0,-100.0,-100.0,-80.0,-71.0,-67.0,-67.0,-69.0,-67.0,-48.0,-100.0,-100.0,-100.0,-90.0,-91.0,-100.0,-100.0,-100.0,-100.0,-100.0,-100.0,-100.0,-100.0,-100.0,-100.0,-100.0
2021.02.13 190038,77.0,15.0,11.791966868852459,-30.503114286885246,-33.49131103278689,0.263389852204918,0.5863814526229509,9.689688979508198,-0.0023608339436885246,-0.006494368825409836,0.000917048958688525,-0.06041166772607893,-0.027180042394558984,-2.7219713926315308,1015.2525360655737,-100.0,-81.0,-100.0,-100.0,-100.0,-100.0,-100.0,-100.0,-73.0,-66.0,-100.0,-53.0,-70.0,-67.0,-53.0,-70.0,-100.0,-100.0,-100.0,-100.0,-100.0,-100.0,-100.0,-100.0,-100.0,-100.0,-100.0,-100.0,-100.0,-100.0,-100.0,-100.0,-100.0,-100.0,-100.0,-100.0,-100.0,-86.0,-100.0,-100.0,-53.0,-100.0,-100.0,-70.0,-89.0,-100.0,-84.0,-100.0,-100.0,-100.0,-100.0,-100.0,-100.0,-85.0,-100.0,-100.0,-53.0,-100.0,-100.0,-70.0,-89.0,-100.0,-84.0,-100.0,-100.0,-100.0,-36.0,-100.0,-100.0,-37.0,-100.0,-100.0,-100.0,-100.0,-100.0,-100.0,-100.0,-100.0,-100.0,-100.0,-100.0,-76.0,-100.0,-100.0,-100.0,-100.0,-100.0,-100.0,-50.0,-100.0,-100.0,-100.0,-100.0,-100.0,-100.0,-100.0,-100.0,-100.0,-100.0,-100.0,-100.0,-100.0,-100.0,-100.0,-100.0,-100.0,-100.0,-100.0,-87.0,-100.0,-90.0,-100.0,-100.0,-100.0,-100.0,-100.0,-100.0,-100.0,-100.0,-100.0,-100.0,-100.0,-100.0,-100.0,-100.0,-100.0,-61.0,-100.0,-100.0,-65.0,-65.0,-100.0,-100.0,-77.0,-70.0,-70.0,-70.0,-70.0,-70.0,-50.0,-77.0,-100.0,-100.0,-100.0,-100.0,-76.0,-78.0,-76.0,-100.0,-100.0,-100.0,-100.0,-100.0,-100.0,-100.0,-100.0
2021.02.13 190050,77.0,14.0,11.799291752212387,-30.729026159292033,-31.41822974336283,0.12840093119115045,0.4109041698053097,9.67981999557522,0.001653569109115045,-0.006153310428761063,0.0026757789081415934,-0.04245169206514159,-0.013212476161605253,-2.7477754997996104,1015.2552124778761,-100.0,-100.0,-100.0,-100.0,-100.0,-100.0,-100.0,-100.0,-100.0,-100.0,-100.0,-70.0,-100.0,-100.0,-71.0,-90.0,-100.0,-100.0,-100.0,-100.0,-100.0,-100.0,-100.0,-100.0,-100.0,-100.0,-100.0,-100.0,-100.0,-100.0,-100.0,-100.0,-100.0,-100.0,-100.0,-100.0,-100.0,-100.0,-100.0,-100.0,-72.0,-100.0,-100.0,-100.0,-100.0,-100.0,-100.0,-100.0,-100.0,-100.0,-100.0,-100.0,-100.0,-100.0,-100.0,-100.0,-72.0,-100.0,-100.0,-100.0,-100.0,-100.0,-100.0,-100.0,-100.0,-100.0,-51.0,-100.0,-100.0,-51.0,-100.0,-100.0,-100.0,-100.0,-100.0,-100.0,-100.0,-100.0,-100.0,-100.0,-100.0,-100.0,-100.0,-100.0,-100.0,-100.0,-100.0,-100.0,-40.0,-100.0,-100.0,-100.0,-100.0,-100.0,-100.0,-100.0,-100.0,-100.0,-100.0,-100.0,-100.0,-100.0,-100.0,-100.0,-100.0,-100.0,-100.0,-100.0,-100.0,-100.0,-100.0,-100.0,-100.0,-100.0,-100.0,-100.0,-100.0,-100.0,-100.0,-100.0,-100.0,-100.0,-100.0,-100.0,-100.0,-100.0,-56.0,-100.0,-100.0,-82.0,-100.0,-100.0,-100.0,-79.0,-100.0,-65.0,-77.0,-76.0,-65.0,-39.0,-67.0,-100.0,-100.0,-100.0,-100.0,-74.0,-67.0,-74.0,-90.0,-91.0,-88.0,-100.0,-100.0,-100.0,-100.0,-100.0
2021.02.13 190103,78.0,14.0,31.81114999115044,8.019822852212389,-33.39982236283186,0.04913560403893805,0.5039206892424779,9.676429898230086,0.0010210801232743358,-0.0019853714738938054,-0.0023949431732743364,-0.05200789416254189,-0.00505894577303277,-1.2751625164420204,1015.2543688495575,-100.0,-100.0,-100.0,-100.0,-100.0,-100.0,-90.0,-100.0,-100.0,-100.0,-100.0,-100.0,-100.0,-100.0,-69.0,-100.0,-100.0,-100.0,-100.0,-100.0,-100.0,-100.0,-100.0,-100.0,-100.0,-100.0,-100.0,-100.0,-100.0,-100.0,-100.0,-100.0,-100.0,-100.0,-100.0,-100.0,-82.0,-100.0,-100.0,-100.0,-73.0,-100.0,-100.0,-100.0,-100.0,-100.0,-100.0,-100.0,-100.0,-100.0,-100.0,-100.0,-100.0,-100.0,-100.0,-100.0,-72.0,-100.0,-100.0,-100.0,-100.0,-100.0,-100.0,-100.0,-100.0,-100.0,-51.0,-100.0,-100.0,-51.0,-100.0,-100.0,-100.0,-100.0,-100.0,-100.0,-100.0,-100.0,-100.0,-100.0,-100.0,-100.0,-100.0,-100.0,-100.0,-100.0,-100.0,-100.0,-40.0,-100.0,-100.0,-100.0,-100.0,-100.0,-100.0,-100.0,-100.0,-100.0,-100.0,-100.0,-100.0,-100.0,-100.0,-100.0,-100.0,-100.0,-100.0,-100.0,-100.0,-100.0,-100.0,-100.0,-100.0,-100.0,-100.0,-100.0,-100.0,-100.0,-100.0,-100.0,-100.0,-100.0,-100.0,-100.0,-100.0,-100.0,-64.0,-100.0,-100.0,-100.0,-100.0,-100.0,-100.0,-80.0,-100.0,-60.0,-100.0,-100.0,-60.0,-39.0,-63.0,-100.0,-100.0,-100.0,-100.0,-68.0,-63.0,-68.0,-86.0,-100.0,-87.0,-86.0,-69.0,-89.0,-88.0,-100.0
2021.02.13 190113,79.0,14.0,32.08789865546218,6.230924278151262,-33.387226403361346,0.14651352237983192,0.5542645536134454,9.669630991596643,-0.0020860329052941177,-0.003995998042857143,0.008656961467226889,-0.05725789248567665,-0.01515097395876935,-1.327157079672613,1015.2516396638654,-100.0,-100.0,-100.0,-100.0,-100.0,-100.0,-100.0,-100.0,-100.0,-84.0,-100.0,-58.0,-91.0,-100.0,-73.0,-90.0,-100.0,-100.0,-100.0,-100.0,-100.0,-100.0,-100.0,-100.0,-100.0,-100.0,-100.0,-100.0,-100.0,-100.0,-100.0,-100.0,-100.0,-100.0,-100.0,-100.0,-100.0,-100.0,-100.0,-100.0,-71.0,-100.0,-100.0,-100.0,-100.0,-100.0,-100.0,-100.0,-100.0,-100.0,-100.0,-100.0,-100.0,-100.0,-100.0,-100.0,-72.0,-100.0,-100.0,-100.0,-100.0,-100.0,-100.0,-100.0,-100.0,-100.0,-50.0,-100.0,-100.0,-51.0,-100.0,-100.0,-100.0,-100.0,-100.0,-100.0,-100.0,-100.0,-100.0,-100.0,-100.0,-100.0,-100.0,-100.0,-100.0,-100.0,-100.0,-100.0,-46.0,-100.0,-100.0,-100.0,-100.0,-100.0,-100.0,-100.0,-100.0,-100.0,-100.0,-100.0,-100.0,-100.0,-100.0,-100.0,-100.0,-100.0,-100.0,-100.0,-100.0,-100.0,-100.0,-100.0,-100.0,-100.0,-100.0,-100.0,-100.0,-100.0,-100.0,-100.0,-100.0,-100.0,-100.0,-100.0,-100.0,-100.0,-57.0,-100.0,-100.0,-100.0,-73.0,-100.0,-100.0,-74.0,-100.0,-58.0,-73.0,-72.0,-58.0,-47.0,-65.0,-100.0,-100.0,-100.0,-100.0,-62.0,-64.0,-64.0,-89.0,-100.0,-90.0,-100.0,-100.0,-88.0,-88.0,-100.0
2021.02.13 190246,79.0,22.0,-8.29433611681416,30.930265168141588,-39.7056632300885,0.15867897335398226,0.42048127255752205,9.665602690265487,-0.003465806104513274,-0.002152953984070796,0.005930123047256637,-0.043489083334539796,-0.01632188879307849,0.23004391261961607,1015.259402920354,-100.0,-100.0,-100.0,-100.0,-100.0,-100.0,-100.0,-100.0,-100.0,-100.0,-100.0,-65.0,-90.0,-100.0,-100.0,-91.0,-100.0,-100.0,-100.0,-100.0,-100.0,-100.0,-100.0,-100.0,-100.0,-100.0,-100.0,-100.0,-100.0,-100.0,-100.0,-100.0,-100.0,-100.0,-100.0,-100.0,-79.0,-100.0,-100.0,-100.0,-73.0,-100.0,-100.0,-100.0,-100.0,-100.0,-100.0,-100.0,-100.0,-100.0,-100.0,-100.0,-100.0,-100.0,-100.0,-100.0,-73.0,-100.0,-100.0,-100.0,-100.0,-100.0,-100.0,-100.0,-100.0,-100.0,-53.0,-100.0,-100.0,-55.0,-100.0,-100.0,-100.0,-100.0,-100.0,-100.0,-100.0,-100.0,-100.0,-100.0,-100.0,-100.0,-100.0,-100.0,-100.0,-100.0,-100.0,-100.0,-47.0,-100.0,-100.0,-100.0,-100.0,-100.0,-100.0,-100.0,-100.0,-100.0,-100.0,-100.0,-100.0,-100.0,-100.0,-100.0,-100.0,-100.0,-100.0,-100.0,-100.0,-100.0,-100.0,-100.0,-100.0,-100.0,-100.0,-100.0,-100.0,-100.0,-100.0,-100.0,-100.0,-88.0,-100.0,-100.0,-100.0,-100.0,-60.0,-100.0,-100.0,-100.0,-100.0,-100.0,-100.0,-80.0,-100.0,-66.0,-78.0,-100.0,-66.0,-47.0,-67.0,-100.0,-100.0,-100.0,-100.0,-70.0,-65.0,-70.0,-100.0,-100.0,-100.0,-100.0,-65.0,-87.0,-87.0,-65.0
2021.02.13 190257,79.0,23.0,-4.460347742608695,31.000173539130433,-35.37912997391304,0.21082110164695653,0.25591674600347825,9.685778526086954,-0.0017557594920000006,-0.005761548068260869,0.005907465328695654,-0.026392512882391517,-0.02174802149807949,0.11526220554242961,1015.258020173913,-100.0,-100.0,-84.0,-100.0,-100.0,-100.0,-100.0,-100.0,-100.0,-100.0,-100.0,-100.0,-68.0,-100.0,-57.0,-68.0,-100.0,-100.0,-100.0,-100.0,-100.0,-100.0,-100.0,-100.0,-100.0,-100.0,-100.0,-100.0,-100.0,-100.0,-100.0,-100.0,-100.0,-100.0,-100.0,-100.0,-71.0,-91.0,-100.0,-100.0,-56.0,-100.0,-100.0,-100.0,-100.0,-100.0,-87.0,-100.0,-100.0,-100.0,-100.0,-100.0,-72.0,-100.0,-100.0,-100.0,-56.0,-100.0,-100.0,-100.0,-90.0,-100.0,-86.0,-100.0,-100.0,-100.0,-41.0,-100.0,-100.0,-41.0,-100.0,-100.0,-100.0,-100.0,-100.0,-100.0,-100.0,-100.0,-100.0,-100.0,-100.0,-67.0,-100.0,-100.0,-100.0,-100.0,-100.0,-100.0,-52.0,-100.0,-100.0,-100.0,-100.0,-100.0,-100.0,-100.0,-100.0,-100.0,-100.0,-100.0,-100.0,-100.0,-100.0,-100.0,-100.0,-100.0,-100.0,-100.0,-100.0,-100.0,-100.0,-100.0,-100.0,-100.0,-100.0,-100.0,-100.0,-100.0,-100.0,-100.0,-100.0,-100.0,-100.0,-100.0,-100.0,-100.0,-52.0,-100.0,-100.0,-100.0,-100.0,-100.0,-100.0,-72.0,-67.0,-73.0,-68.0,-67.0,-73.0,-50.0,-71.0,-100.0,-100.0,-100.0,-100.0,-100.0,-100.0,-100.0,-100.0,-100.0,-100.0,-100.0,-100.0,-100.0,-100.0,-81.0
2021.02.13 190310,79.0,24.0,44.31716745132743,12.53362803539823,-32.691503938053096,0.16940023907964602,0.5351310174336283,9.65706381858407,0.003015852502654867,-0.005623533492920354,0.0003080002798230084,-0.05534985544473192,-0.01749606333174368,-1.2626727175923576,1015.2635579646018,-100.0,-73.0,-84.0,-100.0,-100.0,-100.0,-100.0,-76.0,-100.0,-61.0,-100.0,-45.0,-71.0,-61.0,-46.0,-71.0,-83.0,-100.0,-100.0,-100.0,-100.0,-100.0,-100.0,-100.0,-100.0,-100.0,-100.0,-100.0,-100.0,-100.0,-100.0,-100.0,-100.0,-100.0,-100.0,-100.0,-64.0,-82.0,-100.0,-100.0,-45.0,-100.0,-100.0,-71.0,-82.0,-100.0,-81.0,-100.0,-100.0,-100.0,-100.0,-100.0,-64.0,-82.0,-100.0,-100.0,-45.0,-100.0,-100.0,-71.0,-82.0,-100.0,-82.0,-100.0,-100.0,-100.0,-33.0,-90.0,-100.0,-32.0,-100.0,-100.0,-100.0,-88.0,-100.0,-100.0,-100.0,-100.0,-100.0,-100.0,-100.0,-100.0,-100.0,-100.0,-100.0,-100.0,-100.0,-100.0,-54.0,-100.0,-100.0,-100.0,-100.0,-100.0,-100.0,-100.0,-100.0,-100.0,-100.0,-100.0,-100.0,-100.0,-100.0,-100.0,-100.0,-100.0,-100.0,-100.0,-89.0,-100.0,-89.0,-100.0,-100.0,-100.0,-100.0,-100.0,-100.0,-100.0,-100.0,-100.0,-100.0,-75.0,-100.0,-100.0,-100.0,-100.0,-56.0,-100.0,-100.0,-67.0,-68.0,-100.0,-100.0,-78.0,-66.0,-72.0,-68.0,-67.0,-72.0,-54.0,-100.0,-100.0,-100.0,-100.0,-100.0,-76.0,-100.0,-77.0,-100.0,-100.0,-100.0,-100.0,-100.0,-100.0,-100.0,-100.0
2021.02.13 190320,80.0,24.0,45.83896487931035,15.620689375,-28.783965086206887,0.05929958228620689,0.33994574277586215,9.678236719827588,-0.002844967881982759,-0.0038276605948275866,0.0024366151260344824,-0.03509846605673621,-0.006132215481123807,-1.2242664633126095,1015.2597394827585,-100.0,-100.0,-100.0,-100.0,-100.0,-100.0,-100.0,-100.0,-75.0,-70.0,-80.0,-55.0,-75.0,-68.0,-56.0,-75.0,-100.0,-100.0,-100.0,-100.0,-100.0,-100.0,-100.0,-100.0,-100.0,-100.0,-100.0,-100.0,-100.0,-100.0,-100.0,-100.0,-100.0,-100.0,-100.0,-100.0,-100.0,-80.0,-100.0,-100.0,-43.0,-100.0,-100.0,-62.0,-82.0,-72.0,-82.0,-100.0,-100.0,-100.0,-100.0,-100.0,-100.0,-80.0,-100.0,-100.0,-43.0,-100.0,-100.0,-62.0,-82.0,-72.0,-82.0,-100.0,-100.0,-100.0,-29.0,-91.0,-100.0,-29.0,-91.0,-100.0,-100.0,-100.0,-100.0,-100.0,-100.0,-100.0,-100.0,-100.0,-100.0,-100.0,-100.0,-100.0,-100.0,-100.0,-100.0,-100.0,-52.0,-100.0,-100.0,-100.0,-100.0,-100.0,-100.0,-100.0,-100.0,-100.0,-100.0,-100.0,-100.0,-100.0,-100.0,-100.0,-100.0,-100.0,-100.0,-100.0,-100.0,-100.0,-100.0,-100.0,-100.0,-100.0,-100.0,-100.0,-100.0,-100.0,-100.0,-100.0,-100.0,-100.0,-100.0,-100.0,-100.0,-100.0,-63.0,-100.0,-100.0,-100.0,-100.0,-100.0,-100.0,-81.0,-100.0,-67.0,-72.0,-73.0,-68.0,-52.0,-100.0,-100.0,-100.0,-100.0,-100.0,-76.0,-100.0,-76.0,-100.0,-100.0,-100.0,-100.0,-100.0,-100.0,-100.0,-100.0
2021.02.13 190452,87.0,24.0,46.33380461061947,4.688495506194689,-31.890264991150442,-0.05907290369734513,0.5591161419469026,9.658229115044247,-0.0010818098273451331,-0.00876435390619469,0.003005538132035398,-0.057857444971404194,0.006104454794785472,-1.4299665605072427,1015.2597297345133,-100.0,-100.0,-100.0,-100.0,-100.0,-100.0,-100.0,-100.0,-100.0,-68.0,-100.0,-56.0,-77.0,-66.0,-56.0,-77.0,-100.0,-100.0,-100.0,-100.0,-100.0,-100.0,-100.0,-100.0,-100.0,-100.0,-100.0,-100.0,-100.0,-100.0,-100.0,-100.0,-100.0,-100.0,-100.0,-100.0,-69.0,-78.0,-100.0,-100.0,-43.0,-100.0,-100.0,-69.0,-87.0,-67.0,-82.0,-100.0,-100.0,-100.0,-100.0,-100.0,-70.0,-78.0,-100.0,-100.0,-41.0,-100.0,-100.0,-69.0,-87.0,-72.0,-82.0,-100.0,-100.0,-100.0,-28.0,-100.0,-100.0,-29.0,-100.0,-100.0,-100.0,-100.0,-100.0,-100.0,-100.0,-100.0,-100.0,-100.0,-100.0,-100.0,-100.0,-100.0,-100.0,-100.0,-100.0,-100.0,-100.0,-100.0,-100.0,-100.0,-100.0,-100.0,-100.0,-100.0,-100.0,-100.0,-100.0,-100.0,-100.0,-100.0,-100.0,-100.0,-100.0,-100.0,-100.0,-100.0,-100.0,-100.0,-100.0,-100.0,-100.0,-100.0,-100.0,-100.0,-76.0,-100.0,-100.0,-100.0,-76.0,-100.0,-100.0,-100.0,-100.0,-100.0,-71.0,-100.0,-100.0,-100.0,-100.0,-100.0,-100.0,-100.0,-100.0,-80.0,-67.0,-67.0,-80.0,-66.0,-100.0,-100.0,-100.0,-100.0,-100.0,-100.0,-100.0,-100.0,-100.0,-100.0,-100.0,-100.0,-100.0,-100.0,-100.0,-100.0
2021.02.13 190503,88.0,24.0,46.13309688495575,6.13805300442478,-32.89752165486726,-0.09125789042654865,0.3323804325362832,9.671408305309736,-0.0030279292170796467,-0.0017042654862831864,-0.003005808426017699,-0.0343889479599563,0.009494319274764573,-1.4131256595122075,1015.261006637168,-100.0,-100.0,-100.0,-100.0,-100.0,-100.0,-100.0,-100.0,-100.0,-75.0,-85.0,-55.0,-77.0,-75.0,-55.0,-77.0,-100.0,-100.0,-100.0,-100.0,-100.0,-100.0,-100.0,-100.0,-100.0,-100.0,-100.0,-100.0,-100.0,-100.0,-100.0,-100.0,-83.0,-100.0,-100.0,-100.0,-72.0,-82.0,-100.0,-100.0,-66.0,-100.0,-100.0,-66.0,-81.0,-100.0,-83.0,-100.0,-100.0,-100.0,-100.0,-100.0,-71.0,-82.0,-100.0,-100.0,-66.0,-100.0,-100.0,-66.0,-82.0,-100.0,-83.0,-100.0,-100.0,-100.0,-41.0,-100.0,-100.0,-41.0,-100.0,-100.0,-100.0,-100.0,-100.0,-100.0,-100.0,-100.0,-100.0,-100.0,-100.0,-100.0,-100.0,-100.0,-100.0,-83.0,-100.0,-100.0,-76.0,-100.0,-100.0,-100.0,-100.0,-100.0,-100.0,-100.0,-100.0,-100.0,-100.0,-100.0,-100.0,-100.0,-100.0,-100.0,-100.0,-100.0,-100.0,-85.0,-100.0,-100.0,-100.0,-100.0,-100.0,-100.0,-100.0,-100.0,-100.0,-100.0,-100.0,-100.0,-100.0,-83.0,-100.0,-100.0,-100.0,-100.0,-76.0,-100.0,-100.0,-69.0,-100.0,-100.0,-100.0,-100.0,-81.0,-92.0,-100.0,-100.0,-100.0,-100.0,-100.0,-100.0,-100.0,-100.0,-100.0,-100.0,-100.0,-100.0,-100.0,-100.0,-100.0,-100.0,-76.0,-100.0,-100.0,-100.0
2021.02.13 190514,89.0,24.0,47.46631516666667,0.3547368307894737,-34.31999966666667,-0.014953716912280705,0.639187364122807,9.666758530701756,-0.0019066818083333336,-0.0069845366688596495,-0.000704370569649123,-0.06605440620006171,0.001646583019203506,-1.5154787312474167,1015.2619164912279,-100.0,-100.0,-100.0,-100.0,-100.0,-100.0,-100.0,-100.0,-100.0,-72.0,-100.0,-52.0,-77.0,-72.0,-52.0,-77.0,-100.0,-100.0,-100.0,-100.0,-100.0,-100.0,-100.0,-100.0,-100.0,-100.0,-88.0,-100.0,-100.0,-100.0,-100.0,-100.0,-100.0,-100.0,-100.0,-100.0,-62.0,-84.0,-100.0,-100.0,-69.0,-100.0,-100.0,-70.0,-86.0,-66.0,-87.0,-100.0,-100.0,-100.0,-100.0,-100.0,-63.0,-85.0,-100.0,-100.0,-69.0,-100.0,-100.0,-70.0,-86.0,-66.0,-86.0,-100.0,-100.0,-100.0,-39.0,-100.0,-100.0,-41.0,-100.0,-100.0,-100.0,-100.0,-100.0,-100.0,-100.0,-100.0,-100.0,-100.0,-100.0,-100.0,-100.0,-100.0,-100.0,-100.0,-100.0,-100.0,-78.0,-100.0,-100.0,-100.0,-100.0,-100.0,-100.0,-100.0,-100.0,-100.0,-100.0,-100.0,-100.0,-100.0,-100.0,-100.0,-100.0,-100.0,-100.0,-100.0,-100.0,-100.0,-100.0,-100.0,-100.0,-100.0,-100.0,-100.0,-100.0,-100.0,-100.0,-100.0,-100.0,-100.0,-100.0,-100.0,-100.0,-100.0,-100.0,-100.0,-100.0,-100.0,-100.0,-100.0,-100.0,-100.0,-100.0,-100.0,-100.0,-100.0,-100.0,-77.0,-100.0,-100.0,-100.0,-100.0,-100.0,-100.0,-100.0,-100.0,-100.0,-100.0,-100.0,-100.0,-83.0,-100.0,-100.0,-78.0
2021.02.13 190525,90.0,24.0,48.70115628925619,-1.9051239429752067,-35.904792842975205,0.08722283742809916,0.43371991396694215,9.680646619834711,0.001465122398429752,-0.005643369903305786,-0.00025456927752066076,-0.04478536283766677,-0.009013725672574281,-1.5772424630882327,1015.2628929752067,-100.0,-100.0,-100.0,-100.0,-100.0,-100.0,-100.0,-100.0,-100.0,-73.0,-78.0,-100.0,-78.0,-71.0,-100.0,-78.0,-100.0,-100.0,-100.0,-100.0,-100.0,-100.0,-100.0,-100.0,-100.0,-100.0,-100.0,-100.0,-100.0,-100.0,-100.0,-100.0,-100.0,-100.0,-100.0,-100.0,-73.0,-83.0,-100.0,-100.0,-66.0,-100.0,-100.0,-100.0,-83.0,-100.0,-86.0,-100.0,-100.0,-100.0,-100.0,-100.0,-67.0,-83.0,-100.0,-100.0,-66.0,-100.0,-100.0,-100.0,-83.0,-76.0,-86.0,-100.0,-100.0,-100.0,-44.0,-100.0,-100.0,-44.0,-100.0,-100.0,-100.0,-100.0,-100.0,-100.0,-100.0,-77.0,-100.0,-100.0,-100.0,-100.0,-100.0,-100.0,-100.0,-100.0,-100.0,-100.0,-74.0,-100.0,-100.0,-100.0,-100.0,-100.0,-100.0,-100.0,-100.0,-100.0,-100.0,-100.0,-100.0,-100.0,-100.0,-100.0,-100.0,-100.0,-100.0,-100.0,-100.0,-100.0,-100.0,-100.0,-100.0,-100.0,-100.0,-100.0,-100.0,-100.0,-100.0,-100.0,-100.0,-100.0,-100.0,-100.0,-100.0,-100.0,-100.0,-100.0,-100.0,-100.0,-100.0,-100.0,-100.0,-100.0,-100.0,-100.0,-100.0,-100.0,-100.0,-73.0,-100.0,-100.0,-100.0,-100.0,-100.0,-100.0,-100.0,-100.0,-100.0,-100.0,-100.0,-100.0,-100.0,-100.0,-100.0,-100.0
