Timestamp,True_X,True_Y,Mean_Mag_x,Mean_Mag_y,Mean_Mag_z,Mean_Acc_x,Mean_Acc_y,Mean_Acc_z,Mean_Gyro_x,Mean_Gyro_y,Mean_Gyro_z,Mean_Orn_x,Mean_Orn_y,Mean_Orn_z,Mean_Pressure,00:1a:be:a0:de:39,00:1a:be:a0:de:52,00:1a:be:a0:de:64,00:1a:be:a0:de:72,00:1a:be:a0:de:73,00:1a:be:a0:de:89,00:1a:be:a0:de:90,00:1a:be:a0:de:91,00:1a:be:a0:de:92,00:1a:be:a0:de:93,00:1a:be:a0:de:94,00:1a:be:a0:de:95,00:1a:be:a0:de:96,00:1a:be:a0:df:01,00:1a:be:a0:df:02,00:1a:be:a0:df:03,00:1a:be:a0:df:08,00:1a:be:a0:df:11,00:1a:be:a0:df:20,00:1a:be:a0:df:22,00:1a:be:a0:df:28,00:1a:be:a0:df:29,00:1a:be:a0:df:36,00:1a:be:a0:df:45,00:1a:be:a0:df:46,00:1a:be:a0:df:47,00:1a:be:a0:df:48,00:1a:be:a0:df:49,00:1a:be:a0:df:50,00:1a:be:a0:df:51,00:1a:be:a0:df:52,00:1a:be:a0:df:56,00:1a:be:a0:df:57,00:1a:be:a0:df:58,00:1a:be:a0:df:64,00:1a:be:a0:df:67,00:1a:be:a0:df:73,00:1a:be:a0:df:75,00:1a:be:a0:de:40,00:1a:be:a0:de:43,00:1a:be:a0:de:53,00:1a:be:a0:de:56,00:1a:be:a0:de:80,00:1a:be:a0:df:12,00:1a:be:a0:df:68,00:1a:be:a0:de:66,00:1a:be:a0:de:37,00:1a:be:a0:df:34,00:1a:be:a0:de:78,00:1a:be:a0:de:84,00:1a:be:a0:df:13,00:1a:be:a0:df:40,00:1a:be:a0:df:69,00:1a:be:a0:de:44,00:1a:be:a0:de:57,00:1a:be:a0:de:67,00:1a:be:a0:de:82,00:1a:be:a0:df:23,00:1a:be:a0:de:81,00:1a:be:a0:df:37,00:1a:be:a0:de:65,00:1a:be:a0:df:21,00:1a:be:a0:df:38,00:1a:be:a0:de:68,00:1a:be:a0:df:06,00:1a:be:a0:df:24,00:1a:be:a0:df:62,00:1a:be:a0:de:32,00:1a:be:a0:de:46,00:1a:be:a0:de:58,00:1a:be:a0:de:79,00:1a:be:a0:df:14,00:1a:be:a0:df:15,00:1a:be:a0:df:35,00:1a:be:a0:df:70,00:1a:be:a0:df:71,00:1a:be:a0:de:05,00:1a:be:a0:de:33,00:1a:be:a0:de:04,00:1a:be:a0:de:83,00:1a:be:a0:df:39,00:1a:be:a0:df:09,00:1a:be:a0:df:65,00:1a:be:a0:de:34,00:1a:be:a0:de:41,00:1a:be:a0:de:49,00:1a:be:a0:de:54,00:1a:be:a0:de:88,00:1a:be:a0:de:97,00:1a:be:a0:df:44,00:1a:be:a0:df:53,00:1a:be:a0:df:63,00:1a:be:a0:de:36,00:1a:be:a0:de:50,00:1a:be:a0:de:70,00:1a:be:a0:df:07,00:1a:be:a0:df:10,00:1a:be:a0:df:26,00:1a:be:a0:de:31,00:1a:be:a0:de:74,00:1a:be:a0:de:86,00:1a:be:a0:df:30,00:1a:be:a0:df:42,00:1a:be:a0:de:76,00:1a:be:a0:df:32,00:1a:be:a0:de:08,00:1a:be:a0:de:12,00:1a:be:a0:de:69,00:1a:be:a0:df:25,00:1a:be:a0:de:85,00:1a:be:a0:df:41,00:1a:be:a0:de:62,00:1a:be:a0:df:18,00:1a:be:a0:de:87,00:1a:be:a0:de:98,00:1a:be:a0:df:43,00:1a:be:a0:df:54,00:1a:be:a0:de:71,00:1a:be:a0:de:75,00:1a:be:a0:df:27,00:1a:be:a0:df:31,00:1a:be:a0:de:17,00:1a:be:a0:df:04,00:1a:be:a0:df:59,00:1a:be:a0:de:15,00:1a:be:a0:de:63,00:1a:be:a0:df:05,00:1a:be:a0:df:19,00:1a:be:a0:df:60,00:1a:be:a0:de:99,00:1a:be:a0:df:55,00:1a:be:a0:de:16,00:1a:be:a0:de:77,00:1a:be:a0:de:02,00:1a:be:a0:de:27,00:1a:be:a0:de:30,00:1a:be:a0:df:33,00:1a:be:a0:de:26,00:1a:be:a0:de:03,00:1a:be:a0:de:21,00:1a:be:a0:de:25,00:1a:be:a0:de:01
2021.05.19 171520,124.0,47.0,31.40999961875,-13.1208747625,-27.650249606249997,0.115580086660625,1.1104307643750002,9.651116824375,0.0011950051187500001,-0.004188244821875,-0.0021074851203124996,-0.11462422236800189,-0.011946478286383618,-1.8736491471529007,1004.2459526875,-81.0,-80.0,-85.0,-76.0,-76.0,-50.0,-55.0,-63.0,-68.0,-71.0,-86.0,-80.0,-80.0,-70.0,-86.0,-83.0,-90.0,-75.0,-85.0,-88.0,-75.0,-76.0,-86.0,-51.0,-55.0,-64.0,-68.0,-71.0,-87.0,-79.0,-80.0,-71.0,-86.0,-83.0,-88.0,-74.0,-85.0,-85.0,-100.0,-100.0,-100.0,-100.0,-100.0,-100.0,-100.0,-100.0,-100.0,-100.0,-100.0,-100.0,-100.0,-100.0,-100.0,-100.0,-100.0,-100.0,-100.0,-100.0,-100.0,-100.0,-100.0,-100.0,-100.0,-100.0,-100.0,-100.0,-100.0,-100.0,-100.0,-100.0,-100.0,-100.0,-100.0,-100.0,-100.0,-100.0,-100.0,-100.0,-100.0,-100.0,-100.0,-100.0,-100.0,-100.0,-100.0,-100.0,-100.0,-100.0,-100.0,-100.0,-100.0,-100.0,-100.0,-100.0,-100.0,-100.0,-100.0,-100.0,-100.0,-100.0,-100.0,-100.0,-100.0,-100.0,-100.0,-100.0,-100.0,-100.0,-100.0,-100.0,-100.0,-100.0,-100.0,-100.0,-100.0,-100.0,-100.0,-100.0,-100.0,-100.0,-100.0,-100.0,-100.0,-100.0,-100.0,-100.0,-100.0,-100.0,-100.0,-100.0,-100.0,-100.0,-100.0,-100.0,-100.0,-100.0,-100.0,-100.0,-100.0,-100.0,-100.0,-100.0
2021.05.19 171534,123.0,48.0,30.189585360946744,-13.43467424852071,-24.97846127810651,0.11631003492248522,1.1597994943786982,9.645997786982248,0.001521741199704142,-0.000983167732248521,-0.0006433965162721891,-0.1197473010015205,-0.012021424064031054,-1.8994829908630553,1004.254750769231,-61.0,-60.0,-81.0,-72.0,-77.0,-37.0,-42.0,-54.0,-76.0,-57.0,-85.0,-74.0,-100.0,-100.0,-100.0,-100.0,-100.0,-66.0,-100.0,-100.0,-72.0,-78.0,-80.0,-37.0,-44.0,-54.0,-75.0,-57.0,-85.0,-73.0,-100.0,-100.0,-100.0,-100.0,-100.0,-65.0,-71.0,-74.0,-78.0,-88.0,-78.0,-89.0,-81.0,-80.0,-82.0,-100.0,-100.0,-100.0,-100.0,-100.0,-100.0,-100.0,-100.0,-100.0,-100.0,-100.0,-100.0,-100.0,-100.0,-100.0,-100.0,-100.0,-100.0,-100.0,-100.0,-100.0,-100.0,-100.0,-100.0,-100.0,-100.0,-100.0,-100.0,-100.0,-100.0,-100.0,-100.0,-100.0,-100.0,-100.0,-100.0,-100.0,-100.0,-100.0,-100.0,-100.0,-100.0,-100.0,-100.0,-100.0,-100.0,-100.0,-100.0,-100.0,-100.0,-100.0,-100.0,-100.0,-100.0,-100.0,-100.0,-100.0,-100.0,-100.0,-100.0,-100.0,-100.0,-100.0,-100.0,-100.0,-100.0,-100.0,-100.0,-100.0,-100.0,-100.0,-100.0,-100.0,-100.0,-100.0,-100.0,-100.0,-100.0,-100.0,-100.0,-100.0,-100.0,-100.0,-100.0,-100.0,-100.0,-100.0,-100.0,-100.0,-100.0,-100.0,-100.0,-100.0,-100.0,-100.0,-100.0,-100.0
2021.05.19 171547,122.0,49.0,29.98321380357143,-12.287856872023807,-25.06428545833333,0.15072069729583332,1.2588228261904764,9.638713982142857,0.0017416932538690476,-0.005901394528571429,-0.0012871803241071434,-0.12990932202055336,-0.015629964150450922,-1.858833065345174,1004.2539701785714,-65.0,-65.0,-90.0,-78.0,-76.0,-41.0,-46.0,-61.0,-76.0,-69.0,-81.0,-84.0,-89.0,-79.0,-100.0,-100.0,-100.0,-77.0,-90.0,-90.0,-76.0,-77.0,-84.0,-42.0,-46.0,-61.0,-76.0,-69.0,-81.0,-82.0,-87.0,-80.0,-100.0,-100.0,-100.0,-76.0,-81.0,-80.0,-78.0,-100.0,-78.0,-100.0,-85.0,-100.0,-100.0,-91.0,-100.0,-100.0,-100.0,-100.0,-100.0,-100.0,-100.0,-100.0,-100.0,-100.0,-100.0,-100.0,-100.0,-100.0,-100.0,-100.0,-100.0,-100.0,-100.0,-100.0,-100.0,-100.0,-100.0,-100.0,-100.0,-100.0,-100.0,-100.0,-100.0,-100.0,-100.0,-100.0,-100.0,-100.0,-100.0,-100.0,-100.0,-100.0,-100.0,-100.0,-100.0,-100.0,-100.0,-100.0,-100.0,-100.0,-100.0,-100.0,-100.0,-100.0,-100.0,-100.0,-100.0,-100.0,-100.0,-100.0,-100.0,-100.0,-100.0,-100.0,-100.0,-100.0,-100.0,-100.0,-100.0,-100.0,-100.0,-100.0,-100.0,-100.0,-100.0,-100.0,-100.0,-100.0,-100.0,-100.0,-100.0,-100.0,-100.0,-100.0,-100.0,-100.0,-100.0,-100.0,-100.0,-100.0,-100.0,-100.0,-100.0,-100.0,-100.0,-100.0,-100.0,-100.0,-100.0,-100.0
2021.05.19 171602,121.0,50.0,31.968928130952378,-13.593571074404762,-26.88178545833333,0.16844919138511907,1.1158120192261904,9.640680678571428,0.0052214434098214295,6.181374851190509e-05,-0.003454297471726191,-0.11536455487034146,-0.01729297929254933,-1.8832292485804785,1004.2531977976191,-59.0,-59.0,-84.0,-71.0,-72.0,-45.0,-46.0,-58.0,-74.0,-57.0,-79.0,-76.0,-100.0,-69.0,-100.0,-100.0,-100.0,-73.0,-83.0,-78.0,-71.0,-73.0,-80.0,-45.0,-46.0,-57.0,-75.0,-57.0,-78.0,-76.0,-100.0,-68.0,-100.0,-100.0,-100.0,-72.0,-83.0,-83.0,-76.0,-88.0,-76.0,-86.0,-81.0,-87.0,-87.0,-77.0,-87.0,-100.0,-100.0,-100.0,-100.0,-100.0,-100.0,-100.0,-100.0,-100.0,-100.0,-100.0,-100.0,-100.0,-100.0,-100.0,-100.0,-100.0,-100.0,-100.0,-100.0,-100.0,-100.0,-100.0,-100.0,-100.0,-100.0,-100.0,-100.0,-100.0,-100.0,-100.0,-100.0,-100.0,-100.0,-100.0,-100.0,-100.0,-100.0,-100.0,-100.0,-100.0,-100.0,-100.0,-100.0,-100.0,-100.0,-100.0,-100.0,-100.0,-100.0,-100.0,-100.0,-100.0,-100.0,-100.0,-100.0,-100.0,-100.0,-100.0,-100.0,-100.0,-100.0,-100.0,-100.0,-100.0,-100.0,-100.0,-100.0,-100.0,-100.0,-100.0,-100.0,-100.0,-100.0,-100.0,-100.0,-100.0,-100.0,-100.0,-100.0,-100.0,-100.0,-100.0,-100.0,-100.0,-100.0,-100.0,-100.0,-100.0,-100.0,-100.0,-100.0,-100.0,-100.0,-100.0
2021.05.19 171732,114.0,57.0,30.898213875,-12.882499791666667,-31.264285297619047,0.04886736710119047,0.8746246807738094,9.673258929166666,-0.0009781115485119043,-0.003661555364880952,-0.003468842093452381,-0.09039492967228091,-0.00492469575506636,-1.8829379706155687,1004.270758095238,-100.0,-100.0,-83.0,-76.0,-78.0,-43.0,-49.0,-65.0,-75.0,-69.0,-85.0,-77.0,-100.0,-66.0,-100.0,-85.0,-86.0,-69.0,-85.0,-80.0,-75.0,-78.0,-100.0,-42.0,-51.0,-64.0,-76.0,-68.0,-85.0,-77.0,-88.0,-67.0,-100.0,-84.0,-85.0,-67.0,-85.0,-85.0,-75.0,-100.0,-75.0,-100.0,-87.0,-100.0,-100.0,-78.0,-100.0,-88.0,-100.0,-100.0,-100.0,-100.0,-100.0,-100.0,-100.0,-100.0,-100.0,-100.0,-100.0,-100.0,-100.0,-100.0,-100.0,-100.0,-100.0,-100.0,-100.0,-100.0,-100.0,-100.0,-100.0,-100.0,-100.0,-100.0,-100.0,-100.0,-100.0,-100.0,-100.0,-100.0,-100.0,-100.0,-100.0,-100.0,-100.0,-100.0,-100.0,-100.0,-100.0,-100.0,-100.0,-100.0,-100.0,-100.0,-100.0,-100.0,-100.0,-100.0,-100.0,-100.0,-100.0,-100.0,-100.0,-100.0,-100.0,-100.0,-100.0,-100.0,-100.0,-100.0,-100.0,-100.0,-100.0,-100.0,-100.0,-100.0,-100.0,-100.0,-100.0,-100.0,-100.0,-100.0,-100.0,-100.0,-100.0,-100.0,-100.0,-100.0,-100.0,-100.0,-100.0,-100.0,-100.0,-100.0,-100.0,-100.0,-100.0,-100.0,-100.0,-100.0,-100.0,-100.0
2021.05.19 171744,113.0,58.0,31.13522681818182,-12.488522480113637,-31.998067687499997,0.18340129096420454,0.9648088725568182,9.674465744318182,-0.0005865695826704545,-0.002610060656818181,-0.0026655938590909086,-0.09941870488480407,-0.01896059692597545,-1.856277452951128,1004.2779023863637,-100.0,-100.0,-81.0,-69.0,-81.0,-60.0,-69.0,-62.0,-77.0,-100.0,-82.0,-79.0,-100.0,-57.0,-81.0,-82.0,-81.0,-77.0,-80.0,-78.0,-69.0,-81.0,-79.0,-60.0,-69.0,-62.0,-76.0,-100.0,-83.0,-78.0,-100.0,-57.0,-82.0,-83.0,-81.0,-77.0,-100.0,-100.0,-100.0,-84.0,-100.0,-84.0,-100.0,-100.0,-100.0,-78.0,-100.0,-83.0,-83.0,-100.0,-100.0,-100.0,-100.0,-100.0,-100.0,-100.0,-100.0,-100.0,-100.0,-100.0,-100.0,-100.0,-100.0,-100.0,-100.0,-100.0,-100.0,-100.0,-100.0,-100.0,-100.0,-100.0,-100.0,-100.0,-100.0,-100.0,-100.0,-100.0,-100.0,-100.0,-100.0,-100.0,-100.0,-100.0,-100.0,-100.0,-100.0,-100.0,-100.0,-100.0,-100.0,-100.0,-100.0,-100.0,-100.0,-100.0,-100.0,-100.0,-100.0,-100.0,-100.0,-100.0,-100.0,-100.0,-100.0,-100.0,-100.0,-100.0,-100.0,-100.0,-100.0,-100.0,-100.0,-100.0,-100.0,-100.0,-100.0,-100.0,-100.0,-100.0,-100.0,-100.0,-100.0,-100.0,-100.0,-100.0,-100.0,-100.0,-100.0,-100.0,-100.0,-100.0,-100.0,-100.0,-100.0,-100.0,-100.0,-100.0,-100.0,-100.0,-100.0,-100.0
2021.05.19 171758,112.0,59.0,31.611272296969688,-12.157454263636362,-31.574544981818182,0.14043081248787878,0.9159345093333334,9.670732030303032,0.00021102611606060585,-0.002932153252424243,-0.005642173539696971,-0.09445901185725669,-0.014492984761124105,-1.8492701906146425,1004.2736656969697,-73.0,-72.0,-85.0,-63.0,-74.0,-62.0,-69.0,-100.0,-82.0,-63.0,-87.0,-100.0,-100.0,-57.0,-79.0,-100.0,-100.0,-78.0,-83.0,-70.0,-67.0,-74.0,-100.0,-62.0,-68.0,-100.0,-84.0,-63.0,-87.0,-100.0,-100.0,-58.0,-78.0,-100.0,-100.0,-78.0,-100.0,-100.0,-100.0,-77.0,-100.0,-76.0,-100.0,-100.0,-100.0,-72.0,-100.0,-82.0,-82.0,-88.0,-83.0,-87.0,-84.0,-100.0,-100.0,-100.0,-100.0,-100.0,-100.0,-100.0,-100.0,-100.0,-100.0,-100.0,-100.0,-100.0,-100.0,-100.0,-100.0,-100.0,-100.0,-100.0,-100.0,-100.0,-100.0,-100.0,-100.0,-100.0,-100.0,-100.0,-100.0,-100.0,-100.0,-100.0,-100.0,-100.0,-100.0,-100.0,-100.0,-100.0,-100.0,-100.0,-100.0,-100.0,-100.0,-100.0,-100.0,-100.0,-100.0,-100.0,-100.0,-100.0,-100.0,-100.0,-100.0,-100.0,-100.0,-100.0,-100.0,-100.0,-100.0,-100.0,-100.0,-100.0,-100.0,-100.0,-100.0,-100.0,-100.0,-100.0,-100.0,-100.0,-100.0,-100.0,-100.0,-100.0,-100.0,-100.0,-100.0,-100.0,-100.0,-100.0,-100.0,-100.0,-100.0,-100.0,-100.0,-100.0,-100.0,-100.0,-100.0,-100.0
2021.05.19 171810,111.0,60.0,31.92548736585366,-12.476341204268294,-30.14890191463415,0.1043521569902439,0.9865424930487805,9.670020033536586,0.00023466165365853642,-0.004689508271646342,-0.004626186847256098,-0.10167141449524131,-0.010745071645942485,-1.8541478798156832,1004.2765869512197,-80.0,-81.0,-77.0,-65.0,-71.0,-62.0,-72.0,-68.0,-100.0,-66.0,-78.0,-100.0,-100.0,-57.0,-78.0,-90.0,-100.0,-84.0,-78.0,-77.0,-65.0,-70.0,-100.0,-61.0,-71.0,-71.0,-100.0,-66.0,-79.0,-100.0,-100.0,-58.0,-77.0,-89.0,-100.0,-84.0,-100.0,-100.0,-100.0,-78.0,-100.0,-77.0,-100.0,-100.0,-100.0,-77.0,-100.0,-81.0,-82.0,-86.0,-88.0,-86.0,-88.0,-100.0,-100.0,-100.0,-100.0,-100.0,-100.0,-100.0,-100.0,-100.0,-100.0,-100.0,-100.0,-100.0,-100.0,-100.0,-100.0,-100.0,-100.0,-100.0,-100.0,-100.0,-100.0,-100.0,-100.0,-100.0,-100.0,-100.0,-100.0,-100.0,-100.0,-100.0,-100.0,-100.0,-100.0,-100.0,-100.0,-100.0,-100.0,-100.0,-100.0,-100.0,-100.0,-100.0,-100.0,-100.0,-100.0,-100.0,-100.0,-100.0,-100.0,-100.0,-100.0,-100.0,-100.0,-100.0,-100.0,-100.0,-100.0,-100.0,-100.0,-100.0,-100.0,-100.0,-100.0,-100.0,-100.0,-100.0,-100.0,-100.0,-100.0,-100.0,-100.0,-100.0,-100.0,-100.0,-100.0,-100.0,-100.0,-100.0,-100.0,-100.0,-100.0,-100.0,-100.0,-100.0,-100.0,-100.0,-100.0,-100.0
2021.05.19 171936,104.0,67.0,27.422153528205122,-11.75569204871795,-25.229845907692308,0.14136840172102566,0.7966552639487179,9.683539055384616,-0.0023181552892307684,-0.003978455565897435,-0.0050341561725641025,-0.08212960585951802,-0.014502663664722727,-1.9060952137678098,1004.4013893333332,-75.0,-76.0,-79.0,-78.0,-79.0,-61.0,-71.0,-100.0,-100.0,-66.0,-80.0,-83.0,-100.0,-58.0,-78.0,-100.0,-86.0,-75.0,-79.0,-75.0,-78.0,-78.0,-100.0,-61.0,-75.0,-100.0,-100.0,-66.0,-80.0,-84.0,-100.0,-57.0,-81.0,-100.0,-88.0,-75.0,-100.0,-100.0,-100.0,-75.0,-100.0,-75.0,-83.0,-100.0,-100.0,-75.0,-100.0,-100.0,-100.0,-100.0,-81.0,-100.0,-81.0,-100.0,-100.0,-100.0,-100.0,-100.0,-100.0,-100.0,-100.0,-100.0,-100.0,-100.0,-100.0,-100.0,-100.0,-100.0,-100.0,-100.0,-100.0,-100.0,-100.0,-100.0,-100.0,-100.0,-100.0,-100.0,-100.0,-100.0,-100.0,-100.0,-100.0,-100.0,-100.0,-100.0,-100.0,-100.0,-100.0,-100.0,-100.0,-100.0,-100.0,-100.0,-100.0,-100.0,-100.0,-100.0,-100.0,-100.0,-100.0,-100.0,-100.0,-100.0,-100.0,-100.0,-100.0,-100.0,-100.0,-100.0,-100.0,-100.0,-100.0,-100.0,-100.0,-100.0,-100.0,-100.0,-100.0,-100.0,-100.0,-100.0,-100.0,-100.0,-100.0,-100.0,-100.0,-100.0,-100.0,-100.0,-100.0,-100.0,-100.0,-100.0,-100.0,-100.0,-100.0,-100.0,-100.0,-100.0,-100.0,-100.0
2021.05.19 171949,103.0,68.0,26.05886748427673,-8.188679087421383,-27.693207119496854,0.2769293288974843,0.8850415018867923,9.664157553459118,0.002497247851886792,-0.0038918648537735845,-0.005759037675157233,-0.09141592051154408,-0.028528160239319394,-1.7799812052984658,1004.393739874214,-100.0,-100.0,-78.0,-62.0,-69.0,-66.0,-69.0,-81.0,-100.0,-72.0,-78.0,-80.0,-100.0,-65.0,-87.0,-100.0,-100.0,-84.0,-78.0,-74.0,-62.0,-69.0,-81.0,-66.0,-70.0,-81.0,-100.0,-70.0,-80.0,-78.0,-100.0,-64.0,-85.0,-100.0,-100.0,-83.0,-100.0,-100.0,-100.0,-73.0,-100.0,-72.0,-77.0,-100.0,-100.0,-74.0,-100.0,-83.0,-83.0,-100.0,-86.0,-100.0,-84.0,-88.0,-84.0,-79.0,-88.0,-83.0,-100.0,-100.0,-100.0,-100.0,-100.0,-100.0,-100.0,-100.0,-100.0,-100.0,-100.0,-100.0,-100.0,-100.0,-100.0,-100.0,-100.0,-100.0,-100.0,-100.0,-100.0,-100.0,-100.0,-100.0,-100.0,-100.0,-100.0,-100.0,-100.0,-100.0,-100.0,-100.0,-100.0,-100.0,-100.0,-100.0,-100.0,-100.0,-100.0,-100.0,-100.0,-100.0,-100.0,-100.0,-100.0,-100.0,-100.0,-100.0,-100.0,-100.0,-100.0,-100.0,-100.0,-100.0,-100.0,-100.0,-100.0,-100.0,-100.0,-100.0,-100.0,-100.0,-100.0,-100.0,-100.0,-100.0,-100.0,-100.0,-100.0,-100.0,-100.0,-100.0,-100.0,-100.0,-100.0,-100.0,-100.0,-100.0,-100.0,-100.0,-100.0,-100.0,-100.0,-100.0
2021.05.19 172000,102.0,69.0,26.89329079746835,-9.85860735443038,-30.120759012658226,0.2444207165841772,0.742732884113924,9.686924892405065,-0.002010442651582279,-0.004732272529746835,-0.0024705244696202533,-0.07660965931519295,-0.02521497438845215,-1.8383953382697287,1004.395890822785,-100.0,-100.0,-80.0,-70.0,-65.0,-72.0,-79.0,-100.0,-100.0,-73.0,-85.0,-100.0,-100.0,-67.0,-79.0,-100.0,-87.0,-100.0,-80.0,-80.0,-70.0,-65.0,-78.0,-72.0,-80.0,-84.0,-100.0,-76.0,-85.0,-100.0,-100.0,-66.0,-79.0,-100.0,-87.0,-100.0,-100.0,-100.0,-100.0,-61.0,-100.0,-62.0,-100.0,-100.0,-100.0,-80.0,-100.0,-83.0,-82.0,-100.0,-81.0,-100.0,-82.0,-83.0,-83.0,-87.0,-100.0,-88.0,-89.0,-88.0,-100.0,-100.0,-100.0,-100.0,-100.0,-100.0,-100.0,-100.0,-100.0,-100.0,-100.0,-100.0,-100.0,-100.0,-100.0,-100.0,-100.0,-100.0,-100.0,-100.0,-100.0,-100.0,-100.0,-100.0,-100.0,-100.0,-100.0,-100.0,-100.0,-100.0,-100.0,-100.0,-100.0,-100.0,-100.0,-100.0,-100.0,-100.0,-100.0,-100.0,-100.0,-100.0,-100.0,-100.0,-100.0,-100.0,-100.0,-100.0,-100.0,-100.0,-100.0,-100.0,-100.0,-100.0,-100.0,-100.0,-100.0,-100.0,-100.0,-100.0,-100.0,-100.0,-100.0,-100.0,-100.0,-100.0,-100.0,-100.0,-100.0,-100.0,-100.0,-100.0,-100.0,-100.0,-100.0,-100.0,-100.0,-100.0,-100.0,-100.0,-100.0,-100.0
2021.05.19 172011,101.0,70.0,26.227825726708073,-12.243726394409938,-31.901738770186327,0.25052867150496894,0.7906962644099379,9.682954655279504,-3.035360652173988e-05,-0.004852774267391305,-0.003103650704347826,-0.08153573689716198,-0.0258829377648371,-1.9141935036049127,1004.3879536645962,-100.0,-100.0,-80.0,-100.0,-65.0,-69.0,-77.0,-85.0,-100.0,-79.0,-100.0,-100.0,-100.0,-68.0,-80.0,-100.0,-85.0,-100.0,-81.0,-71.0,-100.0,-65.0,-77.0,-68.0,-77.0,-100.0,-100.0,-77.0,-100.0,-100.0,-100.0,-67.0,-81.0,-100.0,-100.0,-100.0,-100.0,-100.0,-100.0,-66.0,-100.0,-66.0,-77.0,-100.0,-100.0,-72.0,-100.0,-78.0,-79.0,-100.0,-100.0,-100.0,-100.0,-86.0,-87.0,-86.0,-73.0,-86.0,-100.0,-100.0,-87.0,-88.0,-88.0,-100.0,-100.0,-100.0,-100.0,-100.0,-100.0,-100.0,-100.0,-100.0,-100.0,-100.0,-100.0,-100.0,-100.0,-100.0,-100.0,-100.0,-100.0,-100.0,-100.0,-100.0,-100.0,-100.0,-100.0,-100.0,-100.0,-100.0,-100.0,-100.0,-100.0,-100.0,-100.0,-100.0,-100.0,-100.0,-100.0,-100.0,-100.0,-100.0,-100.0,-100.0,-100.0,-100.0,-100.0,-100.0,-100.0,-100.0,-100.0,-100.0,-100.0,-100.0,-100.0,-100.0,-100.0,-100.0,-100.0,-100.0,-100.0,-100.0,-100.0,-100.0,-100.0,-100.0,-100.0,-100.0,-100.0,-100.0,-100.0,-100.0,-100.0,-100.0,-100.0,-100.0,-100.0,-100.0,-100.0,-100.0,-100.0,-100.0
2021.05.19 172138,94.0,77.0,30.951785255952377,-12.591428339285715,-29.316785321428576,0.17010233042857145,0.594716855952381,9.69349563095238,0.0019053178241071433,-0.004468770123511904,-0.005181446328869048,-0.061265817954249284,-0.017609209316367818,-1.9017690349192846,1004.3917595238096,-100.0,-100.0,-68.0,-61.0,-69.0,-65.0,-82.0,-81.0,-100.0,-79.0,-100.0,-88.0,-100.0,-66.0,-100.0,-100.0,-71.0,-88.0,-69.0,-62.0,-61.0,-70.0,-77.0,-64.0,-86.0,-81.0,-100.0,-100.0,-100.0,-88.0,-100.0,-69.0,-100.0,-100.0,-72.0,-86.0,-100.0,-100.0,-100.0,-53.0,-100.0,-54.0,-78.0,-100.0,-100.0,-100.0,-100.0,-75.0,-74.0,-100.0,-81.0,-100.0,-78.0,-83.0,-82.0,-84.0,-80.0,-82.0,-100.0,-100.0,-100.0,-100.0,-79.0,-82.0,-86.0,-85.0,-88.0,-100.0,-100.0,-100.0,-100.0,-100.0,-100.0,-100.0,-100.0,-100.0,-100.0,-100.0,-100.0,-100.0,-100.0,-100.0,-100.0,-100.0,-100.0,-100.0,-100.0,-100.0,-100.0,-100.0,-100.0,-100.0,-100.0,-100.0,-100.0,-100.0,-100.0,-100.0,-100.0,-100.0,-100.0,-100.0,-100.0,-100.0,-100.0,-100.0,-100.0,-100.0,-100.0,-100.0,-100.0,-100.0,-100.0,-100.0,-100.0,-100.0,-100.0,-100.0,-100.0,-100.0,-100.0,-100.0,-100.0,-100.0,-100.0,-100.0,-100.0,-100.0,-100.0,-100.0,-100.0,-100.0,-100.0,-100.0,-100.0,-100.0,-100.0,-100.0,-100.0,-100.0,-100.0,-100.0
2021.05.19 172150,93.0,78.0,32.24195081707317,-11.617682661585366,-28.788292335365853,0.21879207855914634,0.7749622092073171,9.695480356707318,0.006738141512804878,-0.003627943633536587,0.004313304567987806,-0.07978494453425629,-0.022632220547565314,-1.8477553063776435,1004.4189882926829,-100.0,-100.0,-67.0,-56.0,-57.0,-69.0,-85.0,-100.0,-100.0,-100.0,-100.0,-100.0,-100.0,-100.0,-100.0,-100.0,-77.0,-100.0,-67.0,-63.0,-55.0,-59.0,-60.0,-70.0,-84.0,-100.0,-100.0,-100.0,-100.0,-100.0,-100.0,-100.0,-100.0,-100.0,-77.0,-100.0,-100.0,-100.0,-100.0,-78.0,-100.0,-78.0,-60.0,-100.0,-100.0,-63.0,-100.0,-74.0,-72.0,-100.0,-60.0,-100.0,-58.0,-100.0,-100.0,-74.0,-70.0,-75.0,-84.0,-85.0,-84.0,-84.0,-70.0,-100.0,-100.0,-100.0,-85.0,-88.0,-90.0,-89.0,-82.0,-77.0,-84.0,-80.0,-76.0,-86.0,-100.0,-100.0,-100.0,-100.0,-100.0,-100.0,-100.0,-100.0,-100.0,-100.0,-100.0,-100.0,-100.0,-100.0,-100.0,-100.0,-100.0,-100.0,-100.0,-100.0,-100.0,-100.0,-100.0,-100.0,-100.0,-100.0,-100.0,-100.0,-100.0,-100.0,-100.0,-100.0,-100.0,-100.0,-100.0,-100.0,-100.0,-100.0,-100.0,-100.0,-100.0,-100.0,-100.0,-100.0,-100.0,-100.0,-100.0,-100.0,-100.0,-100.0,-100.0,-100.0,-100.0,-100.0,-100.0,-100.0,-100.0,-100.0,-100.0,-100.0,-100.0,-100.0,-100.0,-100.0,-100.0,-100.0
2021.05.19 172202,92.0,79.0,32.602275059880235,-10.441436868263473,-30.022634245508986,0.21969309440898208,0.790158239760479,9.686911395209581,0.0016350703982035931,-0.006704886444910181,-0.001953305626047905,-0.08152298427683236,-0.022600934341006795,-1.8075789755689884,1004.4648066467064,-100.0,-100.0,-62.0,-45.0,-52.0,-67.0,-83.0,-100.0,-100.0,-100.0,-100.0,-100.0,-100.0,-100.0,-100.0,-100.0,-77.0,-100.0,-62.0,-61.0,-45.0,-52.0,-56.0,-67.0,-83.0,-100.0,-100.0,-100.0,-100.0,-100.0,-100.0,-100.0,-100.0,-100.0,-100.0,-100.0,-100.0,-100.0,-100.0,-80.0,-100.0,-80.0,-56.0,-100.0,-100.0,-59.0,-100.0,-67.0,-67.0,-87.0,-60.0,-88.0,-60.0,-100.0,-100.0,-73.0,-69.0,-73.0,-80.0,-80.0,-82.0,-80.0,-68.0,-100.0,-84.0,-78.0,-86.0,-100.0,-100.0,-100.0,-83.0,-73.0,-100.0,-84.0,-73.0,-100.0,-88.0,-82.0,-100.0,-100.0,-100.0,-100.0,-100.0,-100.0,-100.0,-100.0,-100.0,-100.0,-100.0,-100.0,-100.0,-100.0,-100.0,-100.0,-100.0,-100.0,-100.0,-100.0,-100.0,-100.0,-100.0,-100.0,-100.0,-100.0,-100.0,-100.0,-100.0,-100.0,-100.0,-100.0,-100.0,-100.0,-100.0,-100.0,-100.0,-100.0,-100.0,-100.0,-100.0,-100.0,-100.0,-100.0,-100.0,-100.0,-100.0,-100.0,-100.0,-100.0,-100.0,-100.0,-100.0,-100.0,-100.0,-100.0,-100.0,-100.0,-100.0,-100.0,-100.0,-100.0,-100.0,-100.0
2021.05.19 172214,91.0,80.0,30.522856684523806,-9.242142639285714,-30.89678524404762,0.24801364403809525,0.7862814907142858,9.684531613095238,-0.0007708538770833331,-0.0011162834377976187,-0.004861469245535714,-0.08108083857223387,-0.025631422523084785,-1.7841155273573739,1004.4553865476191,-100.0,-100.0,-100.0,-48.0,-47.0,-69.0,-83.0,-100.0,-100.0,-82.0,-100.0,-100.0,-100.0,-100.0,-100.0,-100.0,-68.0,-100.0,-100.0,-59.0,-48.0,-48.0,-61.0,-71.0,-84.0,-100.0,-100.0,-83.0,-100.0,-100.0,-100.0,-100.0,-100.0,-100.0,-69.0,-100.0,-100.0,-100.0,-100.0,-100.0,-100.0,-100.0,-60.0,-100.0,-100.0,-60.0,-100.0,-65.0,-65.0,-89.0,-61.0,-89.0,-61.0,-100.0,-100.0,-69.0,-65.0,-70.0,-76.0,-78.0,-88.0,-86.0,-64.0,-100.0,-100.0,-100.0,-100.0,-100.0,-100.0,-100.0,-86.0,-69.0,-100.0,-86.0,-72.0,-100.0,-86.0,-100.0,-88.0,-87.0,-88.0,-100.0,-100.0,-100.0,-100.0,-100.0,-100.0,-100.0,-100.0,-100.0,-100.0,-100.0,-100.0,-100.0,-100.0,-100.0,-100.0,-100.0,-100.0,-100.0,-100.0,-100.0,-100.0,-100.0,-100.0,-100.0,-100.0,-100.0,-100.0,-100.0,-100.0,-100.0,-100.0,-100.0,-100.0,-100.0,-100.0,-100.0,-100.0,-100.0,-100.0,-100.0,-100.0,-100.0,-100.0,-100.0,-100.0,-100.0,-100.0,-100.0,-100.0,-100.0,-100.0,-100.0,-100.0,-100.0,-100.0,-100.0,-100.0,-100.0,-100.0,-100.0
2021.05.19 172247,88.0,83.0,28.62372635403726,-9.343602263975155,-30.470309993788817,0.286679629068323,0.7801974647826087,9.684218717391305,-0.0015138834981366458,-0.006169359487888198,-0.0026066114965838504,-0.08046125717785044,-0.029519101648203847,-1.801608473617838,1004.440145590062,-100.0,-100.0,-67.0,-53.0,-50.0,-74.0,-80.0,-100.0,-100.0,-100.0,-100.0,-91.0,-100.0,-83.0,-100.0,-100.0,-74.0,-100.0,-66.0,-55.0,-54.0,-50.0,-67.0,-73.0,-80.0,-100.0,-100.0,-100.0,-100.0,-89.0,-100.0,-84.0,-100.0,-100.0,-75.0,-100.0,-100.0,-100.0,-100.0,-81.0,-100.0,-83.0,-67.0,-100.0,-100.0,-60.0,-100.0,-71.0,-70.0,-100.0,-62.0,-100.0,-62.0,-100.0,-100.0,-65.0,-71.0,-65.0,-80.0,-79.0,-75.0,-75.0,-71.0,-100.0,-100.0,-100.0,-100.0,-91.0,-100.0,-100.0,-80.0,-71.0,-93.0,-80.0,-71.0,-100.0,-100.0,-100.0,-100.0,-88.0,-88.0,-87.0,-87.0,-100.0,-100.0,-100.0,-100.0,-100.0,-100.0,-100.0,-100.0,-100.0,-100.0,-100.0,-100.0,-100.0,-100.0,-100.0,-100.0,-100.0,-100.0,-100.0,-100.0,-100.0,-100.0,-100.0,-100.0,-100.0,-100.0,-100.0,-100.0,-100.0,-100.0,-100.0,-100.0,-100.0,-100.0,-100.0,-100.0,-100.0,-100.0,-100.0,-100.0,-100.0,-100.0,-100.0,-100.0,-100.0,-100.0,-100.0,-100.0,-100.0,-100.0,-100.0,-100.0,-100.0,-100.0,-100.0,-100.0,-100.0,-100.0,-100.0
2021.05.19 172347,83.0,88.0,28.583431473372784,-10.999171337278106,-30.34792846153846,0.27299566128994085,0.7770671992899408,9.688810094674556,0.0036398892215976325,-0.0032097532908284022,-3.6145812130176965e-05,-0.08007487103607523,-0.028165952608364003,-1.855268646979473,1004.423045443787,-100.0,-100.0,-66.0,-48.0,-54.0,-70.0,-87.0,-100.0,-100.0,-100.0,-100.0,-100.0,-100.0,-100.0,-100.0,-100.0,-68.0,-100.0,-66.0,-56.0,-47.0,-54.0,-63.0,-70.0,-86.0,-100.0,-100.0,-84.0,-100.0,-100.0,-100.0,-100.0,-100.0,-100.0,-69.0,-100.0,-100.0,-100.0,-100.0,-100.0,-100.0,-100.0,-64.0,-100.0,-100.0,-56.0,-100.0,-64.0,-65.0,-100.0,-54.0,-100.0,-54.0,-100.0,-100.0,-71.0,-71.0,-72.0,-85.0,-84.0,-88.0,-87.0,-71.0,-100.0,-82.0,-100.0,-85.0,-100.0,-100.0,-100.0,-80.0,-76.0,-100.0,-80.0,-75.0,-100.0,-85.0,-100.0,-100.0,-100.0,-100.0,-100.0,-100.0,-100.0,-100.0,-100.0,-100.0,-100.0,-100.0,-100.0,-100.0,-100.0,-100.0,-100.0,-100.0,-100.0,-100.0,-100.0,-100.0,-100.0,-100.0,-100.0,-100.0,-100.0,-100.0,-100.0,-100.0,-100.0,-100.0,-100.0,-100.0,-100.0,-100.0,-100.0,-100.0,-100.0,-100.0,-100.0,-100.0,-100.0,-100.0,-100.0,-100.0,-100.0,-100.0,-100.0,-100.0,-100.0,-100.0,-100.0,-100.0,-100.0,-100.0,-100.0,-100.0,-100.0,-100.0,-100.0,-100.0,-100.0,-100.0,-100.0
2021.05.19 172400,82.0,89.0,29.38626471686747,-10.512288909638555,-30.28445740963855,0.21990598310481932,0.8052450249397591,9.686204551204819,-0.0005998255478915665,-0.0001287969487951806,-0.0028924101075301204,-0.08303871144910889,-0.022692250032104084,-1.8314642942095378,1004.4179203012048,-100.0,-100.0,-57.0,-27.0,-43.0,-71.0,-88.0,-100.0,-100.0,-100.0,-100.0,-100.0,-100.0,-100.0,-100.0,-100.0,-63.0,-100.0,-58.0,-68.0,-26.0,-43.0,-59.0,-71.0,-88.0,-100.0,-100.0,-100.0,-100.0,-100.0,-100.0,-100.0,-100.0,-100.0,-63.0,-100.0,-100.0,-100.0,-100.0,-100.0,-100.0,-100.0,-59.0,-100.0,-100.0,-68.0,-100.0,-57.0,-57.0,-80.0,-49.0,-80.0,-52.0,-100.0,-100.0,-79.0,-78.0,-80.0,-78.0,-78.0,-76.0,-75.0,-76.0,-74.0,-76.0,-73.0,-78.0,-100.0,-100.0,-100.0,-66.0,-63.0,-100.0,-68.0,-64.0,-100.0,-81.0,-100.0,-100.0,-100.0,-100.0,-83.0,-84.0,-84.0,-85.0,-82.0,-86.0,-75.0,-82.0,-75.0,-83.0,-88.0,-100.0,-100.0,-100.0,-100.0,-100.0,-100.0,-100.0,-100.0,-100.0,-100.0,-100.0,-100.0,-100.0,-100.0,-100.0,-100.0,-100.0,-100.0,-100.0,-100.0,-100.0,-100.0,-100.0,-100.0,-100.0,-100.0,-100.0,-100.0,-100.0,-100.0,-100.0,-100.0,-100.0,-100.0,-100.0,-100.0,-100.0,-100.0,-100.0,-100.0,-100.0,-100.0,-100.0,-100.0,-100.0,-100.0,-100.0,-100.0,-100.0,-100.0
2021.05.19 172414,81.0,90.0,29.896940758823536,-12.528705608823529,-29.549293700000003,0.09923261866411763,0.776552273235294,9.689137050588236,0.0005497787376470588,-0.005307341015294118,0.0014732632811764704,-0.08008609308915976,-0.01013185861439346,-1.8950680087594425,1004.4213820588236,-100.0,-100.0,-54.0,-29.0,-45.0,-65.0,-100.0,-100.0,-100.0,-100.0,-100.0,-100.0,-100.0,-100.0,-100.0,-100.0,-60.0,-100.0,-53.0,-61.0,-29.0,-46.0,-54.0,-73.0,-100.0,-100.0,-100.0,-100.0,-100.0,-100.0,-100.0,-100.0,-100.0,-100.0,-60.0,-100.0,-100.0,-100.0,-100.0,-84.0,-100.0,-87.0,-54.0,-100.0,-100.0,-61.0,-100.0,-48.0,-49.0,-79.0,-50.0,-79.0,-50.0,-100.0,-100.0,-76.0,-75.0,-77.0,-71.0,-74.0,-80.0,-79.0,-75.0,-78.0,-80.0,-77.0,-80.0,-100.0,-100.0,-100.0,-64.0,-56.0,-100.0,-63.0,-56.0,-100.0,-87.0,-100.0,-100.0,-100.0,-100.0,-80.0,-80.0,-84.0,-74.0,-82.0,-72.0,-80.0,-84.0,-81.0,-84.0,-100.0,-86.0,-82.0,-100.0,-100.0,-100.0,-100.0,-100.0,-100.0,-100.0,-100.0,-100.0,-100.0,-100.0,-100.0,-100.0,-100.0,-100.0,-100.0,-100.0,-100.0,-100.0,-100.0,-100.0,-100.0,-100.0,-100.0,-100.0,-100.0,-100.0,-100.0,-100.0,-100.0,-100.0,-100.0,-100.0,-100.0,-100.0,-100.0,-100.0,-100.0,-100.0,-100.0,-100.0,-100.0,-100.0,-100.0,-100.0,-100.0,-100.0,-100.0
2021.05.19 172431,80.0,89.0,11.386666450292399,27.169473257309942,-35.970876783625734,0.1633657626859649,0.9707297836842104,9.666204350877193,0.003940259295029238,-0.003547305197076023,-0.0020647959207602336,-0.10006093320965066,-0.016788870887966982,-0.37312796799062986,1004.4257423391812,-100.0,-100.0,-87.0,-28.0,-38.0,-76.0,-100.0,-100.0,-100.0,-100.0,-100.0,-84.0,-100.0,-100.0,-100.0,-100.0,-65.0,-85.0,-60.0,-65.0,-28.0,-39.0,-55.0,-75.0,-100.0,-100.0,-100.0,-100.0,-100.0,-86.0,-100.0,-100.0,-100.0,-100.0,-65.0,-85.0,-100.0,-100.0,-100.0,-100.0,-100.0,-100.0,-54.0,-100.0,-100.0,-66.0,-100.0,-48.0,-48.0,-89.0,-48.0,-100.0,-48.0,-100.0,-100.0,-82.0,-70.0,-80.0,-80.0,-79.0,-75.0,-74.0,-69.0,-100.0,-100.0,-100.0,-100.0,-100.0,-100.0,-100.0,-70.0,-65.0,-100.0,-70.0,-65.0,-100.0,-88.0,-100.0,-100.0,-100.0,-100.0,-76.0,-76.0,-100.0,-100.0,-100.0,-100.0,-82.0,-81.0,-79.0,-79.0,-100.0,-90.0,-88.0,-84.0,-88.0,-85.0,-84.0,-100.0,-100.0,-100.0,-100.0,-100.0,-100.0,-100.0,-100.0,-100.0,-100.0,-100.0,-100.0,-100.0,-100.0,-100.0,-100.0,-100.0,-100.0,-100.0,-100.0,-100.0,-100.0,-100.0,-100.0,-100.0,-100.0,-100.0,-100.0,-100.0,-100.0,-100.0,-100.0,-100.0,-100.0,-100.0,-100.0,-100.0,-100.0,-100.0,-100.0,-100.0,-100.0,-100.0,-100.0
2021.05.19 172555,73.0,82.0,7.015185088271606,25.69925894444444,-37.2674069382716,0.18263916426543209,0.7362909198765432,9.698851935185186,0.0016063493339506182,-0.0069005148805555555,-0.0024849394817901232,-0.0758166310411912,-0.018925507059281532,-0.2650078640859804,1004.4443024691357,-100.0,-100.0,-57.0,-31.0,-46.0,-69.0,-75.0,-100.0,-100.0,-81.0,-100.0,-100.0,-100.0,-79.0,-100.0,-100.0,-75.0,-86.0,-60.0,-58.0,-31.0,-45.0,-60.0,-69.0,-76.0,-100.0,-100.0,-82.0,-100.0,-100.0,-100.0,-76.0,-100.0,-100.0,-77.0,-87.0,-100.0,-100.0,-100.0,-84.0,-100.0,-83.0,-60.0,-100.0,-100.0,-60.0,-100.0,-53.0,-53.0,-100.0,-54.0,-100.0,-55.0,-100.0,-100.0,-78.0,-76.0,-78.0,-75.0,-75.0,-75.0,-75.0,-76.0,-78.0,-100.0,-77.0,-100.0,-100.0,-100.0,-100.0,-66.0,-64.0,-100.0,-66.0,-65.0,-100.0,-100.0,-100.0,-100.0,-100.0,-100.0,-76.0,-78.0,-100.0,-100.0,-100.0,-100.0,-88.0,-85.0,-88.0,-84.0,-100.0,-100.0,-100.0,-100.0,-100.0,-100.0,-100.0,-90.0,-100.0,-100.0,-100.0,-100.0,-100.0,-100.0,-100.0,-100.0,-100.0,-100.0,-100.0,-100.0,-100.0,-100.0,-100.0,-100.0,-100.0,-100.0,-100.0,-100.0,-100.0,-100.0,-100.0,-100.0,-100.0,-100.0,-100.0,-100.0,-100.0,-100.0,-100.0,-100.0,-100.0,-100.0,-100.0,-100.0,-100.0,-100.0,-100.0,-100.0,-100.0,-100.0,-100.0
2021.05.19 172607,72.0,81.0,8.169629486419755,26.536295913580247,-38.136295802469135,0.17513142151419753,0.9875195311728393,9.670505774691359,0.0023831286827160495,-0.008672777954012346,-0.001700618808024691,-0.10185455475692391,-0.018146735335726336,-0.2846920492104542,1004.4229380246913,-100.0,-100.0,-100.0,-47.0,-56.0,-82.0,-100.0,-100.0,-100.0,-100.0,-100.0,-100.0,-100.0,-83.0,-100.0,-83.0,-100.0,-100.0,-100.0,-65.0,-48.0,-56.0,-50.0,-83.0,-100.0,-100.0,-100.0,-100.0,-100.0,-100.0,-100.0,-82.0,-100.0,-82.0,-100.0,-100.0,-100.0,-100.0,-100.0,-85.0,-100.0,-85.0,-49.0,-100.0,-100.0,-65.0,-100.0,-58.0,-61.0,-75.0,-54.0,-75.0,-55.0,-100.0,-100.0,-80.0,-74.0,-83.0,-71.0,-70.0,-100.0,-100.0,-78.0,-66.0,-100.0,-66.0,-100.0,-100.0,-100.0,-100.0,-61.0,-59.0,-100.0,-61.0,-58.0,-100.0,-100.0,-100.0,-100.0,-100.0,-100.0,-100.0,-100.0,-100.0,-100.0,-100.0,-100.0,-100.0,-100.0,-100.0,-100.0,-100.0,-100.0,-100.0,-100.0,-100.0,-100.0,-100.0,-100.0,-86.0,-83.0,-86.0,-84.0,-100.0,-100.0,-100.0,-100.0,-100.0,-100.0,-100.0,-100.0,-100.0,-100.0,-100.0,-100.0,-100.0,-100.0,-100.0,-100.0,-100.0,-100.0,-100.0,-100.0,-100.0,-100.0,-100.0,-100.0,-100.0,-100.0,-100.0,-100.0,-100.0,-100.0,-100.0,-100.0,-100.0,-100.0,-100.0,-100.0,-100.0,-100.0,-100.0
2021.05.19 172620,71.0,80.0,8.535861909195402,28.63862031034483,-38.17413737931035,0.1066933335908046,1.0620623850574713,9.674170994252874,0.0012041769701149427,-0.0033843338583333326,0.0011725805206896545,-0.1095136031080251,-0.011050305219872925,-0.26784658372059633,1004.3814138505745,-100.0,-100.0,-74.0,-51.0,-63.0,-100.0,-100.0,-100.0,-100.0,-100.0,-100.0,-100.0,-100.0,-100.0,-100.0,-100.0,-100.0,-100.0,-73.0,-73.0,-50.0,-61.0,-48.0,-100.0,-100.0,-100.0,-100.0,-100.0,-100.0,-100.0,-100.0,-100.0,-100.0,-100.0,-100.0,-100.0,-100.0,-100.0,-100.0,-100.0,-100.0,-100.0,-47.0,-100.0,-100.0,-73.0,-100.0,-54.0,-54.0,-70.0,-45.0,-70.0,-45.0,-100.0,-100.0,-80.0,-80.0,-80.0,-71.0,-72.0,-100.0,-100.0,-81.0,-69.0,-100.0,-69.0,-100.0,-100.0,-100.0,-100.0,-69.0,-63.0,-100.0,-69.0,-62.0,-100.0,-100.0,-82.0,-100.0,-100.0,-100.0,-100.0,-100.0,-100.0,-100.0,-100.0,-100.0,-100.0,-100.0,-100.0,-100.0,-100.0,-100.0,-100.0,-100.0,-100.0,-100.0,-100.0,-100.0,-100.0,-81.0,-100.0,-81.0,-88.0,-88.0,-100.0,-100.0,-100.0,-100.0,-100.0,-100.0,-100.0,-100.0,-100.0,-100.0,-100.0,-100.0,-100.0,-100.0,-100.0,-100.0,-100.0,-100.0,-100.0,-100.0,-100.0,-100.0,-100.0,-100.0,-100.0,-100.0,-100.0,-100.0,-100.0,-100.0,-100.0,-100.0,-100.0,-100.0,-100.0,-100.0,-100.0
2021.05.19 172642,70.0,79.0,6.996416072254338,29.00184928901734,-37.12647360115607,0.15674409550635837,1.0680354016763005,9.65748999421965,0.0029448649829479766,-0.0022880964436416185,0.0010522416988439306,-0.1101415169376858,-0.016117717028222674,-0.22682220217464977,1004.3401464739886,-100.0,-100.0,-86.0,-61.0,-62.0,-87.0,-100.0,-100.0,-100.0,-100.0,-100.0,-100.0,-100.0,-100.0,-100.0,-90.0,-84.0,-100.0,-82.0,-79.0,-61.0,-62.0,-56.0,-88.0,-100.0,-100.0,-100.0,-100.0,-100.0,-100.0,-100.0,-100.0,-100.0,-89.0,-84.0,-100.0,-100.0,-100.0,-100.0,-100.0,-100.0,-88.0,-54.0,-100.0,-100.0,-81.0,-100.0,-60.0,-61.0,-82.0,-54.0,-83.0,-53.0,-100.0,-100.0,-88.0,-83.0,-87.0,-63.0,-63.0,-100.0,-100.0,-83.0,-70.0,-100.0,-71.0,-100.0,-100.0,-100.0,-100.0,-72.0,-72.0,-100.0,-72.0,-72.0,-100.0,-100.0,-79.0,-100.0,-100.0,-100.0,-100.0,-100.0,-100.0,-100.0,-100.0,-100.0,-100.0,-100.0,-100.0,-100.0,-100.0,-100.0,-100.0,-100.0,-100.0,-100.0,-100.0,-100.0,-100.0,-83.0,-100.0,-84.0,-100.0,-100.0,-93.0,-95.0,-87.0,-90.0,-100.0,-100.0,-100.0,-100.0,-100.0,-100.0,-100.0,-100.0,-100.0,-100.0,-100.0,-100.0,-100.0,-100.0,-100.0,-100.0,-100.0,-100.0,-100.0,-100.0,-100.0,-100.0,-100.0,-100.0,-100.0,-100.0,-100.0,-100.0,-100.0,-100.0,-100.0,-100.0,-100.0
2021.05.19 172654,69.0,78.0,7.806153710897436,26.316153519230774,-34.449230365384615,0.021348298324999997,1.0253322351282053,9.67357248076923,0.0034145801868589744,-0.003821823720512821,-0.0030660737794871787,-0.10578485678594841,-0.0021711781506544466,-0.25829463452100754,1004.3475011538461,-100.0,-100.0,-86.0,-59.0,-62.0,-100.0,-100.0,-100.0,-100.0,-100.0,-100.0,-100.0,-100.0,-100.0,-100.0,-87.0,-100.0,-100.0,-100.0,-80.0,-59.0,-62.0,-58.0,-100.0,-100.0,-100.0,-100.0,-100.0,-100.0,-100.0,-100.0,-100.0,-100.0,-85.0,-83.0,-100.0,-100.0,-100.0,-100.0,-100.0,-100.0,-100.0,-57.0,-100.0,-100.0,-80.0,-100.0,-59.0,-60.0,-81.0,-53.0,-81.0,-53.0,-100.0,-100.0,-87.0,-100.0,-86.0,-75.0,-75.0,-100.0,-100.0,-100.0,-76.0,-100.0,-75.0,-100.0,-100.0,-100.0,-100.0,-72.0,-69.0,-100.0,-72.0,-69.0,-100.0,-100.0,-80.0,-100.0,-100.0,-100.0,-100.0,-100.0,-100.0,-100.0,-100.0,-100.0,-100.0,-100.0,-100.0,-100.0,-100.0,-100.0,-100.0,-87.0,-100.0,-100.0,-86.0,-100.0,-90.0,-100.0,-100.0,-100.0,-100.0,-100.0,-100.0,-100.0,-100.0,-86.0,-100.0,-100.0,-100.0,-100.0,-100.0,-100.0,-100.0,-100.0,-100.0,-100.0,-100.0,-100.0,-100.0,-100.0,-100.0,-100.0,-100.0,-100.0,-100.0,-100.0,-100.0,-100.0,-100.0,-100.0,-100.0,-100.0,-100.0,-100.0,-100.0,-100.0,-100.0,-100.0,-100.0
2021.05.19 172806,63.0,72.0,8.239199837714287,26.16548531428571,-32.86697102857143,0.1649536559411429,0.6012729766285714,9.702290271428572,0.0014940017340000005,-0.005263913058285714,-0.0019024089105714286,-0.061915819453341576,-0.01701399074339531,-0.30292686794485363,1004.359233142857,-100.0,-100.0,-78.0,-53.0,-64.0,-100.0,-100.0,-100.0,-100.0,-100.0,-100.0,-100.0,-100.0,-100.0,-100.0,-82.0,-100.0,-100.0,-79.0,-71.0,-53.0,-66.0,-56.0,-100.0,-100.0,-100.0,-100.0,-100.0,-100.0,-100.0,-100.0,-100.0,-100.0,-82.0,-100.0,-100.0,-100.0,-100.0,-100.0,-100.0,-100.0,-100.0,-56.0,-100.0,-100.0,-71.0,-100.0,-60.0,-60.0,-72.0,-54.0,-72.0,-53.0,-100.0,-100.0,-90.0,-85.0,-100.0,-73.0,-73.0,-100.0,-100.0,-84.0,-63.0,-100.0,-62.0,-100.0,-87.0,-100.0,-100.0,-61.0,-62.0,-100.0,-61.0,-63.0,-100.0,-100.0,-100.0,-100.0,-100.0,-100.0,-100.0,-100.0,-100.0,-100.0,-100.0,-100.0,-100.0,-100.0,-100.0,-100.0,-100.0,-100.0,-100.0,-100.0,-100.0,-100.0,-100.0,-100.0,-84.0,-82.0,-85.0,-81.0,-100.0,-100.0,-100.0,-100.0,-100.0,-100.0,-90.0,-88.0,-100.0,-100.0,-100.0,-100.0,-100.0,-100.0,-100.0,-100.0,-100.0,-100.0,-100.0,-100.0,-100.0,-100.0,-100.0,-100.0,-100.0,-100.0,-100.0,-100.0,-100.0,-100.0,-100.0,-100.0,-100.0,-100.0,-100.0,-100.0,-100.0,-100.0,-100.0
2021.05.19 172818,62.0,71.0,3.259058778235294,23.45823505882353,-32.065058364705884,0.13314578173705882,0.7938186946470589,9.700389791176471,-0.0007797513794117646,-0.0020841284158823535,-0.005425920666764707,-0.08170014174983778,-0.013790520918018237,-0.14148086239309868,1004.3550582941176,-100.0,-100.0,-100.0,-62.0,-71.0,-100.0,-100.0,-100.0,-100.0,-86.0,-100.0,-100.0,-100.0,-100.0,-100.0,-74.0,-88.0,-100.0,-100.0,-85.0,-62.0,-72.0,-71.0,-100.0,-100.0,-100.0,-100.0,-86.0,-100.0,-100.0,-100.0,-100.0,-100.0,-76.0,-89.0,-100.0,-100.0,-100.0,-100.0,-100.0,-100.0,-100.0,-71.0,-100.0,-100.0,-83.0,-100.0,-63.0,-65.0,-55.0,-74.0,-57.0,-74.0,-100.0,-100.0,-100.0,-100.0,-100.0,-83.0,-83.0,-100.0,-100.0,-100.0,-58.0,-100.0,-59.0,-100.0,-100.0,-100.0,-100.0,-79.0,-73.0,-100.0,-82.0,-73.0,-100.0,-100.0,-66.0,-90.0,-100.0,-100.0,-100.0,-100.0,-100.0,-100.0,-100.0,-100.0,-100.0,-100.0,-100.0,-100.0,-100.0,-100.0,-100.0,-77.0,-100.0,-100.0,-78.0,-100.0,-72.0,-66.0,-72.0,-67.0,-100.0,-100.0,-100.0,-100.0,-74.0,-73.0,-74.0,-73.0,-82.0,-82.0,-100.0,-100.0,-100.0,-100.0,-100.0,-100.0,-100.0,-100.0,-100.0,-100.0,-100.0,-100.0,-100.0,-100.0,-100.0,-100.0,-100.0,-100.0,-100.0,-100.0,-100.0,-100.0,-100.0,-100.0,-100.0,-100.0,-100.0,-100.0,-100.0
2021.05.19 172830,61.0,70.0,4.97188226882353,24.5745879,-34.23882319411764,0.01816776651352941,0.8253376549999998,9.69423535882353,-0.0028459132873529416,-0.006252385716176469,-0.003287892366176472,-0.0849298575564342,-0.0018937851439732797,-0.18158200860900037,1004.3536468235293,-100.0,-100.0,-100.0,-67.0,-75.0,-100.0,-100.0,-100.0,-100.0,-100.0,-100.0,-100.0,-100.0,-100.0,-100.0,-73.0,-100.0,-100.0,-100.0,-82.0,-67.0,-76.0,-64.0,-100.0,-100.0,-100.0,-100.0,-100.0,-100.0,-100.0,-100.0,-100.0,-100.0,-69.0,-100.0,-100.0,-100.0,-100.0,-100.0,-100.0,-100.0,-100.0,-64.0,-100.0,-100.0,-83.0,-100.0,-77.0,-79.0,-60.0,-61.0,-61.0,-61.0,-100.0,-100.0,-100.0,-100.0,-100.0,-80.0,-81.0,-100.0,-100.0,-100.0,-63.0,-100.0,-63.0,-100.0,-100.0,-100.0,-100.0,-78.0,-70.0,-100.0,-78.0,-69.0,-100.0,-100.0,-72.0,-100.0,-100.0,-100.0,-100.0,-100.0,-100.0,-100.0,-100.0,-100.0,-100.0,-100.0,-100.0,-100.0,-100.0,-100.0,-100.0,-74.0,-100.0,-100.0,-75.0,-100.0,-81.0,-70.0,-81.0,-71.0,-87.0,-86.0,-100.0,-100.0,-73.0,-75.0,-75.0,-74.0,-83.0,-85.0,-100.0,-100.0,-100.0,-100.0,-100.0,-100.0,-100.0,-100.0,-100.0,-100.0,-100.0,-100.0,-100.0,-100.0,-100.0,-100.0,-100.0,-100.0,-100.0,-100.0,-100.0,-100.0,-100.0,-100.0,-100.0,-100.0,-100.0,-100.0,-100.0
2021.05.19 172852,59.0,68.0,6.468433621686746,25.16349363253012,-32.459276650602405,0.0998209034301205,0.6431316166867469,9.712540710843374,0.001578681886445783,-0.004463732087951807,-0.00045630897590361426,-0.06617628089544998,-0.010284942683896606,-0.2444649215742766,1004.3434325301203,-100.0,-100.0,-100.0,-100.0,-76.0,-100.0,-100.0,-100.0,-100.0,-100.0,-100.0,-100.0,-100.0,-100.0,-100.0,-72.0,-100.0,-100.0,-100.0,-100.0,-70.0,-77.0,-70.0,-100.0,-100.0,-100.0,-100.0,-100.0,-100.0,-100.0,-100.0,-100.0,-100.0,-72.0,-100.0,-100.0,-100.0,-100.0,-100.0,-100.0,-100.0,-100.0,-71.0,-100.0,-100.0,-100.0,-100.0,-66.0,-66.0,-54.0,-74.0,-53.0,-74.0,-100.0,-100.0,-100.0,-100.0,-100.0,-78.0,-79.0,-100.0,-100.0,-100.0,-65.0,-100.0,-65.0,-100.0,-100.0,-100.0,-100.0,-84.0,-74.0,-100.0,-83.0,-74.0,-100.0,-100.0,-100.0,-100.0,-100.0,-100.0,-100.0,-100.0,-100.0,-100.0,-100.0,-100.0,-100.0,-100.0,-100.0,-100.0,-100.0,-100.0,-100.0,-82.0,-100.0,-100.0,-83.0,-100.0,-71.0,-72.0,-70.0,-72.0,-80.0,-81.0,-100.0,-100.0,-71.0,-70.0,-73.0,-73.0,-87.0,-85.0,-100.0,-100.0,-100.0,-100.0,-100.0,-100.0,-100.0,-100.0,-100.0,-100.0,-100.0,-100.0,-100.0,-100.0,-100.0,-100.0,-100.0,-100.0,-100.0,-100.0,-100.0,-100.0,-100.0,-100.0,-100.0,-100.0,-100.0,-100.0,-100.0
2021.05.19 172903,58.0,67.0,8.457906725581394,25.78813915697674,-32.69965070930232,0.09734100273139534,0.6514873423255815,9.694554145348837,0.0004901128116279069,-0.0061264101953488375,0.001839698722093023,-0.06712258232454224,-0.010019225270763486,-0.30468611999653106,1004.3436779069767,-100.0,-100.0,-100.0,-74.0,-77.0,-100.0,-100.0,-100.0,-100.0,-100.0,-100.0,-100.0,-100.0,-100.0,-100.0,-77.0,-100.0,-100.0,-100.0,-100.0,-73.0,-76.0,-75.0,-100.0,-100.0,-100.0,-100.0,-100.0,-100.0,-100.0,-100.0,-100.0,-100.0,-77.0,-100.0,-100.0,-100.0,-100.0,-100.0,-100.0,-100.0,-100.0,-75.0,-100.0,-100.0,-100.0,-100.0,-77.0,-78.0,-61.0,-63.0,-61.0,-63.0,-100.0,-100.0,-100.0,-100.0,-100.0,-86.0,-86.0,-100.0,-100.0,-100.0,-57.0,-100.0,-58.0,-100.0,-100.0,-100.0,-100.0,-86.0,-80.0,-100.0,-86.0,-80.0,-100.0,-100.0,-85.0,-100.0,-100.0,-100.0,-100.0,-100.0,-100.0,-100.0,-100.0,-100.0,-100.0,-100.0,-100.0,-100.0,-100.0,-100.0,-100.0,-83.0,-100.0,-100.0,-82.0,-100.0,-81.0,-70.0,-81.0,-66.0,-100.0,-100.0,-100.0,-100.0,-75.0,-76.0,-67.0,-67.0,-87.0,-89.0,-85.0,-82.0,-85.0,-83.0,-100.0,-100.0,-100.0,-100.0,-100.0,-100.0,-100.0,-100.0,-100.0,-100.0,-100.0,-100.0,-100.0,-100.0,-100.0,-100.0,-100.0,-100.0,-100.0,-100.0,-100.0,-100.0,-100.0,-100.0,-100.0
2021.05.19 172915,57.0,66.0,8.127607192638038,25.939876926380368,-33.88233094478528,0.11066205865276074,0.8798911580368097,9.69159627607362,-0.004302290194478527,-0.006453435417177913,-0.0049131554236196305,-0.09060497739655105,-0.011406545675387484,-0.28646352612899123,1004.3417023312885,-100.0,-100.0,-100.0,-70.0,-82.0,-100.0,-100.0,-100.0,-100.0,-100.0,-100.0,-100.0,-100.0,-100.0,-100.0,-79.0,-100.0,-100.0,-100.0,-93.0,-70.0,-81.0,-75.0,-100.0,-100.0,-100.0,-100.0,-100.0,-100.0,-100.0,-100.0,-100.0,-100.0,-80.0,-100.0,-100.0,-100.0,-100.0,-100.0,-100.0,-100.0,-100.0,-76.0,-100.0,-100.0,-92.0,-100.0,-78.0,-78.0,-57.0,-64.0,-57.0,-65.0,-100.0,-100.0,-100.0,-100.0,-100.0,-88.0,-88.0,-100.0,-100.0,-100.0,-55.0,-100.0,-56.0,-100.0,-100.0,-100.0,-100.0,-100.0,-83.0,-100.0,-100.0,-83.0,-100.0,-100.0,-85.0,-100.0,-100.0,-100.0,-100.0,-100.0,-100.0,-100.0,-100.0,-100.0,-100.0,-100.0,-100.0,-100.0,-100.0,-100.0,-100.0,-79.0,-100.0,-100.0,-80.0,-100.0,-100.0,-73.0,-84.0,-73.0,-82.0,-82.0,-100.0,-100.0,-72.0,-72.0,-68.0,-68.0,-87.0,-87.0,-89.0,-89.0,-87.0,-86.0,-91.0,-89.0,-89.0,-88.0,-100.0,-100.0,-100.0,-100.0,-100.0,-100.0,-100.0,-100.0,-100.0,-100.0,-100.0,-100.0,-100.0,-100.0,-100.0,-100.0,-100.0,-100.0,-100.0,-100.0,-100.0
2021.05.19 172926,56.0,65.0,5.421454446060605,26.49127241212121,-32.905454139393946,0.14810676877212123,0.7513730433333332,9.70043464848485,9.995970090909134e-05,-0.0077154132251515154,-0.0023990344727272735,-0.07731466918732176,-0.015290868041373638,-0.20187592560594733,1004.3308882424241,-100.0,-100.0,-100.0,-74.0,-81.0,-100.0,-100.0,-100.0,-100.0,-100.0,-100.0,-100.0,-100.0,-100.0,-100.0,-77.0,-100.0,-100.0,-100.0,-100.0,-74.0,-81.0,-75.0,-100.0,-100.0,-100.0,-100.0,-100.0,-100.0,-100.0,-100.0,-100.0,-100.0,-77.0,-100.0,-100.0,-100.0,-100.0,-100.0,-100.0,-100.0,-100.0,-74.0,-100.0,-100.0,-100.0,-100.0,-83.0,-82.0,-58.0,-73.0,-58.0,-73.0,-100.0,-100.0,-100.0,-100.0,-100.0,-87.0,-87.0,-100.0,-100.0,-100.0,-56.0,-100.0,-57.0,-100.0,-100.0,-100.0,-100.0,-100.0,-83.0,-100.0,-100.0,-82.0,-100.0,-100.0,-82.0,-100.0,-100.0,-100.0,-100.0,-100.0,-100.0,-100.0,-100.0,-100.0,-100.0,-100.0,-100.0,-100.0,-100.0,-100.0,-100.0,-80.0,-100.0,-100.0,-81.0,-100.0,-83.0,-67.0,-83.0,-67.0,-100.0,-100.0,-100.0,-100.0,-70.0,-70.0,-67.0,-67.0,-100.0,-100.0,-100.0,-100.0,-100.0,-100.0,-90.0,-100.0,-88.0,-100.0,-93.0,-86.0,-86.0,-100.0,-100.0,-100.0,-100.0,-100.0,-100.0,-100.0,-100.0,-100.0,-100.0,-100.0,-100.0,-100.0,-100.0,-100.0,-100.0,-100.0,-100.0
2021.05.19 172949,54.0,63.0,6.947195001219513,27.767560512195114,-31.934999542682927,0.17124381614756098,0.8899860845731706,9.686677268292684,-0.0012738776103658532,-0.005013564789329268,-0.004629911691768292,-0.09162178176750493,-0.01771955839347619,-0.2410781488004254,1004.3078439024393,-100.0,-100.0,-100.0,-76.0,-78.0,-100.0,-100.0,-100.0,-100.0,-100.0,-100.0,-100.0,-100.0,-100.0,-100.0,-72.0,-100.0,-100.0,-100.0,-100.0,-76.0,-78.0,-80.0,-100.0,-100.0,-100.0,-100.0,-100.0,-100.0,-100.0,-100.0,-100.0,-100.0,-72.0,-100.0,-100.0,-100.0,-100.0,-100.0,-100.0,-100.0,-100.0,-81.0,-100.0,-100.0,-100.0,-100.0,-78.0,-76.0,-68.0,-75.0,-68.0,-75.0,-100.0,-100.0,-100.0,-100.0,-100.0,-100.0,-100.0,-100.0,-100.0,-100.0,-57.0,-100.0,-57.0,-100.0,-100.0,-100.0,-100.0,-100.0,-84.0,-100.0,-100.0,-84.0,-100.0,-100.0,-84.0,-100.0,-100.0,-100.0,-100.0,-100.0,-100.0,-100.0,-100.0,-100.0,-100.0,-100.0,-100.0,-100.0,-100.0,-100.0,-100.0,-82.0,-100.0,-100.0,-82.0,-100.0,-87.0,-69.0,-100.0,-68.0,-100.0,-100.0,-100.0,-100.0,-62.0,-62.0,-80.0,-79.0,-85.0,-84.0,-83.0,-87.0,-84.0,-87.0,-89.0,-100.0,-88.0,-100.0,-91.0,-100.0,-100.0,-92.0,-100.0,-100.0,-100.0,-100.0,-100.0,-100.0,-100.0,-100.0,-100.0,-100.0,-100.0,-100.0,-100.0,-100.0,-100.0,-100.0,-100.0
2021.05.19 173016,52.0,61.0,7.563417587341772,29.17063246202531,-35.814303208860764,0.14600084497784813,0.8433196649367086,9.676469212025317,-0.0014382396651898737,-0.000711387073734177,-0.005733627491772152,-0.08701439010851741,-0.015123889451445624,-0.24679394000315968,1004.2364437974686,-100.0,-100.0,-100.0,-80.0,-74.0,-100.0,-100.0,-100.0,-100.0,-88.0,-100.0,-100.0,-100.0,-100.0,-100.0,-75.0,-100.0,-100.0,-100.0,-100.0,-79.0,-74.0,-67.0,-100.0,-100.0,-100.0,-100.0,-100.0,-100.0,-100.0,-100.0,-100.0,-100.0,-72.0,-100.0,-100.0,-100.0,-100.0,-100.0,-100.0,-100.0,-100.0,-68.0,-100.0,-100.0,-100.0,-100.0,-74.0,-75.0,-48.0,-67.0,-49.0,-67.0,-100.0,-100.0,-100.0,-100.0,-100.0,-85.0,-86.0,-100.0,-100.0,-100.0,-53.0,-100.0,-53.0,-100.0,-100.0,-100.0,-100.0,-87.0,-69.0,-100.0,-87.0,-69.0,-100.0,-100.0,-79.0,-100.0,-100.0,-100.0,-100.0,-100.0,-100.0,-100.0,-100.0,-100.0,-100.0,-100.0,-100.0,-100.0,-100.0,-100.0,-100.0,-77.0,-100.0,-100.0,-76.0,-100.0,-78.0,-72.0,-77.0,-72.0,-78.0,-78.0,-100.0,-100.0,-69.0,-69.0,-73.0,-73.0,-80.0,-78.0,-100.0,-85.0,-100.0,-85.0,-100.0,-100.0,-100.0,-100.0,-100.0,-100.0,-100.0,-100.0,-100.0,-100.0,-100.0,-100.0,-100.0,-100.0,-100.0,-100.0,-100.0,-100.0,-100.0,-100.0,-100.0,-100.0,-100.0,-100.0,-100.0
2021.05.19 173027,51.0,60.0,8.030526162500001,27.94026275657895,-36.75592057894736,0.17498149155,0.7775485023026315,9.67764676644737,0.0016195966523026323,-0.005682654279934211,-0.004344377178289475,-0.08033192007630863,-0.01796398474533509,-0.27496010123899106,1004.2242405263157,-100.0,-100.0,-100.0,-75.0,-80.0,-100.0,-100.0,-100.0,-100.0,-100.0,-100.0,-100.0,-100.0,-100.0,-100.0,-60.0,-100.0,-100.0,-100.0,-100.0,-76.0,-83.0,-100.0,-100.0,-100.0,-100.0,-100.0,-100.0,-100.0,-100.0,-100.0,-100.0,-100.0,-60.0,-100.0,-100.0,-100.0,-100.0,-100.0,-100.0,-100.0,-100.0,-100.0,-100.0,-100.0,-100.0,-100.0,-75.0,-75.0,-71.0,-70.0,-72.0,-68.0,-100.0,-100.0,-100.0,-100.0,-100.0,-100.0,-100.0,-100.0,-100.0,-100.0,-57.0,-100.0,-56.0,-100.0,-100.0,-100.0,-100.0,-100.0,-82.0,-100.0,-100.0,-83.0,-100.0,-100.0,-100.0,-100.0,-100.0,-100.0,-100.0,-100.0,-100.0,-100.0,-100.0,-100.0,-100.0,-100.0,-100.0,-100.0,-100.0,-100.0,-100.0,-100.0,-100.0,-100.0,-100.0,-100.0,-88.0,-60.0,-88.0,-60.0,-100.0,-100.0,-100.0,-100.0,-68.0,-68.0,-100.0,-100.0,-73.0,-72.0,-100.0,-72.0,-88.0,-73.0,-86.0,-100.0,-85.0,-100.0,-100.0,-80.0,-79.0,-100.0,-90.0,-85.0,-90.0,-84.0,-100.0,-100.0,-100.0,-100.0,-100.0,-100.0,-100.0,-100.0,-100.0,-100.0,-100.0,-100.0,-100.0
2021.05.19 173038,50.0,59.0,9.240709865680474,25.84118307100592,-37.14603504733728,-0.03944057693964498,0.9463896816568048,9.685537571005916,-0.002974805312721895,-0.004677275853254438,-0.005273682728402367,-0.09746671587052426,0.004123232221835657,-0.3003785495574658,1004.2209301775149,-100.0,-100.0,-100.0,-100.0,-83.0,-100.0,-100.0,-100.0,-100.0,-100.0,-100.0,-100.0,-100.0,-100.0,-100.0,-56.0,-100.0,-100.0,-100.0,-100.0,-100.0,-85.0,-100.0,-100.0,-100.0,-100.0,-100.0,-100.0,-100.0,-100.0,-100.0,-100.0,-100.0,-59.0,-100.0,-100.0,-100.0,-100.0,-100.0,-100.0,-100.0,-100.0,-100.0,-100.0,-100.0,-100.0,-100.0,-71.0,-71.0,-72.0,-72.0,-71.0,-71.0,-100.0,-100.0,-100.0,-100.0,-100.0,-100.0,-100.0,-100.0,-100.0,-100.0,-58.0,-100.0,-58.0,-100.0,-100.0,-100.0,-100.0,-100.0,-85.0,-100.0,-100.0,-85.0,-100.0,-100.0,-84.0,-100.0,-100.0,-100.0,-100.0,-100.0,-100.0,-100.0,-100.0,-100.0,-100.0,-100.0,-100.0,-100.0,-100.0,-100.0,-100.0,-100.0,-100.0,-100.0,-100.0,-100.0,-87.0,-61.0,-90.0,-61.0,-83.0,-82.0,-100.0,-100.0,-67.0,-67.0,-100.0,-100.0,-74.0,-74.0,-81.0,-100.0,-81.0,-100.0,-81.0,-100.0,-80.0,-100.0,-100.0,-78.0,-78.0,-86.0,-100.0,-85.0,-100.0,-86.0,-100.0,-100.0,-100.0,-100.0,-100.0,-100.0,-100.0,-100.0,-100.0,-100.0,-100.0,-100.0,-100.0
2021.05.19 173052,49.0,58.0,7.873894593157894,27.037894494736847,-36.922104852631584,-0.01289088534,0.8111555318421052,9.695672597368421,-0.0017747243486842107,-0.006449450985526315,-0.005652111025526316,-0.08346294809721014,0.0014734941906849386,-0.2547235826128407,1004.2148917894737,-100.0,-100.0,-100.0,-80.0,-82.0,-100.0,-100.0,-100.0,-100.0,-100.0,-100.0,-100.0,-100.0,-100.0,-100.0,-66.0,-100.0,-100.0,-100.0,-100.0,-100.0,-83.0,-84.0,-100.0,-100.0,-100.0,-100.0,-100.0,-100.0,-100.0,-100.0,-100.0,-100.0,-66.0,-100.0,-100.0,-100.0,-100.0,-100.0,-100.0,-100.0,-100.0,-83.0,-100.0,-100.0,-100.0,-100.0,-100.0,-83.0,-78.0,-78.0,-81.0,-79.0,-100.0,-100.0,-100.0,-100.0,-100.0,-100.0,-100.0,-100.0,-100.0,-100.0,-57.0,-100.0,-56.0,-100.0,-100.0,-100.0,-100.0,-100.0,-87.0,-100.0,-100.0,-87.0,-100.0,-100.0,-100.0,-100.0,-100.0,-100.0,-100.0,-100.0,-100.0,-100.0,-100.0,-100.0,-100.0,-100.0,-100.0,-100.0,-100.0,-100.0,-100.0,-65.0,-100.0,-100.0,-65.0,-100.0,-100.0,-67.0,-100.0,-67.0,-86.0,-88.0,-100.0,-100.0,-71.0,-71.0,-89.0,-100.0,-77.0,-78.0,-85.0,-100.0,-85.0,-100.0,-85.0,-100.0,-86.0,-100.0,-100.0,-76.0,-76.0,-100.0,-100.0,-100.0,-100.0,-100.0,-100.0,-100.0,-100.0,-100.0,-100.0,-100.0,-100.0,-100.0,-100.0,-100.0,-100.0,-100.0,-100.0
2021.05.19 173104,48.0,57.0,7.184615286538462,29.005768871794878,-36.85423037820512,0.08384310147884613,0.6734613151923077,9.693401282051282,0.000407243671153846,-0.006096905191025641,-0.0024708716131410257,-0.06950648272863752,-0.00861253804685425,-0.23380515829492837,1004.2091815384614,-100.0,-100.0,-100.0,-77.0,-84.0,-100.0,-100.0,-100.0,-100.0,-100.0,-100.0,-100.0,-100.0,-100.0,-100.0,-61.0,-100.0,-100.0,-100.0,-100.0,-77.0,-84.0,-88.0,-100.0,-100.0,-100.0,-100.0,-100.0,-100.0,-100.0,-100.0,-100.0,-100.0,-61.0,-100.0,-100.0,-100.0,-100.0,-100.0,-100.0,-100.0,-100.0,-88.0,-100.0,-100.0,-100.0,-100.0,-85.0,-85.0,-75.0,-76.0,-75.0,-75.0,-100.0,-100.0,-100.0,-100.0,-100.0,-100.0,-100.0,-100.0,-100.0,-100.0,-56.0,-100.0,-57.0,-100.0,-100.0,-100.0,-100.0,-100.0,-89.0,-100.0,-100.0,-89.0,-100.0,-100.0,-84.0,-100.0,-100.0,-100.0,-100.0,-100.0,-100.0,-100.0,-100.0,-100.0,-100.0,-100.0,-100.0,-100.0,-100.0,-100.0,-100.0,-72.0,-100.0,-100.0,-70.0,-100.0,-100.0,-69.0,-100.0,-69.0,-82.0,-81.0,-100.0,-100.0,-72.0,-72.0,-100.0,-100.0,-81.0,-78.0,-85.0,-75.0,-84.0,-75.0,-82.0,-100.0,-82.0,-100.0,-100.0,-70.0,-70.0,-89.0,-100.0,-100.0,-100.0,-100.0,-100.0,-100.0,-100.0,-100.0,-100.0,-100.0,-100.0,-100.0,-100.0,-100.0,-100.0,-100.0,-100.0
2021.05.19 173221,41.0,50.0,6.963176358823531,26.488234964705878,-34.2539996,0.21953421185941174,0.6222107747647059,9.705093723529412,-0.001742762487352941,-0.008983312352352942,-0.0035933249679411757,-0.06413890002295371,-0.022593593300039398,-0.26386658829801224,1004.1757832941177,-100.0,-100.0,-100.0,-85.0,-86.0,-100.0,-100.0,-100.0,-100.0,-100.0,-100.0,-100.0,-100.0,-100.0,-100.0,-60.0,-100.0,-100.0,-100.0,-100.0,-85.0,-86.0,-100.0,-100.0,-100.0,-100.0,-100.0,-100.0,-100.0,-100.0,-100.0,-100.0,-100.0,-61.0,-100.0,-100.0,-100.0,-100.0,-100.0,-100.0,-100.0,-100.0,-100.0,-100.0,-100.0,-100.0,-100.0,-100.0,-100.0,-100.0,-78.0,-100.0,-100.0,-100.0,-100.0,-100.0,-100.0,-100.0,-100.0,-100.0,-100.0,-100.0,-100.0,-74.0,-100.0,-73.0,-100.0,-100.0,-100.0,-100.0,-100.0,-100.0,-100.0,-100.0,-100.0,-100.0,-100.0,-100.0,-100.0,-100.0,-100.0,-100.0,-100.0,-100.0,-100.0,-100.0,-100.0,-100.0,-100.0,-100.0,-100.0,-100.0,-100.0,-100.0,-54.0,-100.0,-100.0,-54.0,-100.0,-100.0,-78.0,-100.0,-77.0,-80.0,-80.0,-100.0,-100.0,-100.0,-100.0,-100.0,-100.0,-77.0,-75.0,-100.0,-72.0,-100.0,-70.0,-74.0,-100.0,-74.0,-100.0,-81.0,-80.0,-80.0,-87.0,-100.0,-90.0,-100.0,-90.0,-86.0,-86.0,-100.0,-100.0,-100.0,-100.0,-100.0,-100.0,-100.0,-100.0,-100.0,-100.0,-100.0
2021.05.19 173232,40.0,49.0,5.801428496428572,26.439285404761904,-32.833570910714286,0.35857445750595235,0.6431139304761905,9.700948985119048,-0.0019307703434523812,-0.006915867183928572,-0.0006363178687500005,-0.06625692786959306,-0.03706150292557483,-0.2408364513622863,1004.1751104761906,-100.0,-100.0,-100.0,-81.0,-85.0,-100.0,-100.0,-100.0,-100.0,-100.0,-100.0,-100.0,-100.0,-100.0,-100.0,-62.0,-100.0,-100.0,-100.0,-100.0,-82.0,-84.0,-100.0,-100.0,-100.0,-100.0,-100.0,-100.0,-100.0,-100.0,-100.0,-100.0,-100.0,-62.0,-100.0,-100.0,-100.0,-100.0,-100.0,-100.0,-100.0,-100.0,-100.0,-100.0,-100.0,-100.0,-100.0,-100.0,-100.0,-90.0,-100.0,-90.0,-82.0,-100.0,-100.0,-100.0,-100.0,-100.0,-100.0,-100.0,-100.0,-100.0,-100.0,-74.0,-100.0,-75.0,-100.0,-100.0,-100.0,-100.0,-100.0,-89.0,-100.0,-100.0,-89.0,-100.0,-100.0,-100.0,-100.0,-100.0,-100.0,-100.0,-100.0,-100.0,-100.0,-100.0,-100.0,-100.0,-100.0,-100.0,-100.0,-100.0,-100.0,-100.0,-63.0,-100.0,-100.0,-64.0,-100.0,-100.0,-76.0,-100.0,-76.0,-79.0,-79.0,-100.0,-100.0,-89.0,-100.0,-100.0,-100.0,-100.0,-100.0,-100.0,-74.0,-100.0,-73.0,-72.0,-100.0,-72.0,-100.0,-79.0,-81.0,-80.0,-100.0,-100.0,-85.0,-100.0,-86.0,-83.0,-83.0,-88.0,-87.0,-100.0,-100.0,-100.0,-100.0,-100.0,-100.0,-100.0,-100.0,-100.0
2021.05.19 173243,39.0,48.0,7.307307588461538,25.959614974358974,-33.58076878846154,0.28856269453846156,0.6550136874358974,9.685374685897438,0.0002310323227564097,-0.009593717193910256,-0.008082217042948718,-0.06755448197229545,-0.029692576589952304,-0.2866604431317403,1004.1718325641026,-100.0,-100.0,-100.0,-79.0,-89.0,-100.0,-100.0,-100.0,-100.0,-100.0,-100.0,-100.0,-100.0,-100.0,-100.0,-67.0,-100.0,-100.0,-100.0,-100.0,-79.0,-89.0,-100.0,-100.0,-100.0,-100.0,-100.0,-100.0,-100.0,-100.0,-100.0,-100.0,-100.0,-68.0,-100.0,-100.0,-100.0,-100.0,-100.0,-100.0,-100.0,-100.0,-100.0,-100.0,-100.0,-100.0,-100.0,-84.0,-84.0,-89.0,-79.0,-89.0,-78.0,-100.0,-100.0,-100.0,-100.0,-100.0,-100.0,-100.0,-100.0,-100.0,-100.0,-70.0,-100.0,-71.0,-100.0,-100.0,-100.0,-100.0,-100.0,-100.0,-100.0,-100.0,-100.0,-100.0,-100.0,-100.0,-100.0,-100.0,-100.0,-100.0,-100.0,-100.0,-100.0,-100.0,-100.0,-100.0,-100.0,-100.0,-100.0,-100.0,-100.0,-100.0,-56.0,-100.0,-100.0,-58.0,-100.0,-100.0,-79.0,-100.0,-79.0,-74.0,-73.0,-100.0,-100.0,-87.0,-88.0,-100.0,-100.0,-82.0,-100.0,-100.0,-69.0,-100.0,-69.0,-71.0,-100.0,-71.0,-100.0,-79.0,-88.0,-86.0,-82.0,-100.0,-100.0,-100.0,-100.0,-100.0,-100.0,-100.0,-100.0,-88.0,-100.0,-100.0,-100.0,-100.0,-100.0,-100.0,-100.0,-100.0
2021.05.19 173254,38.0,47.0,7.693599893333333,24.717599680000003,-35.48999954,0.29716831484466666,0.6313350298,9.68480121,-0.0008267042709999996,-0.006894632368666667,-0.007737626470333333,-0.06507877891262369,-0.03057862791800511,-0.31467673301696775,1004.1748681333333,-100.0,-100.0,-100.0,-69.0,-86.0,-100.0,-100.0,-100.0,-100.0,-100.0,-100.0,-100.0,-100.0,-100.0,-100.0,-61.0,-100.0,-100.0,-100.0,-100.0,-75.0,-88.0,-100.0,-100.0,-100.0,-100.0,-100.0,-100.0,-100.0,-100.0,-100.0,-100.0,-100.0,-61.0,-100.0,-100.0,-100.0,-100.0,-100.0,-100.0,-100.0,-100.0,-100.0,-100.0,-100.0,-100.0,-100.0,-100.0,-100.0,-84.0,-78.0,-85.0,-79.0,-100.0,-100.0,-100.0,-100.0,-100.0,-100.0,-100.0,-100.0,-100.0,-100.0,-73.0,-100.0,-73.0,-100.0,-100.0,-100.0,-100.0,-100.0,-100.0,-100.0,-100.0,-90.0,-100.0,-100.0,-100.0,-100.0,-100.0,-100.0,-100.0,-100.0,-100.0,-100.0,-100.0,-100.0,-100.0,-100.0,-100.0,-100.0,-100.0,-100.0,-100.0,-56.0,-100.0,-100.0,-56.0,-100.0,-100.0,-76.0,-100.0,-78.0,-66.0,-67.0,-100.0,-100.0,-100.0,-100.0,-100.0,-100.0,-81.0,-82.0,-100.0,-67.0,-100.0,-66.0,-69.0,-100.0,-70.0,-100.0,-100.0,-84.0,-84.0,-74.0,-100.0,-81.0,-100.0,-81.0,-87.0,-85.0,-100.0,-100.0,-100.0,-74.0,-100.0,-100.0,-100.0,-100.0,-100.0,-100.0,-100.0
2021.05.19 173327,35.0,44.0,11.111204605421689,30.85156576506024,-33.92566224096386,0.2007667926927711,0.804004655060241,9.675603665662651,-0.0013542073472891565,-0.003996383559036145,-0.0034480767957831317,-0.08291489267385145,-0.020664072913925555,-0.33851632906729917,1004.1256833734939,-100.0,-100.0,-100.0,-81.0,-87.0,-100.0,-100.0,-100.0,-100.0,-100.0,-100.0,-100.0,-100.0,-100.0,-100.0,-74.0,-100.0,-100.0,-100.0,-100.0,-80.0,-87.0,-100.0,-100.0,-100.0,-100.0,-100.0,-100.0,-100.0,-100.0,-100.0,-100.0,-100.0,-74.0,-100.0,-100.0,-100.0,-100.0,-100.0,-100.0,-100.0,-100.0,-100.0,-100.0,-100.0,-100.0,-100.0,-86.0,-87.0,-100.0,-100.0,-100.0,-100.0,-100.0,-100.0,-100.0,-100.0,-100.0,-100.0,-100.0,-100.0,-100.0,-100.0,-100.0,-100.0,-100.0,-100.0,-100.0,-100.0,-100.0,-100.0,-100.0,-100.0,-100.0,-100.0,-100.0,-100.0,-100.0,-100.0,-100.0,-100.0,-100.0,-100.0,-100.0,-100.0,-100.0,-100.0,-100.0,-100.0,-100.0,-100.0,-100.0,-100.0,-100.0,-100.0,-100.0,-100.0,-65.0,-100.0,-100.0,-83.0,-100.0,-84.0,-76.0,-76.0,-100.0,-100.0,-100.0,-100.0,-100.0,-100.0,-87.0,-89.0,-100.0,-72.0,-100.0,-72.0,-74.0,-100.0,-74.0,-100.0,-100.0,-100.0,-100.0,-79.0,-100.0,-100.0,-100.0,-100.0,-82.0,-82.0,-100.0,-87.0,-100.0,-74.0,-87.0,-87.0,-100.0,-100.0,-100.0,-100.0,-100.0
2021.05.19 173339,34.0,43.0,13.651828948170731,30.46353609756098,-35.49256050609756,0.1766015718457317,0.878044275792683,9.680954542682926,0.000540094244817073,-0.006093753333231707,0.001933164990243903,-0.09039743519501713,-0.0181865763254946,-0.4030434498336257,1004.0802360365855,-100.0,-100.0,-100.0,-77.0,-89.0,-100.0,-100.0,-100.0,-100.0,-100.0,-100.0,-100.0,-100.0,-100.0,-100.0,-75.0,-100.0,-100.0,-100.0,-100.0,-78.0,-89.0,-100.0,-100.0,-100.0,-100.0,-100.0,-100.0,-100.0,-100.0,-100.0,-100.0,-100.0,-75.0,-100.0,-100.0,-100.0,-100.0,-100.0,-100.0,-100.0,-100.0,-100.0,-100.0,-100.0,-100.0,-100.0,-90.0,-100.0,-92.0,-86.0,-90.0,-100.0,-100.0,-100.0,-100.0,-100.0,-100.0,-100.0,-100.0,-100.0,-100.0,-100.0,-80.0,-100.0,-81.0,-100.0,-100.0,-100.0,-100.0,-100.0,-100.0,-100.0,-100.0,-100.0,-100.0,-100.0,-100.0,-100.0,-100.0,-100.0,-100.0,-100.0,-100.0,-100.0,-100.0,-100.0,-100.0,-100.0,-100.0,-100.0,-100.0,-100.0,-100.0,-57.0,-100.0,-100.0,-57.0,-100.0,-100.0,-82.0,-100.0,-83.0,-77.0,-77.0,-100.0,-100.0,-100.0,-100.0,-100.0,-100.0,-88.0,-83.0,-100.0,-68.0,-100.0,-69.0,-69.0,-100.0,-69.0,-100.0,-82.0,-100.0,-100.0,-78.0,-100.0,-83.0,-100.0,-83.0,-80.0,-80.0,-100.0,-86.0,-91.0,-73.0,-92.0,-86.0,-86.0,-100.0,-100.0,-100.0,-100.0
2021.05.19 173425,30.0,39.0,11.049316506211179,27.537390906832297,-37.653539931677024,0.18045737670310558,0.8292860301863354,9.68118498757764,-0.0006374245419254658,-0.0087569999121118,-0.003710721699689441,-0.08552503350960167,-0.01858322216492136,-0.36609600678734155,1004.0540073291926,-100.0,-100.0,-100.0,-77.0,-85.0,-100.0,-100.0,-100.0,-100.0,-100.0,-100.0,-100.0,-100.0,-100.0,-100.0,-69.0,-100.0,-100.0,-100.0,-100.0,-77.0,-86.0,-100.0,-100.0,-100.0,-100.0,-100.0,-100.0,-100.0,-100.0,-100.0,-100.0,-100.0,-70.0,-100.0,-100.0,-100.0,-100.0,-100.0,-100.0,-100.0,-100.0,-100.0,-100.0,-100.0,-100.0,-100.0,-100.0,-88.0,-100.0,-75.0,-100.0,-75.0,-100.0,-100.0,-100.0,-100.0,-100.0,-100.0,-100.0,-100.0,-100.0,-100.0,-77.0,-100.0,-77.0,-100.0,-100.0,-100.0,-100.0,-100.0,-100.0,-100.0,-100.0,-100.0,-100.0,-100.0,-100.0,-100.0,-100.0,-100.0,-100.0,-100.0,-100.0,-100.0,-100.0,-100.0,-100.0,-100.0,-100.0,-100.0,-100.0,-100.0,-100.0,-55.0,-100.0,-100.0,-55.0,-100.0,-100.0,-88.0,-100.0,-86.0,-71.0,-71.0,-100.0,-100.0,-100.0,-100.0,-100.0,-100.0,-79.0,-80.0,-100.0,-61.0,-100.0,-61.0,-69.0,-100.0,-70.0,-100.0,-100.0,-86.0,-86.0,-86.0,-100.0,-86.0,-100.0,-86.0,-87.0,-86.0,-100.0,-100.0,-100.0,-76.0,-100.0,-100.0,-100.0,-100.0,-100.0,-100.0,-100.0
2021.05.19 173436,29.0,38.0,10.950183840490798,27.58453947239264,-34.77018369325154,0.08625001387791409,0.715866306993865,9.684751450920245,-0.0014203552469325153,-0.007581474830368098,-0.0038413304024539877,-0.0738579727755002,-0.008841431716570407,-0.35824923610394716,1004.0534495092026,-100.0,-100.0,-100.0,-88.0,-100.0,-100.0,-100.0,-100.0,-100.0,-100.0,-100.0,-100.0,-100.0,-100.0,-100.0,-79.0,-100.0,-88.0,-100.0,-100.0,-86.0,-100.0,-100.0,-100.0,-100.0,-100.0,-100.0,-100.0,-100.0,-100.0,-100.0,-100.0,-100.0,-79.0,-100.0,-89.0,-100.0,-100.0,-100.0,-100.0,-100.0,-100.0,-100.0,-100.0,-100.0,-100.0,-100.0,-100.0,-100.0,-100.0,-100.0,-100.0,-100.0,-100.0,-100.0,-100.0,-100.0,-100.0,-100.0,-100.0,-100.0,-100.0,-100.0,-68.0,-100.0,-70.0,-100.0,-100.0,-100.0,-100.0,-100.0,-100.0,-100.0,-100.0,-100.0,-100.0,-100.0,-100.0,-100.0,-100.0,-100.0,-100.0,-100.0,-100.0,-100.0,-100.0,-100.0,-100.0,-100.0,-100.0,-100.0,-100.0,-100.0,-100.0,-65.0,-100.0,-100.0,-62.0,-100.0,-100.0,-86.0,-100.0,-100.0,-56.0,-56.0,-100.0,-100.0,-100.0,-100.0,-100.0,-100.0,-88.0,-100.0,-100.0,-74.0,-100.0,-73.0,-72.0,-100.0,-72.0,-100.0,-100.0,-100.0,-100.0,-65.0,-100.0,-77.0,-100.0,-77.0,-82.0,-83.0,-100.0,-74.0,-100.0,-74.0,-79.0,-76.0,-88.0,-100.0,-100.0,-100.0,-100.0
2021.05.19 173447,28.0,37.0,11.30674675,29.600240530120484,-33.64771048192771,0.18015646576325306,0.7614282523493975,9.685988093373494,-0.00178475696746988,-0.0065244825234939754,-0.004198778473795181,-0.07848586923027609,-0.018579441676034095,-0.35542329284081975,1004.0561179518072,-100.0,-100.0,-100.0,-82.0,-100.0,-100.0,-100.0,-100.0,-100.0,-100.0,-100.0,-100.0,-100.0,-100.0,-100.0,-88.0,-100.0,-100.0,-100.0,-100.0,-100.0,-100.0,-100.0,-100.0,-100.0,-100.0,-100.0,-100.0,-100.0,-100.0,-100.0,-100.0,-100.0,-100.0,-100.0,-100.0,-100.0,-100.0,-100.0,-100.0,-100.0,-100.0,-100.0,-100.0,-100.0,-100.0,-100.0,-100.0,-100.0,-100.0,-90.0,-100.0,-90.0,-100.0,-100.0,-100.0,-100.0,-100.0,-100.0,-100.0,-100.0,-100.0,-100.0,-100.0,-100.0,-100.0,-100.0,-100.0,-100.0,-100.0,-100.0,-100.0,-100.0,-100.0,-100.0,-100.0,-100.0,-100.0,-100.0,-100.0,-100.0,-100.0,-100.0,-100.0,-100.0,-100.0,-100.0,-100.0,-100.0,-100.0,-100.0,-100.0,-100.0,-100.0,-60.0,-100.0,-100.0,-61.0,-100.0,-100.0,-100.0,-100.0,-100.0,-57.0,-52.0,-100.0,-100.0,-100.0,-100.0,-100.0,-100.0,-88.0,-88.0,-100.0,-68.0,-100.0,-67.0,-74.0,-100.0,-75.0,-100.0,-100.0,-100.0,-100.0,-58.0,-100.0,-84.0,-100.0,-84.0,-100.0,-100.0,-100.0,-66.0,-100.0,-73.0,-81.0,-66.0,-100.0,-100.0,-100.0,-100.0,-100.0
2021.05.19 173458,27.0,36.0,12.134555955621302,29.026153426035506,-34.34591676923077,0.14542296127041424,0.8113226996449704,9.676768265680474,0.0010735324310650882,-0.007793049977514791,-0.006614694732248521,-0.08374688911014756,-0.014956417575150623,-0.3786114568893726,1004.0516904142013,-100.0,-100.0,-100.0,-100.0,-100.0,-100.0,-100.0,-100.0,-100.0,-100.0,-100.0,-100.0,-100.0,-100.0,-100.0,-100.0,-100.0,-100.0,-100.0,-100.0,-100.0,-100.0,-100.0,-100.0,-100.0,-100.0,-100.0,-100.0,-100.0,-100.0,-100.0,-100.0,-100.0,-100.0,-100.0,-100.0,-100.0,-100.0,-100.0,-100.0,-100.0,-100.0,-100.0,-100.0,-100.0,-100.0,-100.0,-88.0,-86.0,-100.0,-90.0,-100.0,-88.0,-100.0,-100.0,-100.0,-100.0,-100.0,-100.0,-100.0,-100.0,-100.0,-100.0,-78.0,-100.0,-100.0,-100.0,-100.0,-100.0,-100.0,-100.0,-100.0,-100.0,-100.0,-100.0,-100.0,-100.0,-100.0,-100.0,-100.0,-100.0,-100.0,-100.0,-100.0,-100.0,-100.0,-100.0,-100.0,-100.0,-100.0,-100.0,-100.0,-100.0,-100.0,-58.0,-100.0,-100.0,-60.0,-100.0,-100.0,-100.0,-100.0,-100.0,-64.0,-63.0,-100.0,-100.0,-100.0,-100.0,-100.0,-100.0,-100.0,-100.0,-100.0,-81.0,-100.0,-81.0,-76.0,-100.0,-77.0,-100.0,-100.0,-100.0,-100.0,-56.0,-100.0,-78.0,-100.0,-78.0,-100.0,-100.0,-100.0,-66.0,-90.0,-82.0,-78.0,-65.0,-90.0,-90.0,-88.0,-88.0,-100.0
2021.05.19 173532,24.0,33.0,13.989511932926828,27.585365420731705,-31.471828780487808,0.2568073306670731,0.6859387847560976,9.682151664634146,-0.000350130026219512,-0.010615645884756098,-0.005210978513109756,-0.07077838580419374,-0.026447031943020578,-0.46252660162565185,1004.0572824390243,-100.0,-100.0,-100.0,-85.0,-100.0,-100.0,-100.0,-100.0,-100.0,-100.0,-100.0,-100.0,-100.0,-100.0,-100.0,-88.0,-100.0,-100.0,-100.0,-100.0,-85.0,-100.0,-100.0,-100.0,-100.0,-100.0,-100.0,-100.0,-100.0,-100.0,-100.0,-100.0,-100.0,-89.0,-100.0,-100.0,-100.0,-100.0,-100.0,-100.0,-100.0,-100.0,-100.0,-100.0,-100.0,-100.0,-100.0,-100.0,-100.0,-100.0,-88.0,-100.0,-89.0,-100.0,-100.0,-100.0,-100.0,-100.0,-100.0,-100.0,-100.0,-100.0,-100.0,-81.0,-100.0,-82.0,-100.0,-100.0,-100.0,-100.0,-100.0,-100.0,-100.0,-100.0,-100.0,-100.0,-100.0,-100.0,-100.0,-100.0,-100.0,-100.0,-100.0,-100.0,-100.0,-100.0,-100.0,-100.0,-100.0,-100.0,-100.0,-100.0,-100.0,-100.0,-76.0,-100.0,-100.0,-77.0,-100.0,-100.0,-100.0,-100.0,-100.0,-63.0,-63.0,-100.0,-100.0,-100.0,-100.0,-100.0,-100.0,-100.0,-100.0,-100.0,-82.0,-100.0,-82.0,-84.0,-100.0,-83.0,-100.0,-100.0,-100.0,-100.0,-71.0,-100.0,-87.0,-100.0,-86.0,-100.0,-100.0,-100.0,-68.0,-100.0,-80.0,-86.0,-69.0,-100.0,-100.0,-100.0,-100.0,-87.0
