Timestamp,True_X,True_Y,Mean_Mag_x,Mean_Mag_y,Mean_Mag_z,Mean_Acc_x,Mean_Acc_y,Mean_Acc_z,Mean_Gyro_x,Mean_Gyro_y,Mean_Gyro_z,Mean_Orn_x,Mean_Orn_y,Mean_Orn_z,Mean_Pressure,00:1a:ab:a0:de:a1,00:1a:ab:a0:de:a7,00:1a:ac:a0:de:b1,00:1a:ac:a0:de:b2,00:1a:ac:a0:de:b4,00:1a:ac:a0:de:d7,00:1a:ac:a0:de:d9,00:1a:ac:a0:de:f4,00:1a:ac:a0:de:g8,00:1a:ac:a0:de:h2,00:1a:ac:a0:de:h5,00:1a:ac:a0:de:i6,00:1a:ac:a0:de:i7,00:1a:ac:a0:de:j1,00:1a:ac:a0:de:j2,00:1a:ac:a0:de:j7,00:1a:ac:a0:de:j8,00:1a:ac:a0:de:k1,00:1a:ac:a0:de:k2,00:1a:ac:a0:de:k4,00:1a:ac:a0:de:l1,00:1a:ac:a0:de:l7,00:1a:ac:a0:de:l8,00:1a:ac:a0:de:l9,00:1a:ac:a0:de:m6,00:1a:ac:a0:de:m8,00:1a:ac:a0:de:n4,00:1a:ac:a0:de:n6,00:1a:ac:a0:de:n7,00:1a:ac:a0:de:p1,00:1a:ac:a0:de:p2,00:1a:ac:a0:de:p8,00:1a:ac:a0:de:r3,00:1a:ac:a0:de:r4,00:1a:ac:a0:de:r6,00:1a:ac:a0:de:r7,00:1a:ac:a0:de:r9,00:1a:ac:a0:de:s1,00:1a:ac:a0:de:s6,00:1a:ac:a0:de:t1,00:1a:ac:a0:de:t3,00:1a:ac:a0:de:t4,00:1a:ac:a0:de:t8,00:1a:ac:a0:de:u5,00:1a:ac:a0:de:v1,00:1a:ac:a0:de:v9,00:1a:ac:a0:de:w1,00:1a:ac:a0:de:w3,00:1a:ac:a0:de:w4,00:1a:ac:a0:de:w6,00:1a:ac:a0:de:w7,00:1a:ac:a0:de:x3,00:1a:ab:a0:de:a4,00:1a:ac:a0:de:b3,00:1a:ac:a0:de:f9,00:1a:ac:a0:de:g1,00:1a:ac:a0:de:g5,00:1a:ac:a0:de:g7,00:1a:ac:a0:de:h3,00:1a:ac:a0:de:p5,00:1a:ac:a0:de:p6,00:1a:ac:a0:de:p7,00:1a:ac:a0:de:r1,00:1a:ac:a0:de:r2,00:1a:ac:a0:de:s2,00:1a:ac:a0:de:s3,00:1a:ac:a0:de:s4,00:1a:ac:a0:de:s5,00:1a:ac:a0:de:s7,00:1a:ac:a0:de:t7,00:1a:ac:a0:de:u2,00:1a:ac:a0:de:u3,00:1a:ac:a0:de:u4,00:1a:ac:a0:de:v7,00:1a:ac:a0:de:v8,00:1a:ac:a0:de:w2,00:1a:ac:a0:de:w8,00:1a:ac:a0:de:w9,00:1a:ac:a0:de:x1,00:1a:ac:a0:de:x2,00:1a:ac:a0:de:x4,00:1a:ac:a0:de:f5,00:1a:ac:a0:de:f6,00:1a:ac:a0:de:i2,00:1a:ac:a0:de:j5,00:1a:ac:a0:de:k3,00:1a:ac:a0:de:l2,00:1a:ac:a0:de:n8,00:1a:ac:a0:de:q2,00:1a:ac:a0:de:r5,00:1a:ac:a0:de:t5,00:1a:ac:a0:de:u8,00:1a:ac:a0:de:m4,00:1a:ac:a0:de:n3,00:1a:ac:a0:de:g9,00:1a:ac:a0:de:h6,00:1a:ab:a0:de:a9,00:1a:ac:a0:de:e8,00:1a:cs:a0:de:10,00:1a:ac:a0:de:e1,00:1a:ac:a0:de:e4,00:1a:ac:a0:de:x5,00:1a:ac:a0:de:k5,00:1a:ac:a0:de:j4,00:1a:ac:a0:de:p9,00:1a:ac:a0:de:u6,88:36:6c:ef:d6:d4,00:1a:ac:a0:de:s8,00:1a:ab:a0:de:a3,00:1a:ac:a0:de:d4,00:1a:ac:a0:de:f3,00:1a:ac:a0:de:i9,00:1a:ac:a0:de:f2,00:1a:ac:a0:de:j6,00:1a:ac:a0:de:j9,00:1a:ac:a0:de:g2,00:1a:ac:a0:de:n5,00:1a:ac:a0:de:r8,00:1a:ac:a0:de:t2,00:1a:ac:a0:de:w5,00:1a:ac:a0:de:t9,00:1a:ac:a0:de:n9,00:1a:ac:a0:de:q3,00:1a:ac:a0:de:t6,00:1a:ac:a0:de:u9
2021.02.11 123544,46.0,24.0,21.39504397345133,6.472035286725664,-27.989734212389376,-0.21989189298230086,0.15833996141061946,10.010971522123894,0.004446612548849557,0.0043846609776106195,-0.004883851351858407,-0.01582154443863079,0.021947927582407302,-1.2472552546357687,1018.5676643362831,-73.0,-84.0,-90.0,-80.0,-69.0,-80.0,-84.0,-93.0,-70.0,-59.0,-70.0,-51.0,-71.0,-66.0,-74.0,-55.0,-79.0,-85.0,-64.0,-74.0,-90.0,-67.0,-87.0,-85.0,-86.0,-90.0,-86.0,-69.0,-86.0,-75.0,-81.0,-88.0,-56.0,-62.0,-89.0,-79.0,-69.0,-78.0,-78.0,-87.0,-69.0,-86.0,-81.0,-91.0,-88.0,-57.0,-62.0,-89.0,-79.0,-69.0,-77.0,-78.0,-100.0,-100.0,-100.0,-100.0,-100.0,-100.0,-100.0,-100.0,-100.0,-100.0,-100.0,-100.0,-100.0,-100.0,-100.0,-100.0,-100.0,-100.0,-100.0,-100.0,-100.0,-100.0,-100.0,-100.0,-100.0,-100.0,-100.0,-100.0,-100.0,-100.0,-100.0,-100.0,-100.0,-100.0,-100.0,-100.0,-100.0,-100.0,-100.0,-100.0,-100.0,-100.0,-100.0,-100.0,-100.0,-100.0,-100.0,-100.0,-100.0,-100.0,-100.0,-100.0,-100.0,-100.0,-100.0,-100.0,-100.0,-100.0,-100.0,-100.0,-100.0,-100.0,-100.0,-100.0,-100.0,-100.0,-100.0,-100.0,-100.0,-100.0,-100.0,-100.0,-100.0
2021.02.11 123556,47.0,24.0,23.92553549107143,7.346785583035714,-28.5085710625,-0.2872060894410714,0.34954274381785716,9.990731508928572,0.005951572798392858,0.002646136987517857,-0.0015597136001785719,-0.03495756115509197,0.028715087080204895,-1.2224564818399293,1018.5669649107143,-62.0,-62.0,-100.0,-100.0,-100.0,-100.0,-100.0,-100.0,-69.0,-55.0,-100.0,-77.0,-100.0,-77.0,-100.0,-62.0,-61.0,-100.0,-77.0,-70.0,-100.0,-58.0,-70.0,-73.0,-100.0,-100.0,-79.0,-69.0,-81.0,-71.0,-83.0,-100.0,-68.0,-81.0,-100.0,-73.0,-36.0,-41.0,-49.0,-100.0,-71.0,-81.0,-83.0,-100.0,-100.0,-68.0,-81.0,-100.0,-74.0,-36.0,-41.0,-51.0,-90.0,-87.0,-83.0,-81.0,-80.0,-90.0,-82.0,-65.0,-72.0,-80.0,-65.0,-70.0,-74.0,-69.0,-65.0,-66.0,-61.0,-71.0,-67.0,-72.0,-80.0,-65.0,-70.0,-89.0,-72.0,-69.0,-62.0,-66.0,-61.0,-100.0,-100.0,-100.0,-100.0,-100.0,-100.0,-100.0,-100.0,-100.0,-100.0,-100.0,-100.0,-100.0,-100.0,-100.0,-100.0,-100.0,-100.0,-100.0,-100.0,-100.0,-100.0,-100.0,-100.0,-100.0,-100.0,-100.0,-100.0,-100.0,-100.0,-100.0,-100.0,-100.0,-100.0,-100.0,-100.0,-100.0,-100.0,-100.0,-100.0,-100.0,-100.0,-100.0,-100.0
2021.02.11 123607,48.0,24.0,23.029411563025203,7.420840211764705,-25.719327361344536,-0.28375174453781515,0.18274956352436972,10.004386680672269,0.0011686006025210076,-0.0025734881574117647,-0.004846964268571429,-0.01825284282756641,0.02835138920037181,-1.2289467859668892,1018.56801394958,-72.0,-59.0,-100.0,-100.0,-79.0,-100.0,-100.0,-100.0,-66.0,-57.0,-100.0,-100.0,-100.0,-79.0,-100.0,-59.0,-62.0,-100.0,-74.0,-69.0,-100.0,-61.0,-73.0,-71.0,-100.0,-100.0,-83.0,-59.0,-100.0,-77.0,-87.0,-100.0,-60.0,-76.0,-100.0,-58.0,-40.0,-47.0,-48.0,-82.0,-59.0,-100.0,-86.0,-100.0,-100.0,-69.0,-76.0,-100.0,-73.0,-40.0,-47.0,-50.0,-100.0,-78.0,-82.0,-100.0,-61.0,-100.0,-82.0,-65.0,-67.0,-78.0,-60.0,-67.0,-71.0,-69.0,-61.0,-68.0,-55.0,-100.0,-64.0,-68.0,-83.0,-61.0,-67.0,-79.0,-71.0,-69.0,-61.0,-69.0,-56.0,-94.0,-85.0,-86.0,-79.0,-86.0,-92.0,-86.0,-90.0,-85.0,-88.0,-87.0,-100.0,-100.0,-100.0,-100.0,-100.0,-100.0,-100.0,-100.0,-100.0,-100.0,-100.0,-100.0,-100.0,-100.0,-100.0,-100.0,-100.0,-100.0,-100.0,-100.0,-100.0,-100.0,-100.0,-100.0,-100.0,-100.0,-100.0,-100.0,-100.0,-100.0,-100.0,-100.0,-100.0
2021.02.11 123620,48.0,23.0,11.641666425925926,-28.956110796296297,-32.8855550925926,-0.23133571812037038,0.21227019800000002,10.008312569444442,0.003873338279444444,-0.0012701470885740738,-0.0009338998969444445,-0.021160765941577505,0.023097904746127437,-2.774199624856313,1018.5675669444443,-63.0,-57.0,-100.0,-100.0,-78.0,-100.0,-100.0,-100.0,-66.0,-58.0,-100.0,-66.0,-100.0,-82.0,-100.0,-54.0,-64.0,-100.0,-100.0,-100.0,-100.0,-60.0,-69.0,-71.0,-100.0,-100.0,-100.0,-57.0,-75.0,-100.0,-88.0,-100.0,-63.0,-76.0,-100.0,-75.0,-43.0,-46.0,-47.0,-100.0,-55.0,-74.0,-88.0,-100.0,-100.0,-64.0,-76.0,-100.0,-74.0,-43.0,-46.0,-48.0,-100.0,-100.0,-84.0,-76.0,-71.0,-100.0,-78.0,-67.0,-70.0,-83.0,-58.0,-67.0,-76.0,-69.0,-63.0,-72.0,-53.0,-76.0,-66.0,-70.0,-83.0,-58.0,-67.0,-85.0,-74.0,-69.0,-63.0,-72.0,-53.0,-100.0,-100.0,-100.0,-86.0,-100.0,-100.0,-88.0,-100.0,-87.0,-89.0,-100.0,-92.0,-91.0,-100.0,-100.0,-100.0,-100.0,-100.0,-100.0,-100.0,-100.0,-100.0,-100.0,-100.0,-100.0,-100.0,-100.0,-100.0,-100.0,-100.0,-100.0,-100.0,-100.0,-100.0,-100.0,-100.0,-100.0,-100.0,-100.0,-100.0,-100.0,-100.0,-100.0,-100.0
2021.02.11 123632,48.0,22.0,11.13672388362069,-30.09103409482759,-30.73344793965517,-0.24343169804310347,0.34145248293965524,10.008832405172413,0.002799447963620689,-0.0026758004841896553,0.0021284230805172417,-0.03408995741006817,0.024295518404587352,-2.798373828674185,1018.5779893965516,-56.0,-68.0,-100.0,-100.0,-100.0,-100.0,-100.0,-100.0,-67.0,-100.0,-100.0,-71.0,-100.0,-100.0,-100.0,-66.0,-65.0,-100.0,-67.0,-65.0,-100.0,-56.0,-71.0,-100.0,-100.0,-100.0,-72.0,-64.0,-83.0,-67.0,-77.0,-90.0,-67.0,-81.0,-93.0,-77.0,-55.0,-61.0,-56.0,-72.0,-66.0,-83.0,-78.0,-100.0,-100.0,-70.0,-80.0,-100.0,-77.0,-55.0,-61.0,-56.0,-100.0,-100.0,-87.0,-77.0,-100.0,-100.0,-84.0,-62.0,-71.0,-77.0,-62.0,-76.0,-74.0,-78.0,-64.0,-61.0,-59.0,-66.0,-60.0,-71.0,-79.0,-62.0,-76.0,-100.0,-75.0,-78.0,-65.0,-61.0,-59.0,-100.0,-80.0,-100.0,-89.0,-100.0,-100.0,-100.0,-100.0,-100.0,-100.0,-100.0,-100.0,-100.0,-83.0,-88.0,-100.0,-100.0,-100.0,-100.0,-100.0,-100.0,-100.0,-100.0,-100.0,-100.0,-100.0,-100.0,-100.0,-100.0,-100.0,-100.0,-100.0,-100.0,-100.0,-100.0,-100.0,-100.0,-100.0,-100.0,-100.0,-100.0,-100.0,-100.0,-100.0
2021.02.11 123644,48.0,21.0,19.821080837837833,-27.385945621621623,-21.276215954954946,-0.3180934272972972,0.29119558433333326,10.004488013513514,0.003532287198018019,-0.001264490972954955,0.0018463317027927924,-0.029119154253265535,0.03178663039160468,-2.520570129961581,1018.5686424324324,-58.0,-73.0,-100.0,-100.0,-100.0,-100.0,-100.0,-100.0,-63.0,-53.0,-100.0,-100.0,-100.0,-81.0,-100.0,-60.0,-63.0,-100.0,-75.0,-70.0,-100.0,-56.0,-67.0,-100.0,-100.0,-100.0,-100.0,-68.0,-100.0,-75.0,-83.0,-100.0,-71.0,-76.0,-100.0,-100.0,-55.0,-67.0,-58.0,-100.0,-69.0,-100.0,-87.0,-100.0,-100.0,-71.0,-76.0,-100.0,-100.0,-55.0,-67.0,-58.0,-100.0,-100.0,-89.0,-100.0,-100.0,-100.0,-77.0,-74.0,-77.0,-100.0,-73.0,-84.0,-80.0,-84.0,-71.0,-72.0,-67.0,-75.0,-73.0,-77.0,-100.0,-74.0,-86.0,-100.0,-79.0,-85.0,-71.0,-72.0,-67.0,-100.0,-100.0,-87.0,-100.0,-100.0,-100.0,-100.0,-100.0,-100.0,-100.0,-100.0,-100.0,-100.0,-100.0,-100.0,-100.0,-100.0,-100.0,-100.0,-100.0,-100.0,-100.0,-100.0,-100.0,-100.0,-100.0,-100.0,-100.0,-100.0,-100.0,-100.0,-100.0,-100.0,-100.0,-100.0,-100.0,-100.0,-100.0,-100.0,-100.0,-100.0,-100.0,-100.0,-100.0
2021.02.11 123655,48.0,20.0,12.556841798245616,-21.7315787631579,-23.576315526315792,-0.30737027936842104,0.20370237928947374,10.010631030701756,0.0019285121756140366,-0.0011412465324210528,-0.0008192879645614035,-0.020313626708740557,0.030762412814063937,-2.6345631030567906,1018.573791754386,-62.0,-70.0,-100.0,-100.0,-82.0,-100.0,-100.0,-100.0,-64.0,-56.0,-100.0,-71.0,-85.0,-80.0,-100.0,-60.0,-60.0,-100.0,-71.0,-100.0,-100.0,-57.0,-63.0,-72.0,-100.0,-100.0,-84.0,-77.0,-100.0,-72.0,-88.0,-100.0,-69.0,-71.0,-100.0,-80.0,-56.0,-64.0,-72.0,-83.0,-79.0,-100.0,-87.0,-100.0,-100.0,-69.0,-71.0,-100.0,-79.0,-55.0,-64.0,-73.0,-100.0,-88.0,-88.0,-73.0,-88.0,-100.0,-83.0,-83.0,-83.0,-100.0,-100.0,-100.0,-88.0,-100.0,-75.0,-78.0,-77.0,-77.0,-84.0,-83.0,-100.0,-100.0,-100.0,-100.0,-86.0,-100.0,-75.0,-78.0,-77.0,-100.0,-100.0,-100.0,-100.0,-100.0,-100.0,-100.0,-100.0,-100.0,-100.0,-100.0,-100.0,-100.0,-86.0,-100.0,-91.0,-87.0,-90.0,-100.0,-100.0,-100.0,-100.0,-100.0,-100.0,-100.0,-100.0,-100.0,-100.0,-100.0,-100.0,-100.0,-100.0,-100.0,-100.0,-100.0,-100.0,-100.0,-100.0,-100.0,-100.0,-100.0,-100.0,-100.0,-100.0
2021.02.11 123706,48.0,19.0,9.051504241592921,-27.58247757522124,-35.874689743362836,-0.38155841336283186,0.14090201368141592,10.010420659292034,0.002603204968849557,-0.0025294686415929203,0.003441214917168141,-0.013968322287129195,0.0381000271495596,-2.8664988943960816,1018.5712737168143,-63.0,-69.0,-100.0,-100.0,-85.0,-100.0,-100.0,-100.0,-61.0,-54.0,-100.0,-70.0,-85.0,-80.0,-100.0,-62.0,-60.0,-100.0,-77.0,-69.0,-100.0,-57.0,-60.0,-100.0,-100.0,-100.0,-100.0,-78.0,-100.0,-75.0,-82.0,-100.0,-69.0,-75.0,-100.0,-100.0,-56.0,-71.0,-78.0,-100.0,-77.0,-100.0,-85.0,-100.0,-100.0,-68.0,-75.0,-100.0,-87.0,-56.0,-71.0,-76.0,-100.0,-79.0,-86.0,-80.0,-87.0,-100.0,-81.0,-78.0,-85.0,-89.0,-79.0,-100.0,-100.0,-100.0,-68.0,-73.0,-81.0,-74.0,-78.0,-86.0,-89.0,-85.0,-100.0,-100.0,-100.0,-100.0,-68.0,-74.0,-81.0,-100.0,-100.0,-86.0,-100.0,-100.0,-100.0,-100.0,-100.0,-100.0,-100.0,-100.0,-100.0,-100.0,-100.0,-88.0,-100.0,-100.0,-100.0,-91.0,-100.0,-100.0,-100.0,-100.0,-100.0,-100.0,-100.0,-100.0,-100.0,-100.0,-100.0,-100.0,-100.0,-100.0,-100.0,-100.0,-100.0,-100.0,-100.0,-100.0,-100.0,-100.0,-100.0,-100.0,-100.0
2021.02.11 123718,48.0,18.0,9.013392721428572,-30.353035366071424,-38.95874952678571,-0.3603169794642857,0.1612928884642857,10.01012089732143,0.0036717363475,-0.004149738636571429,-0.0015542595186607145,-0.01608559612213863,0.035987883290675024,-2.892195854868208,1018.5914001785715,-61.0,-77.0,-100.0,-100.0,-84.0,-100.0,-100.0,-100.0,-59.0,-57.0,-84.0,-67.0,-82.0,-81.0,-100.0,-63.0,-67.0,-100.0,-78.0,-70.0,-100.0,-59.0,-65.0,-74.0,-100.0,-100.0,-100.0,-81.0,-100.0,-78.0,-100.0,-100.0,-69.0,-73.0,-100.0,-85.0,-61.0,-67.0,-73.0,-100.0,-83.0,-100.0,-92.0,-100.0,-100.0,-70.0,-73.0,-100.0,-86.0,-60.0,-67.0,-73.0,-100.0,-82.0,-89.0,-80.0,-79.0,-100.0,-84.0,-80.0,-100.0,-100.0,-100.0,-100.0,-88.0,-100.0,-73.0,-86.0,-81.0,-78.0,-81.0,-100.0,-100.0,-100.0,-100.0,-100.0,-90.0,-100.0,-72.0,-85.0,-80.0,-100.0,-100.0,-100.0,-100.0,-84.0,-100.0,-100.0,-100.0,-100.0,-100.0,-100.0,-100.0,-100.0,-100.0,-100.0,-100.0,-100.0,-100.0,-100.0,-83.0,-100.0,-100.0,-100.0,-100.0,-100.0,-100.0,-100.0,-100.0,-100.0,-100.0,-100.0,-100.0,-100.0,-100.0,-100.0,-100.0,-100.0,-100.0,-100.0,-100.0,-100.0,-100.0,-100.0,-100.0
2021.02.11 123729,48.0,17.0,7.566999883333334,-31.69499965,-37.03749944166667,-0.2902260110833333,0.15101888329166666,10.014194033333332,-0.001145372586166667,-0.002654209661933334,-0.0044780494330833335,-0.015076212253188668,0.028985400156428365,-2.9369094173113504,1018.6242349166665,-58.0,-68.0,-100.0,-100.0,-81.0,-100.0,-100.0,-100.0,-62.0,-50.0,-100.0,-69.0,-71.0,-74.0,-85.0,-52.0,-66.0,-100.0,-73.0,-65.0,-100.0,-53.0,-63.0,-100.0,-100.0,-100.0,-100.0,-74.0,-100.0,-84.0,-91.0,-100.0,-75.0,-74.0,-100.0,-100.0,-100.0,-67.0,-80.0,-100.0,-78.0,-100.0,-89.0,-100.0,-100.0,-74.0,-75.0,-100.0,-100.0,-64.0,-67.0,-80.0,-100.0,-100.0,-91.0,-80.0,-89.0,-100.0,-88.0,-100.0,-100.0,-100.0,-100.0,-100.0,-92.0,-100.0,-66.0,-86.0,-85.0,-84.0,-100.0,-100.0,-100.0,-100.0,-100.0,-100.0,-94.0,-100.0,-72.0,-86.0,-85.0,-100.0,-100.0,-100.0,-100.0,-100.0,-100.0,-100.0,-100.0,-100.0,-100.0,-100.0,-100.0,-100.0,-100.0,-100.0,-100.0,-100.0,-100.0,-100.0,-100.0,-92.0,-100.0,-100.0,-100.0,-100.0,-100.0,-100.0,-100.0,-100.0,-100.0,-100.0,-100.0,-100.0,-100.0,-100.0,-100.0,-100.0,-100.0,-100.0,-100.0,-100.0,-100.0,-100.0,-100.0
2021.02.11 123741,48.0,16.0,5.700530881415928,-32.23592862831858,-34.916813761061945,-0.27368891876106194,0.12058245953451326,10.01270886283186,0.002922152248495575,-0.007032572691433628,-0.0009645832922123899,-0.012025885542661978,0.027289010584354352,-2.994767573027484,1018.6593394690267,-55.0,-72.0,-100.0,-100.0,-84.0,-100.0,-100.0,-87.0,-56.0,-48.0,-82.0,-65.0,-73.0,-77.0,-81.0,-56.0,-70.0,-100.0,-100.0,-72.0,-100.0,-55.0,-69.0,-76.0,-100.0,-100.0,-87.0,-79.0,-100.0,-86.0,-87.0,-100.0,-70.0,-70.0,-100.0,-89.0,-62.0,-72.0,-79.0,-88.0,-79.0,-100.0,-85.0,-100.0,-100.0,-70.0,-70.0,-100.0,-89.0,-62.0,-72.0,-79.0,-100.0,-100.0,-91.0,-100.0,-100.0,-100.0,-100.0,-100.0,-100.0,-100.0,-100.0,-100.0,-92.0,-100.0,-80.0,-84.0,-100.0,-86.0,-100.0,-100.0,-100.0,-100.0,-100.0,-100.0,-91.0,-100.0,-79.0,-85.0,-100.0,-100.0,-100.0,-100.0,-100.0,-100.0,-100.0,-100.0,-100.0,-100.0,-100.0,-100.0,-100.0,-100.0,-100.0,-100.0,-100.0,-100.0,-90.0,-100.0,-100.0,-100.0,-100.0,-100.0,-100.0,-100.0,-100.0,-100.0,-100.0,-100.0,-100.0,-100.0,-100.0,-100.0,-100.0,-100.0,-100.0,-100.0,-100.0,-100.0,-100.0,-100.0,-100.0,-100.0,-100.0
2021.02.11 123752,48.0,15.0,8.93297282252252,-31.692432072072066,-32.809729378378385,-0.2412609340810811,0.10062425240540543,10.008003977477475,0.0033892014857657654,-0.004483916112882883,-0.00022290528315315286,-0.01005732893774928,0.02409875529675597,-2.888650438807032,1018.6918170270269,-57.0,-77.0,-100.0,-93.0,-83.0,-100.0,-100.0,-100.0,-53.0,-47.0,-100.0,-62.0,-76.0,-70.0,-83.0,-64.0,-70.0,-100.0,-71.0,-75.0,-100.0,-62.0,-78.0,-100.0,-100.0,-100.0,-87.0,-80.0,-100.0,-84.0,-86.0,-100.0,-69.0,-72.0,-100.0,-100.0,-63.0,-74.0,-79.0,-86.0,-80.0,-100.0,-87.0,-100.0,-100.0,-70.0,-72.0,-100.0,-100.0,-63.0,-74.0,-79.0,-100.0,-100.0,-100.0,-100.0,-100.0,-91.0,-91.0,-89.0,-100.0,-100.0,-100.0,-100.0,-100.0,-100.0,-87.0,-100.0,-88.0,-100.0,-90.0,-100.0,-100.0,-100.0,-100.0,-100.0,-100.0,-100.0,-100.0,-100.0,-87.0,-100.0,-100.0,-100.0,-100.0,-100.0,-100.0,-100.0,-100.0,-100.0,-100.0,-100.0,-100.0,-100.0,-100.0,-100.0,-100.0,-100.0,-85.0,-100.0,-100.0,-100.0,-89.0,-100.0,-100.0,-100.0,-100.0,-100.0,-100.0,-100.0,-100.0,-100.0,-100.0,-100.0,-100.0,-100.0,-100.0,-100.0,-100.0,-100.0,-100.0,-100.0,-100.0,-100.0,-100.0
2021.02.11 123803,48.0,14.0,9.408103247413793,-28.188620198275864,-34.86413742241379,-0.23092367732413793,0.08204519316896552,10.020741797413795,0.0027731175227586205,-0.0018226957574482762,-0.0022318908756034485,-0.008176594557880855,0.023049052333025667,-2.844082468542559,1018.7279134482758,-72.0,-77.0,-100.0,-89.0,-80.0,-100.0,-100.0,-100.0,-55.0,-45.0,-86.0,-58.0,-100.0,-72.0,-87.0,-59.0,-73.0,-100.0,-70.0,-71.0,-100.0,-57.0,-74.0,-81.0,-92.0,-100.0,-100.0,-76.0,-100.0,-87.0,-90.0,-100.0,-76.0,-78.0,-100.0,-100.0,-64.0,-70.0,-82.0,-100.0,-77.0,-100.0,-91.0,-100.0,-100.0,-76.0,-78.0,-100.0,-100.0,-63.0,-70.0,-82.0,-100.0,-100.0,-88.0,-100.0,-100.0,-90.0,-91.0,-100.0,-100.0,-100.0,-100.0,-100.0,-100.0,-100.0,-84.0,-100.0,-100.0,-88.0,-100.0,-100.0,-100.0,-100.0,-100.0,-100.0,-100.0,-100.0,-84.0,-100.0,-100.0,-100.0,-100.0,-100.0,-100.0,-100.0,-100.0,-100.0,-100.0,-100.0,-100.0,-100.0,-100.0,-100.0,-100.0,-100.0,-100.0,-100.0,-100.0,-100.0,-100.0,-100.0,-100.0,-87.0,-89.0,-89.0,-100.0,-100.0,-100.0,-100.0,-100.0,-100.0,-100.0,-100.0,-100.0,-100.0,-100.0,-100.0,-100.0,-100.0,-100.0,-100.0,-100.0,-100.0,-100.0
2021.02.11 123815,48.0,13.0,7.608318429203541,-27.707256371681414,-32.72176946902655,-0.2365034990265487,0.1608401774690265,10.015929592920353,0.007500938706017699,-0.0015401913527787613,-0.003191808729469027,-0.01603145669399864,0.02362248554529074,-2.896855426045646,1018.763625840708,-68.0,-80.0,-100.0,-100.0,-82.0,-100.0,-100.0,-100.0,-62.0,-52.0,-82.0,-60.0,-71.0,-71.0,-100.0,-69.0,-73.0,-73.0,-64.0,-100.0,-100.0,-57.0,-75.0,-81.0,-100.0,-100.0,-88.0,-83.0,-100.0,-82.0,-100.0,-100.0,-68.0,-76.0,-100.0,-100.0,-63.0,-81.0,-100.0,-100.0,-82.0,-100.0,-100.0,-100.0,-100.0,-68.0,-76.0,-100.0,-82.0,-62.0,-81.0,-82.0,-100.0,-100.0,-100.0,-100.0,-100.0,-100.0,-100.0,-100.0,-100.0,-100.0,-100.0,-100.0,-94.0,-100.0,-90.0,-100.0,-100.0,-82.0,-100.0,-100.0,-100.0,-100.0,-100.0,-100.0,-93.0,-100.0,-89.0,-100.0,-100.0,-100.0,-100.0,-100.0,-100.0,-100.0,-100.0,-100.0,-100.0,-100.0,-100.0,-100.0,-100.0,-100.0,-100.0,-100.0,-100.0,-100.0,-100.0,-100.0,-100.0,-100.0,-89.0,-100.0,-100.0,-100.0,-91.0,-100.0,-100.0,-100.0,-100.0,-100.0,-100.0,-100.0,-100.0,-100.0,-100.0,-100.0,-100.0,-100.0,-100.0,-100.0,-100.0,-100.0,-100.0
2021.02.11 123827,49.0,13.0,23.963499675,7.143499890833334,-37.26449960833334,-0.27272785273333333,0.18451877729166669,10.0292180875,0.00038179081699999995,0.000573195022533333,0.005585955574416667,-0.01838282437335385,0.027166618976237518,-1.239490454395612,1018.75438075,-71.0,-70.0,-100.0,-100.0,-100.0,-100.0,-100.0,-100.0,-53.0,-45.0,-83.0,-57.0,-69.0,-75.0,-100.0,-57.0,-77.0,-75.0,-57.0,-74.0,-100.0,-58.0,-70.0,-100.0,-94.0,-100.0,-100.0,-71.0,-100.0,-85.0,-100.0,-100.0,-71.0,-78.0,-100.0,-100.0,-57.0,-73.0,-80.0,-87.0,-75.0,-100.0,-100.0,-100.0,-92.0,-70.0,-78.0,-100.0,-84.0,-58.0,-73.0,-80.0,-100.0,-100.0,-100.0,-100.0,-100.0,-87.0,-100.0,-91.0,-100.0,-90.0,-100.0,-100.0,-100.0,-100.0,-100.0,-100.0,-100.0,-86.0,-100.0,-100.0,-91.0,-100.0,-100.0,-100.0,-100.0,-100.0,-100.0,-100.0,-100.0,-100.0,-100.0,-100.0,-100.0,-100.0,-100.0,-100.0,-100.0,-100.0,-100.0,-100.0,-100.0,-100.0,-100.0,-100.0,-100.0,-100.0,-91.0,-100.0,-100.0,-100.0,-100.0,-100.0,-100.0,-87.0,-100.0,-100.0,-100.0,-100.0,-100.0,-100.0,-100.0,-100.0,-100.0,-100.0,-100.0,-100.0,-100.0,-100.0,-100.0,-100.0,-100.0,-100.0,-100.0
2021.02.11 123838,50.0,13.0,-14.505132442477876,15.181061685840708,-33.9854862300885,-0.2863171284867257,0.18141398965486724,10.01455231415929,0.004370930132212389,0.003963001389699116,-0.0025268842939823013,-0.01809578608109537,0.028548394692484737,0.7732843972940361,1018.7498084955753,-73.0,-78.0,-89.0,-91.0,-73.0,-86.0,-84.0,-100.0,-53.0,-47.0,-80.0,-56.0,-73.0,-70.0,-80.0,-55.0,-70.0,-100.0,-64.0,-71.0,-100.0,-58.0,-76.0,-100.0,-89.0,-100.0,-100.0,-76.0,-100.0,-100.0,-81.0,-100.0,-59.0,-65.0,-100.0,-80.0,-68.0,-74.0,-80.0,-100.0,-76.0,-100.0,-81.0,-100.0,-100.0,-57.0,-65.0,-100.0,-79.0,-67.0,-74.0,-79.0,-100.0,-100.0,-100.0,-91.0,-100.0,-100.0,-91.0,-100.0,-100.0,-100.0,-100.0,-100.0,-94.0,-100.0,-60.0,-100.0,-100.0,-83.0,-100.0,-100.0,-100.0,-90.0,-100.0,-100.0,-100.0,-100.0,-84.0,-100.0,-100.0,-100.0,-100.0,-100.0,-100.0,-100.0,-100.0,-100.0,-100.0,-100.0,-100.0,-100.0,-100.0,-100.0,-100.0,-100.0,-100.0,-100.0,-100.0,-100.0,-100.0,-88.0,-100.0,-100.0,-100.0,-100.0,-100.0,-89.0,-100.0,-100.0,-100.0,-100.0,-100.0,-100.0,-100.0,-100.0,-100.0,-100.0,-100.0,-100.0,-100.0,-100.0,-100.0,-100.0,-100.0
2021.02.11 123849,50.0,14.0,-10.981999758333332,13.015499708333333,-30.708499558333333,-0.237532012075,0.06815702314166666,10.014513266666665,0.004337143176666667,0.001957822968066667,-0.005857586673416667,-0.006813810961772461,0.023972802285182556,0.7211191942294438,1018.7632246666667,-62.0,-78.0,-100.0,-86.0,-71.0,-89.0,-100.0,-100.0,-59.0,-51.0,-78.0,-57.0,-72.0,-70.0,-78.0,-63.0,-74.0,-100.0,-59.0,-84.0,-100.0,-62.0,-77.0,-80.0,-100.0,-100.0,-86.0,-79.0,-100.0,-76.0,-87.0,-100.0,-63.0,-67.0,-100.0,-81.0,-67.0,-71.0,-77.0,-100.0,-79.0,-100.0,-86.0,-100.0,-100.0,-64.0,-67.0,-100.0,-82.0,-67.0,-71.0,-77.0,-100.0,-100.0,-100.0,-89.0,-100.0,-100.0,-91.0,-89.0,-100.0,-88.0,-100.0,-100.0,-100.0,-100.0,-82.0,-100.0,-87.0,-80.0,-86.0,-100.0,-88.0,-100.0,-100.0,-100.0,-100.0,-100.0,-83.0,-100.0,-87.0,-100.0,-100.0,-100.0,-100.0,-100.0,-100.0,-100.0,-100.0,-100.0,-100.0,-100.0,-100.0,-100.0,-100.0,-100.0,-100.0,-100.0,-100.0,-100.0,-100.0,-91.0,-100.0,-100.0,-100.0,-100.0,-100.0,-100.0,-100.0,-100.0,-100.0,-100.0,-100.0,-100.0,-100.0,-100.0,-100.0,-100.0,-100.0,-100.0,-100.0,-100.0,-100.0,-100.0,-100.0
2021.02.11 123941,50.0,15.0,-8.433050704237289,15.881694703389826,-32.09237241525423,-0.4020149718644068,0.22607635534406775,10.007825131355933,0.000514058584406779,-0.0005345589945932204,-0.002675134344237288,-0.0225818655586809,0.04015081071184344,0.5267230075294689,1018.7772843220341,-72.0,-84.0,-85.0,-86.0,-63.0,-100.0,-100.0,-100.0,-67.0,-58.0,-79.0,-55.0,-62.0,-70.0,-83.0,-64.0,-79.0,-78.0,-68.0,-76.0,-100.0,-62.0,-81.0,-100.0,-91.0,-92.0,-81.0,-73.0,-100.0,-76.0,-75.0,-87.0,-60.0,-67.0,-90.0,-81.0,-64.0,-76.0,-80.0,-82.0,-67.0,-100.0,-75.0,-86.0,-100.0,-59.0,-67.0,-92.0,-81.0,-63.0,-76.0,-80.0,-100.0,-100.0,-100.0,-100.0,-100.0,-92.0,-100.0,-100.0,-100.0,-100.0,-100.0,-100.0,-100.0,-100.0,-83.0,-100.0,-100.0,-77.0,-100.0,-100.0,-90.0,-100.0,-100.0,-100.0,-100.0,-100.0,-82.0,-100.0,-100.0,-100.0,-100.0,-100.0,-100.0,-100.0,-100.0,-100.0,-100.0,-100.0,-100.0,-100.0,-87.0,-100.0,-100.0,-100.0,-100.0,-100.0,-100.0,-100.0,-100.0,-100.0,-100.0,-100.0,-100.0,-100.0,-100.0,-100.0,-100.0,-100.0,-100.0,-100.0,-100.0,-100.0,-100.0,-100.0,-100.0,-100.0,-100.0,-100.0,-100.0,-100.0,-100.0,-100.0,-100.0
2021.02.11 123953,50.0,16.0,-8.791858238938055,18.285132539823007,-33.52513237168142,-0.310323440380531,0.2357407216017699,10.000864668141594,0.005149377753274337,0.003649460195592921,-0.004089186004159292,-0.02361404849216338,0.03104291046423012,0.47260934140829913,1018.807107699115,-72.0,-83.0,-100.0,-100.0,-62.0,-100.0,-100.0,-100.0,-70.0,-58.0,-74.0,-50.0,-63.0,-73.0,-76.0,-67.0,-82.0,-78.0,-68.0,-79.0,-100.0,-66.0,-85.0,-100.0,-100.0,-100.0,-83.0,-100.0,-84.0,-100.0,-76.0,-89.0,-53.0,-58.0,-92.0,-81.0,-61.0,-77.0,-82.0,-83.0,-100.0,-85.0,-76.0,-100.0,-100.0,-54.0,-58.0,-91.0,-82.0,-62.0,-77.0,-83.0,-100.0,-100.0,-100.0,-94.0,-100.0,-91.0,-100.0,-100.0,-100.0,-91.0,-100.0,-100.0,-100.0,-100.0,-100.0,-100.0,-100.0,-100.0,-100.0,-100.0,-90.0,-100.0,-100.0,-100.0,-94.0,-100.0,-100.0,-100.0,-100.0,-100.0,-100.0,-100.0,-100.0,-100.0,-100.0,-100.0,-100.0,-100.0,-100.0,-100.0,-88.0,-100.0,-100.0,-100.0,-100.0,-100.0,-100.0,-100.0,-100.0,-100.0,-100.0,-100.0,-100.0,-100.0,-100.0,-100.0,-100.0,-100.0,-100.0,-100.0,-100.0,-100.0,-100.0,-100.0,-100.0,-100.0,-100.0,-100.0,-100.0,-100.0,-100.0,-100.0,-100.0
2021.02.11 124005,50.0,17.0,-9.064247664601771,19.168141345132742,-33.617521707964606,-0.288732591718584,0.16344633527433625,10.015187973451328,-0.0017593459157522115,-0.0015293795675398233,-0.0033269560589380535,-0.016356998701184237,0.028766157763363102,0.46831017996357605,1018.8406431858408,-67.0,-85.0,-78.0,-84.0,-71.0,-100.0,-100.0,-100.0,-77.0,-57.0,-73.0,-56.0,-67.0,-63.0,-76.0,-63.0,-75.0,-82.0,-63.0,-78.0,-100.0,-67.0,-85.0,-100.0,-100.0,-100.0,-82.0,-78.0,-86.0,-76.0,-74.0,-86.0,-50.0,-56.0,-91.0,-77.0,-58.0,-78.0,-78.0,-83.0,-74.0,-100.0,-74.0,-87.0,-100.0,-49.0,-56.0,-89.0,-77.0,-66.0,-78.0,-78.0,-100.0,-100.0,-100.0,-100.0,-100.0,-89.0,-100.0,-90.0,-100.0,-100.0,-100.0,-100.0,-100.0,-100.0,-100.0,-100.0,-100.0,-76.0,-90.0,-100.0,-100.0,-100.0,-100.0,-100.0,-100.0,-100.0,-100.0,-100.0,-100.0,-100.0,-100.0,-100.0,-100.0,-100.0,-100.0,-100.0,-100.0,-88.0,-100.0,-100.0,-87.0,-100.0,-100.0,-100.0,-100.0,-100.0,-100.0,-100.0,-100.0,-100.0,-89.0,-100.0,-100.0,-100.0,-100.0,-100.0,-100.0,-100.0,-100.0,-100.0,-100.0,-100.0,-100.0,-100.0,-100.0,-100.0,-100.0,-100.0,-100.0,-100.0,-100.0,-100.0,-100.0
2021.02.11 124017,50.0,18.0,-11.25929185840708,19.972035185840706,-31.50159250442478,-0.24370751340530972,0.22760442397345132,10.008831424778762,-0.0024729228249557515,-0.0031078984698938057,-0.0022565903929203544,-0.022754205188887006,0.02435824627533707,0.5245316360904052,1018.8785860176991,-66.0,-82.0,-76.0,-100.0,-69.0,-100.0,-100.0,-100.0,-75.0,-57.0,-100.0,-54.0,-65.0,-68.0,-70.0,-65.0,-78.0,-100.0,-67.0,-100.0,-100.0,-70.0,-86.0,-84.0,-100.0,-100.0,-81.0,-68.0,-77.0,-73.0,-80.0,-100.0,-53.0,-56.0,-85.0,-78.0,-65.0,-75.0,-77.0,-80.0,-68.0,-77.0,-80.0,-100.0,-100.0,-53.0,-57.0,-86.0,-77.0,-64.0,-75.0,-77.0,-100.0,-100.0,-100.0,-100.0,-100.0,-100.0,-100.0,-100.0,-100.0,-85.0,-100.0,-100.0,-100.0,-100.0,-100.0,-100.0,-90.0,-72.0,-100.0,-100.0,-86.0,-100.0,-100.0,-89.0,-100.0,-100.0,-100.0,-100.0,-100.0,-100.0,-100.0,-100.0,-100.0,-100.0,-100.0,-100.0,-100.0,-89.0,-100.0,-100.0,-88.0,-100.0,-100.0,-100.0,-100.0,-100.0,-100.0,-100.0,-100.0,-100.0,-100.0,-100.0,-100.0,-100.0,-100.0,-100.0,-87.0,-100.0,-100.0,-100.0,-100.0,-100.0,-100.0,-100.0,-100.0,-100.0,-100.0,-100.0,-100.0,-100.0,-100.0,-100.0,-100.0
2021.02.11 124029,50.0,19.0,-16.319999769911504,16.398052831858408,-22.96407056637168,-0.21052667619823007,0.10863227363539824,10.01389550442478,0.0019599042916814157,0.001033010973769911,0.0008842303283185842,-0.010859998469616952,0.02099978698745151,0.7887961136556305,1018.9218455752213,-68.0,-72.0,-77.0,-79.0,-67.0,-91.0,-100.0,-100.0,-77.0,-55.0,-100.0,-55.0,-66.0,-64.0,-74.0,-64.0,-77.0,-82.0,-64.0,-83.0,-86.0,-68.0,-88.0,-85.0,-100.0,-100.0,-100.0,-71.0,-79.0,-74.0,-80.0,-87.0,-53.0,-56.0,-89.0,-79.0,-60.0,-78.0,-76.0,-71.0,-68.0,-79.0,-80.0,-87.0,-100.0,-54.0,-56.0,-89.0,-79.0,-60.0,-78.0,-77.0,-100.0,-100.0,-100.0,-100.0,-89.0,-100.0,-91.0,-100.0,-100.0,-87.0,-100.0,-100.0,-100.0,-100.0,-75.0,-100.0,-85.0,-74.0,-100.0,-100.0,-86.0,-100.0,-100.0,-100.0,-100.0,-100.0,-83.0,-100.0,-84.0,-100.0,-100.0,-100.0,-100.0,-100.0,-100.0,-100.0,-100.0,-100.0,-87.0,-100.0,-100.0,-100.0,-100.0,-100.0,-100.0,-100.0,-100.0,-100.0,-100.0,-100.0,-100.0,-100.0,-100.0,-100.0,-100.0,-100.0,-100.0,-100.0,-100.0,-100.0,-100.0,-100.0,-100.0,-100.0,-100.0,-100.0,-100.0,-100.0,-100.0,-100.0,-100.0,-100.0,-100.0
2021.02.11 124040,49.0,19.0,-20.64578927192982,-14.878420824561402,-28.193157543859655,-0.2687468454859649,0.32293306491228074,10.004645263157894,0.0019606629770175434,-0.0016235085304035087,0.005959172662280702,-0.03227784872267456,0.02682324943210304,2.1506566980428863,1018.923572982456,-72.0,-82.0,-75.0,-73.0,-72.0,-100.0,-100.0,-100.0,-83.0,-65.0,-100.0,-61.0,-71.0,-72.0,-81.0,-65.0,-82.0,-81.0,-64.0,-82.0,-84.0,-100.0,-89.0,-100.0,-85.0,-100.0,-70.0,-72.0,-78.0,-66.0,-64.0,-82.0,-100.0,-55.0,-86.0,-80.0,-62.0,-71.0,-76.0,-68.0,-72.0,-78.0,-63.0,-82.0,-100.0,-59.0,-55.0,-86.0,-81.0,-62.0,-71.0,-78.0,-100.0,-100.0,-100.0,-100.0,-100.0,-100.0,-100.0,-82.0,-100.0,-80.0,-73.0,-100.0,-92.0,-100.0,-100.0,-83.0,-86.0,-66.0,-84.0,-100.0,-79.0,-87.0,-100.0,-100.0,-92.0,-100.0,-100.0,-83.0,-88.0,-100.0,-100.0,-100.0,-100.0,-100.0,-100.0,-100.0,-100.0,-100.0,-84.0,-100.0,-100.0,-100.0,-100.0,-100.0,-100.0,-100.0,-100.0,-100.0,-100.0,-100.0,-100.0,-100.0,-100.0,-100.0,-100.0,-100.0,-100.0,-91.0,-82.0,-93.0,-100.0,-100.0,-100.0,-100.0,-100.0,-100.0,-100.0,-100.0,-100.0,-100.0,-100.0,-100.0,-100.0
2021.02.11 124053,48.0,19.0,7.104107038392856,-21.442499794642856,-28.24285683035714,-0.28327263777678574,0.10810578297321428,10.011467700892856,-0.0007679452514285705,0.0004481131205357143,0.00044741520678571415,-0.010854570019416417,0.028193296393770353,-2.854436212352344,1018.9190150000001,-73.0,-83.0,-76.0,-78.0,-66.0,-100.0,-100.0,-100.0,-68.0,-60.0,-84.0,-56.0,-74.0,-70.0,-78.0,-67.0,-83.0,-100.0,-60.0,-82.0,-100.0,-71.0,-87.0,-100.0,-92.0,-100.0,-79.0,-73.0,-77.0,-71.0,-75.0,-100.0,-58.0,-57.0,-87.0,-72.0,-65.0,-75.0,-77.0,-79.0,-100.0,-78.0,-75.0,-100.0,-100.0,-57.0,-58.0,-90.0,-72.0,-65.0,-75.0,-77.0,-100.0,-100.0,-100.0,-92.0,-100.0,-100.0,-100.0,-89.0,-100.0,-100.0,-100.0,-100.0,-100.0,-100.0,-83.0,-100.0,-88.0,-72.0,-91.0,-100.0,-100.0,-100.0,-100.0,-100.0,-100.0,-100.0,-83.0,-100.0,-88.0,-100.0,-100.0,-100.0,-100.0,-100.0,-100.0,-87.0,-100.0,-100.0,-86.0,-100.0,-100.0,-100.0,-100.0,-100.0,-100.0,-100.0,-100.0,-100.0,-100.0,-100.0,-100.0,-100.0,-100.0,-100.0,-100.0,-100.0,-91.0,-100.0,-100.0,-100.0,-88.0,-92.0,-93.0,-100.0,-100.0,-100.0,-100.0,-100.0,-100.0,-100.0,-100.0,-100.0,-100.0
2021.02.11 124104,48.0,18.0,3.8289473070175437,-21.65052614035088,-30.344736464912277,-0.28628385760526315,0.031923664373684206,10.010987969298247,0.005106083440877192,-0.0024594293613859654,0.002642281614035088,-0.0031871549994990853,0.028579411507388044,-3.007598692910713,1018.9402283333333,-74.0,-86.0,-80.0,-77.0,-75.0,-100.0,-100.0,-100.0,-65.0,-65.0,-79.0,-59.0,-73.0,-68.0,-77.0,-62.0,-84.0,-100.0,-70.0,-100.0,-100.0,-62.0,-83.0,-100.0,-91.0,-100.0,-100.0,-72.0,-83.0,-69.0,-70.0,-89.0,-69.0,-67.0,-100.0,-85.0,-69.0,-82.0,-81.0,-100.0,-71.0,-83.0,-70.0,-87.0,-100.0,-69.0,-67.0,-100.0,-85.0,-100.0,-82.0,-80.0,-100.0,-100.0,-100.0,-100.0,-91.0,-100.0,-100.0,-100.0,-100.0,-76.0,-100.0,-100.0,-100.0,-100.0,-100.0,-100.0,-100.0,-69.0,-100.0,-100.0,-76.0,-100.0,-100.0,-100.0,-100.0,-100.0,-80.0,-100.0,-100.0,-100.0,-100.0,-100.0,-100.0,-100.0,-100.0,-100.0,-100.0,-100.0,-100.0,-100.0,-90.0,-100.0,-100.0,-100.0,-100.0,-100.0,-100.0,-100.0,-100.0,-100.0,-87.0,-88.0,-100.0,-100.0,-100.0,-100.0,-100.0,-100.0,-100.0,-100.0,-100.0,-100.0,-100.0,-100.0,-100.0,-100.0,-100.0,-100.0,-100.0,-100.0,-100.0,-100.0,-100.0
2021.02.11 124115,48.0,17.0,1.9831578630701758,-24.30157864035087,-31.415262649122802,-0.2576575725789474,-0.06571654368245615,10.018212824561404,0.0035039018392982457,-0.004479571258175439,0.001768851442543859,0.006494699514163182,0.025759600191744683,-1.77281559768476,1018.9818163157895,-70.0,-84.0,-81.0,-100.0,-72.0,-100.0,-89.0,-100.0,-74.0,-59.0,-80.0,-59.0,-79.0,-71.0,-81.0,-59.0,-82.0,-82.0,-63.0,-100.0,-100.0,-100.0,-84.0,-86.0,-100.0,-100.0,-74.0,-79.0,-100.0,-79.0,-76.0,-100.0,-58.0,-66.0,-100.0,-82.0,-68.0,-83.0,-79.0,-100.0,-78.0,-100.0,-76.0,-100.0,-100.0,-59.0,-67.0,-100.0,-82.0,-68.0,-82.0,-81.0,-100.0,-100.0,-100.0,-100.0,-100.0,-89.0,-89.0,-100.0,-100.0,-83.0,-100.0,-100.0,-100.0,-100.0,-86.0,-100.0,-100.0,-79.0,-100.0,-100.0,-83.0,-100.0,-100.0,-100.0,-100.0,-100.0,-85.0,-100.0,-100.0,-100.0,-100.0,-100.0,-100.0,-100.0,-100.0,-87.0,-100.0,-100.0,-100.0,-100.0,-89.0,-100.0,-100.0,-100.0,-100.0,-100.0,-93.0,-100.0,-100.0,-100.0,-100.0,-84.0,-100.0,-100.0,-100.0,-100.0,-100.0,-100.0,-100.0,-100.0,-100.0,-100.0,-100.0,-100.0,-100.0,-100.0,-100.0,-100.0,-100.0,-100.0,-100.0,-100.0,-100.0
2021.02.11 124125,48.0,16.0,-0.6857142875,-27.62410679464286,-33.02303527678572,-0.2975313983035715,-0.005793289816071427,10.005610339285713,-0.00019525852071428567,-0.002268055338678572,0.0064088055797321426,0.0005679620110510908,0.02972799858460864,2.2388975684131895,1019.0146329464286,-81.0,-85.0,-100.0,-89.0,-74.0,-100.0,-100.0,-100.0,-72.0,-54.0,-100.0,-61.0,-76.0,-66.0,-100.0,-65.0,-85.0,-77.0,-58.0,-100.0,-91.0,-68.0,-87.0,-100.0,-100.0,-100.0,-81.0,-75.0,-100.0,-78.0,-84.0,-100.0,-67.0,-70.0,-100.0,-77.0,-74.0,-88.0,-80.0,-80.0,-76.0,-100.0,-85.0,-100.0,-100.0,-67.0,-70.0,-100.0,-76.0,-74.0,-88.0,-81.0,-100.0,-100.0,-100.0,-94.0,-100.0,-88.0,-100.0,-100.0,-100.0,-89.0,-100.0,-100.0,-100.0,-100.0,-88.0,-100.0,-100.0,-78.0,-100.0,-100.0,-87.0,-100.0,-100.0,-100.0,-100.0,-100.0,-84.0,-100.0,-100.0,-100.0,-100.0,-100.0,-100.0,-100.0,-100.0,-100.0,-100.0,-100.0,-100.0,-100.0,-92.0,-100.0,-100.0,-100.0,-100.0,-100.0,-100.0,-100.0,-100.0,-100.0,-100.0,-100.0,-100.0,-100.0,-100.0,-100.0,-100.0,-100.0,-81.0,-100.0,-100.0,-100.0,-100.0,-100.0,-100.0,-100.0,-100.0,-100.0,-100.0,-100.0,-100.0,-100.0,-100.0
2021.02.11 124137,48.0,15.0,-0.5411214895327103,-29.620373457943927,-33.247849728971964,-0.3717838873831775,-0.11398538161121496,10.013080953271029,0.001264262582990655,-0.0028687262361308413,0.00039022286616822435,0.011388184688631729,0.03712876490970077,2.6116326835667976,1019.0594307476636,-77.0,-100.0,-100.0,-100.0,-76.0,-100.0,-100.0,-100.0,-76.0,-58.0,-100.0,-59.0,-72.0,-66.0,-100.0,-69.0,-85.0,-79.0,-55.0,-100.0,-100.0,-73.0,-87.0,-100.0,-96.0,-100.0,-86.0,-100.0,-100.0,-100.0,-100.0,-100.0,-100.0,-72.0,-100.0,-81.0,-72.0,-86.0,-78.0,-85.0,-100.0,-100.0,-100.0,-100.0,-100.0,-70.0,-72.0,-100.0,-81.0,-71.0,-86.0,-79.0,-100.0,-100.0,-100.0,-100.0,-100.0,-100.0,-100.0,-100.0,-100.0,-78.0,-100.0,-100.0,-100.0,-100.0,-100.0,-100.0,-100.0,-100.0,-100.0,-100.0,-79.0,-100.0,-100.0,-100.0,-100.0,-100.0,-100.0,-100.0,-100.0,-100.0,-100.0,-100.0,-100.0,-100.0,-100.0,-100.0,-100.0,-100.0,-100.0,-100.0,-100.0,-100.0,-100.0,-100.0,-100.0,-100.0,-100.0,-100.0,-100.0,-100.0,-100.0,-100.0,-100.0,-100.0,-100.0,-100.0,-100.0,-100.0,-100.0,-100.0,-100.0,-100.0,-100.0,-100.0,-100.0,-100.0,-100.0,-100.0,-100.0,-100.0,-100.0,-100.0,-100.0
2021.02.11 124147,48.0,14.0,4.095652121739131,-29.333738704347827,-32.59878220869565,-0.45131039339130424,-0.11625765629739129,10.00885984782609,-0.00099199182,-0.0026243303721565216,0.002372494484347826,0.011624720078796804,0.04514967885840192,-3.05481307817542,1019.101981826087,-78.0,-88.0,-100.0,-100.0,-77.0,-100.0,-100.0,-100.0,-78.0,-64.0,-85.0,-65.0,-73.0,-75.0,-85.0,-72.0,-100.0,-100.0,-62.0,-100.0,-100.0,-71.0,-89.0,-100.0,-100.0,-100.0,-84.0,-78.0,-100.0,-79.0,-88.0,-100.0,-70.0,-74.0,-100.0,-83.0,-76.0,-100.0,-85.0,-84.0,-77.0,-100.0,-89.0,-100.0,-100.0,-70.0,-75.0,-100.0,-83.0,-76.0,-100.0,-85.0,-100.0,-100.0,-100.0,-100.0,-100.0,-90.0,-100.0,-100.0,-100.0,-90.0,-100.0,-100.0,-100.0,-100.0,-100.0,-100.0,-100.0,-78.0,-100.0,-100.0,-90.0,-100.0,-100.0,-100.0,-100.0,-100.0,-100.0,-100.0,-100.0,-100.0,-100.0,-100.0,-100.0,-100.0,-100.0,-100.0,-100.0,-100.0,-92.0,-100.0,-100.0,-100.0,-100.0,-100.0,-100.0,-100.0,-100.0,-89.0,-92.0,-100.0,-100.0,-87.0,-100.0,-100.0,-91.0,-100.0,-100.0,-100.0,-100.0,-100.0,-100.0,-100.0,-100.0,-100.0,-100.0,-100.0,-100.0,-100.0,-100.0,-100.0,-100.0,-100.0,-100.0
2021.02.11 124159,48.0,13.0,5.413392750892858,-29.095713839285715,-34.53214242857143,-0.1988316958392857,0.03589274450892856,10.012429674107143,-0.0038440875226785714,-0.003075270050875001,-0.0004034327511607132,-0.0035780034793688196,0.01988744374830271,-2.9812300694840297,1019.134159107143,-78.0,-86.0,-100.0,-100.0,-74.0,-100.0,-100.0,-100.0,-84.0,-68.0,-100.0,-64.0,-80.0,-77.0,-100.0,-79.0,-100.0,-100.0,-64.0,-100.0,-100.0,-75.0,-85.0,-100.0,-100.0,-100.0,-85.0,-83.0,-100.0,-81.0,-88.0,-100.0,-67.0,-64.0,-100.0,-82.0,-75.0,-86.0,-100.0,-85.0,-83.0,-100.0,-89.0,-100.0,-100.0,-68.0,-66.0,-100.0,-83.0,-75.0,-86.0,-83.0,-100.0,-100.0,-100.0,-100.0,-100.0,-90.0,-100.0,-100.0,-100.0,-100.0,-100.0,-100.0,-100.0,-100.0,-100.0,-100.0,-100.0,-82.0,-100.0,-100.0,-100.0,-100.0,-100.0,-100.0,-100.0,-100.0,-100.0,-100.0,-100.0,-100.0,-100.0,-100.0,-100.0,-100.0,-100.0,-100.0,-100.0,-100.0,-100.0,-100.0,-92.0,-100.0,-100.0,-100.0,-100.0,-100.0,-100.0,-100.0,-100.0,-100.0,-100.0,-100.0,-100.0,-100.0,-100.0,-100.0,-100.0,-100.0,-100.0,-100.0,-100.0,-100.0,-100.0,-100.0,-100.0,-100.0,-100.0,-100.0,-100.0,-100.0,-100.0,-100.0,-100.0
2021.02.11 124210,49.0,13.0,22.61892836607143,0.16982142544642856,-33.21053523214286,-0.32989686336607144,0.28436288861607145,9.998363285714285,-0.0006752242474999998,0.0007589999083571425,0.0039653442408035715,-0.028421111655396562,0.032970127926091615,-1.5169916387115205,1019.1387532142857,-77.0,-81.0,-100.0,-91.0,-74.0,-100.0,-100.0,-100.0,-82.0,-62.0,-100.0,-64.0,-78.0,-74.0,-100.0,-70.0,-100.0,-100.0,-67.0,-83.0,-100.0,-74.0,-87.0,-88.0,-100.0,-100.0,-85.0,-84.0,-100.0,-84.0,-100.0,-100.0,-69.0,-72.0,-100.0,-78.0,-100.0,-85.0,-100.0,-85.0,-83.0,-100.0,-100.0,-100.0,-100.0,-100.0,-72.0,-100.0,-78.0,-73.0,-85.0,-100.0,-100.0,-100.0,-100.0,-100.0,-100.0,-81.0,-100.0,-100.0,-100.0,-90.0,-100.0,-100.0,-100.0,-100.0,-100.0,-100.0,-100.0,-84.0,-100.0,-100.0,-88.0,-100.0,-100.0,-100.0,-100.0,-100.0,-100.0,-100.0,-100.0,-100.0,-100.0,-100.0,-100.0,-100.0,-100.0,-100.0,-100.0,-100.0,-100.0,-100.0,-91.0,-100.0,-100.0,-100.0,-100.0,-100.0,-100.0,-100.0,-100.0,-89.0,-100.0,-100.0,-84.0,-88.0,-92.0,-88.0,-100.0,-100.0,-90.0,-100.0,-100.0,-100.0,-100.0,-90.0,-100.0,-100.0,-100.0,-100.0,-100.0,-100.0,-100.0,-100.0,-100.0
2021.02.11 124224,50.0,13.0,-3.3385713825,14.975892571428572,-29.164285455357142,-0.3633098262053571,0.22698580189464287,10.016213504464286,0.0003337943544642859,-0.0005009095121964304,-0.0038122790780357146,-0.022685083661729395,0.03624254029377227,0.27011906475360903,1019.1381251785714,-76.0,-87.0,-100.0,-100.0,-75.0,-100.0,-100.0,-100.0,-85.0,-64.0,-81.0,-61.0,-80.0,-76.0,-100.0,-74.0,-100.0,-100.0,-72.0,-83.0,-100.0,-68.0,-89.0,-88.0,-100.0,-100.0,-77.0,-78.0,-100.0,-81.0,-86.0,-100.0,-70.0,-76.0,-100.0,-64.0,-73.0,-82.0,-88.0,-76.0,-78.0,-100.0,-87.0,-100.0,-100.0,-63.0,-76.0,-100.0,-74.0,-72.0,-82.0,-89.0,-100.0,-100.0,-100.0,-100.0,-100.0,-100.0,-100.0,-100.0,-100.0,-100.0,-100.0,-100.0,-100.0,-100.0,-100.0,-100.0,-100.0,-81.0,-100.0,-100.0,-100.0,-100.0,-100.0,-100.0,-100.0,-100.0,-100.0,-100.0,-100.0,-100.0,-100.0,-100.0,-100.0,-100.0,-100.0,-100.0,-100.0,-100.0,-100.0,-100.0,-100.0,-100.0,-100.0,-100.0,-100.0,-100.0,-100.0,-100.0,-100.0,-80.0,-100.0,-100.0,-100.0,-100.0,-100.0,-82.0,-100.0,-100.0,-100.0,-100.0,-100.0,-100.0,-100.0,-100.0,-84.0,-88.0,-84.0,-88.0,-100.0,-100.0,-100.0,-100.0,-100.0
2021.02.11 124236,50.0,14.0,-3.7263716389380535,15.64194665044248,-27.110973123893807,-0.22898166289380528,0.12971460533628318,10.00967896902655,0.005219654183539824,0.002346641414460177,-0.0074786773124778765,-0.012959026380826731,0.022878553336047908,0.2606307678254305,1019.155814778761,-74.0,-100.0,-100.0,-100.0,-79.0,-100.0,-100.0,-100.0,-100.0,-60.0,-87.0,-67.0,-81.0,-74.0,-100.0,-76.0,-100.0,-84.0,-62.0,-89.0,-100.0,-100.0,-100.0,-100.0,-92.0,-100.0,-85.0,-81.0,-100.0,-80.0,-91.0,-100.0,-71.0,-75.0,-100.0,-77.0,-76.0,-87.0,-90.0,-85.0,-80.0,-100.0,-100.0,-100.0,-100.0,-71.0,-75.0,-100.0,-77.0,-77.0,-87.0,-90.0,-100.0,-100.0,-100.0,-100.0,-100.0,-88.0,-100.0,-100.0,-100.0,-100.0,-100.0,-100.0,-100.0,-100.0,-100.0,-100.0,-100.0,-79.0,-100.0,-100.0,-100.0,-100.0,-100.0,-100.0,-100.0,-100.0,-100.0,-100.0,-100.0,-100.0,-100.0,-100.0,-100.0,-100.0,-100.0,-100.0,-100.0,-100.0,-100.0,-100.0,-100.0,-100.0,-100.0,-100.0,-100.0,-100.0,-100.0,-100.0,-100.0,-100.0,-100.0,-100.0,-100.0,-100.0,-100.0,-100.0,-100.0,-100.0,-100.0,-100.0,-100.0,-100.0,-100.0,-88.0,-100.0,-100.0,-100.0,-100.0,-100.0,-100.0,-100.0,-100.0,-100.0
2021.02.11 124250,50.0,15.0,-2.110909052231405,16.82727255371901,-29.378677338842973,-0.23190827088429755,0.10673320907272728,10.004190400826447,0.00361647416909091,-0.002253991604396694,-0.006175009503057851,-0.010658468554673825,0.023231351068859093,0.1585205831836278,1019.1914032231405,-72.0,-100.0,-100.0,-100.0,-77.0,-100.0,-100.0,-100.0,-100.0,-64.0,-100.0,-69.0,-81.0,-76.0,-100.0,-71.0,-100.0,-100.0,-61.0,-100.0,-100.0,-79.0,-100.0,-100.0,-100.0,-100.0,-80.0,-86.0,-100.0,-77.0,-87.0,-100.0,-76.0,-75.0,-100.0,-72.0,-76.0,-85.0,-85.0,-80.0,-86.0,-100.0,-88.0,-100.0,-100.0,-74.0,-75.0,-100.0,-72.0,-76.0,-85.0,-87.0,-100.0,-100.0,-100.0,-95.0,-100.0,-84.0,-100.0,-100.0,-100.0,-100.0,-100.0,-100.0,-100.0,-100.0,-90.0,-100.0,-100.0,-77.0,-100.0,-100.0,-90.0,-100.0,-100.0,-100.0,-100.0,-100.0,-90.0,-100.0,-100.0,-100.0,-100.0,-100.0,-100.0,-100.0,-100.0,-91.0,-100.0,-100.0,-88.0,-100.0,-100.0,-100.0,-100.0,-100.0,-100.0,-100.0,-100.0,-100.0,-100.0,-100.0,-100.0,-100.0,-100.0,-100.0,-100.0,-100.0,-100.0,-100.0,-100.0,-100.0,-100.0,-100.0,-100.0,-89.0,-80.0,-100.0,-80.0,-100.0,-100.0,-100.0,-100.0,-100.0,-100.0
2021.02.11 124301,50.0,16.0,-3.5336841622807023,18.802105087719298,-35.50842059649123,-0.28914018640350886,0.044966160799999995,10.004960293859648,0.0019553046377192985,-0.0007340028888596493,-0.0053257589699999995,-0.004506477265207188,0.02887143478156961,0.23305495710749374,1019.2337251754386,-83.0,-100.0,-100.0,-90.0,-77.0,-100.0,-100.0,-100.0,-100.0,-70.0,-100.0,-70.0,-82.0,0.0,-100.0,-78.0,-100.0,-100.0,-62.0,-87.0,-100.0,0.0,-100.0,-100.0,-100.0,-100.0,-77.0,-84.0,-100.0,-84.0,-100.0,-100.0,-71.0,-75.0,-100.0,-67.0,-74.0,-100.0,-100.0,-77.0,-84.0,-100.0,-100.0,-100.0,-100.0,-70.0,-74.0,-100.0,-67.0,-73.0,-100.0,-100.0,-100.0,-100.0,-100.0,-100.0,-100.0,-83.0,-100.0,-100.0,-100.0,-100.0,-100.0,-100.0,-100.0,-100.0,-100.0,-100.0,-100.0,-78.0,-100.0,-100.0,-100.0,-100.0,-100.0,-100.0,-100.0,-100.0,-87.0,-100.0,-100.0,-100.0,-100.0,-100.0,-100.0,-100.0,-100.0,-88.0,-100.0,-100.0,-88.0,-100.0,-100.0,-100.0,-100.0,-100.0,-100.0,-100.0,-100.0,-100.0,-100.0,-85.0,-100.0,-100.0,-100.0,-100.0,-100.0,-83.0,-100.0,-100.0,-100.0,-100.0,-100.0,-100.0,-100.0,-100.0,-74.0,-85.0,-74.0,-84.0,-100.0,-100.0,-100.0,-100.0,-100.0
2021.02.11 124315,50.0,17.0,-5.7723213696428575,17.892321214285715,-35.97160664285715,-0.407646663125,-0.10752859149464286,10.0227764375,0.002957242427678572,-0.0001082105258928573,-0.0037304669200000007,0.01069076469177334,0.04066113803336126,0.3882952212755169,1019.2705345535716,-76.0,-89.0,-100.0,-90.0,-83.0,-100.0,-100.0,-100.0,-100.0,-72.0,-100.0,-67.0,-100.0,-85.0,-100.0,-76.0,-100.0,-100.0,-74.0,-100.0,-100.0,-78.0,-100.0,-100.0,-100.0,-100.0,-70.0,-100.0,-100.0,-82.0,-100.0,-100.0,-75.0,-78.0,-100.0,-74.0,-79.0,-89.0,-100.0,-100.0,-100.0,-100.0,-100.0,-100.0,-100.0,-74.0,-78.0,-100.0,-74.0,-79.0,-88.0,-100.0,-100.0,-100.0,-100.0,-100.0,-100.0,-81.0,-100.0,-100.0,-100.0,-100.0,-100.0,-100.0,-100.0,-100.0,-100.0,-100.0,-100.0,-83.0,-100.0,-100.0,-100.0,-100.0,-100.0,-100.0,-100.0,-100.0,-100.0,-100.0,-100.0,-100.0,-100.0,-100.0,-100.0,-100.0,-100.0,-85.0,-100.0,-100.0,-85.0,-100.0,-100.0,-100.0,-100.0,-100.0,-100.0,-100.0,-100.0,-100.0,-100.0,-90.0,-100.0,-100.0,-100.0,-100.0,-100.0,-91.0,-100.0,-100.0,-100.0,-100.0,-100.0,-100.0,-100.0,-100.0,-80.0,-81.0,-80.0,-81.0,-100.0,-100.0,-100.0,-100.0,-100.0
2021.02.11 124326,50.0,18.0,-6.579107,18.783214098214284,-33.97124963392857,-0.3340227141964286,0.07460731302678571,9.994515325892857,0.0024554602110714277,0.004216933598232143,-0.002585094654821429,-0.007431488149190278,0.03338133595070451,0.38220655891512123,1019.30686625,-87.0,-100.0,-100.0,-100.0,-75.0,-100.0,-100.0,-100.0,-100.0,-72.0,-100.0,-73.0,-87.0,-77.0,-100.0,-84.0,-100.0,-100.0,-77.0,-100.0,-100.0,-82.0,-100.0,-100.0,-100.0,-100.0,-71.0,-81.0,-100.0,-80.0,-100.0,-100.0,-70.0,-80.0,-100.0,-70.0,-74.0,-89.0,-88.0,-100.0,-80.0,-100.0,-100.0,-100.0,-100.0,-70.0,-80.0,-100.0,-68.0,-73.0,-88.0,-85.0,-100.0,-100.0,-100.0,-100.0,-100.0,-100.0,-100.0,-100.0,-100.0,-100.0,-100.0,-100.0,-100.0,-100.0,-100.0,-100.0,-100.0,-80.0,-100.0,-100.0,-100.0,-100.0,-100.0,-100.0,-100.0,-100.0,-100.0,-100.0,-100.0,-100.0,-100.0,-100.0,-100.0,-100.0,-100.0,-82.0,-100.0,-100.0,-83.0,-100.0,-100.0,-100.0,-100.0,-100.0,-100.0,-100.0,-100.0,-100.0,-100.0,-87.0,-100.0,-100.0,-100.0,-100.0,-100.0,-86.0,-91.0,-100.0,-100.0,-100.0,-100.0,-100.0,-100.0,-100.0,-78.0,-80.0,-79.0,-80.0,-100.0,-100.0,-100.0,-100.0,-100.0
2021.02.11 124337,50.0,19.0,-7.69539807079646,20.882123637168142,-32.62884903539823,-0.29737740755929204,0.022332439557522125,10.015865986725663,-0.0033324593817699107,0.0004167398590088496,8.415885035398366e-05,-0.002182067370230731,0.029750298692322444,0.3895949360016173,1019.3489477876107,-87.0,-100.0,-100.0,-100.0,-85.0,-100.0,-100.0,-100.0,-100.0,-74.0,-100.0,-74.0,-100.0,-86.0,-100.0,-85.0,-100.0,-100.0,-75.0,-100.0,-100.0,-87.0,-100.0,-100.0,-100.0,-100.0,-69.0,-86.0,-100.0,-74.0,-100.0,-100.0,-73.0,-79.0,-100.0,-70.0,-67.0,-85.0,-100.0,-69.0,-100.0,-100.0,-100.0,-100.0,-100.0,-73.0,-79.0,-100.0,-69.0,-67.0,-85.0,-100.0,-100.0,-100.0,-100.0,-100.0,-100.0,-79.0,-100.0,-100.0,-100.0,-89.0,-100.0,-100.0,-100.0,-100.0,-86.0,-100.0,-100.0,-74.0,-100.0,-100.0,-88.0,-100.0,-100.0,-100.0,-100.0,-100.0,-86.0,-100.0,-100.0,-100.0,-100.0,-100.0,-100.0,-100.0,-100.0,-100.0,-89.0,-100.0,-87.0,-92.0,-100.0,-100.0,-100.0,-100.0,-100.0,-100.0,-100.0,-100.0,-100.0,-84.0,-100.0,-100.0,-100.0,-100.0,-100.0,-86.0,-100.0,-100.0,-100.0,-91.0,-100.0,-100.0,-100.0,-85.0,-77.0,-82.0,-78.0,-82.0,-89.0,-100.0,-100.0,-100.0,-100.0
2021.02.11 124348,50.0,20.0,-10.076841905263159,22.30631546491228,-31.963157552631575,-0.2757826524385965,0.05527834440701755,10.011324065789475,0.003268129291578947,-0.000884039875719298,-0.006102736891842105,-0.0055511886281524765,0.02757433754097862,0.45175849973109733,1019.3439921929825,-100.0,-100.0,-100.0,-100.0,-81.0,-100.0,-100.0,-100.0,-100.0,-79.0,-100.0,-100.0,-100.0,-81.0,-100.0,-83.0,-100.0,-100.0,-78.0,-100.0,-100.0,-88.0,-100.0,-100.0,-100.0,-100.0,-64.0,-82.0,-100.0,-80.0,-87.0,-100.0,-73.0,-82.0,-100.0,-69.0,-72.0,-92.0,-85.0,-64.0,-81.0,-100.0,-88.0,-100.0,-100.0,-74.0,-82.0,-100.0,-68.0,-72.0,-91.0,-86.0,-100.0,-100.0,-100.0,-100.0,-100.0,-79.0,-100.0,-100.0,-100.0,-86.0,-100.0,-100.0,-100.0,-100.0,-100.0,-100.0,-100.0,-81.0,-100.0,-100.0,-79.0,-100.0,-100.0,-100.0,-100.0,-100.0,-100.0,-100.0,-100.0,-100.0,-100.0,-100.0,-100.0,-100.0,-100.0,-83.0,-100.0,-100.0,-84.0,-100.0,-100.0,-100.0,-100.0,-100.0,-100.0,-100.0,-100.0,-100.0,-100.0,-85.0,-100.0,-100.0,-100.0,-100.0,-100.0,-83.0,-100.0,-100.0,-100.0,-89.0,-100.0,-100.0,-100.0,-100.0,-69.0,-76.0,-69.0,-76.0,-100.0,-84.0,-86.0,-83.0,-86.0
2021.02.11 124403,50.0,21.0,-6.332820426495727,23.35897408547008,-34.45589717094017,-0.337551820854701,0.1348979446153846,10.01447391880342,0.0025006318092307685,-0.00028292963160683813,0.0021286930600854705,-0.013476967015582236,0.03371751704850253,0.303202942905263,1019.3471699145299,-89.0,-100.0,-100.0,-100.0,-100.0,-100.0,-100.0,-100.0,-100.0,-78.0,-86.0,-72.0,-100.0,-84.0,-100.0,-100.0,-100.0,-100.0,-78.0,-100.0,-100.0,-100.0,-100.0,-100.0,-100.0,-100.0,-60.0,-100.0,-100.0,-74.0,-83.0,-100.0,-71.0,-82.0,-100.0,-64.0,-71.0,-100.0,-86.0,-60.0,-80.0,-100.0,-84.0,-100.0,-100.0,-71.0,-82.0,-100.0,-64.0,-71.0,-90.0,-84.0,-100.0,-100.0,-100.0,-100.0,-100.0,-76.0,-100.0,-100.0,-100.0,-100.0,-100.0,-100.0,-100.0,-100.0,-79.0,-100.0,-100.0,-74.0,-100.0,-100.0,-100.0,-100.0,-100.0,-100.0,-100.0,-100.0,-81.0,-100.0,-100.0,-100.0,-100.0,-100.0,-100.0,-100.0,-100.0,-76.0,-87.0,-100.0,-76.0,-100.0,-100.0,-100.0,-100.0,-100.0,-100.0,-100.0,-100.0,-100.0,-100.0,-82.0,-100.0,-100.0,-100.0,-100.0,-100.0,-83.0,-89.0,-100.0,-100.0,-86.0,-100.0,-100.0,-100.0,-100.0,-64.0,-73.0,-65.0,-74.0,-85.0,-83.0,-86.0,-82.0,-87.0
