Timestamp,True_X,True_Y,Mean_Mag_x,Mean_Mag_y,Mean_Mag_z,Mean_Acc_x,Mean_Acc_y,Mean_Acc_z,Mean_Gyro_x,Mean_Gyro_y,Mean_Gyro_z,Mean_Orn_x,Mean_Orn_y,Mean_Orn_z,Mean_Pressure,00:1a:ab:a0:de:a7,00:1a:ab:a0:de:a8,00:1a:ab:a0:de:a9,00:1a:ac:a0:de:c1,00:1a:ac:a0:de:c2,00:1a:ac:a0:de:f1,00:1a:ac:a0:de:f9,00:1a:ac:a0:de:g5,00:1a:ac:a0:de:h2,00:1a:ac:a0:de:j5,00:1a:ac:a0:de:k4,00:1a:ac:a0:de:l4,00:1a:ac:a0:de:l9,00:1a:ac:a0:de:n6,00:1a:ac:a0:de:n7,00:1a:ac:a0:de:r1,00:1a:ac:a0:de:s6,00:1a:ac:a0:de:s7,00:1a:ac:a0:de:t3,00:1a:ac:a0:de:t4,00:1a:ac:a0:de:v7,f0:b0:52:6a:20:c8,f0:b0:52:6a:20:cc,00:1a:ac:a0:de:b7,00:1a:ac:a0:de:b8,00:1a:ac:a0:de:d3,00:1a:ac:a0:de:f6,00:1a:ac:a0:de:h3,00:1a:ac:a0:de:h4,00:1a:ac:a0:de:h7,00:1a:ac:a0:de:i8,00:1a:ac:a0:de:k7,00:1a:ac:a0:de:k8,00:1a:ac:a0:de:m2,00:1a:ac:a0:de:n2,00:1a:ac:a0:de:n8,00:1a:ac:a0:de:p5,00:1a:ac:a0:de:p6,00:1a:ac:a0:de:r2,00:1a:ac:a0:de:r5,00:1a:ac:a0:de:r6,00:1a:ac:a0:de:s2,00:1a:ac:a0:de:s3,00:1a:ac:a0:de:s5,00:1a:ac:a0:de:t5,00:1a:ac:a0:de:t7,00:1a:ac:a0:de:u2,00:1a:ac:a0:de:u3,00:1a:ac:a0:de:v8,00:1a:ac:a0:de:w2,00:1a:ac:a0:de:w3,00:1a:ac:a0:de:w8,00:1a:ac:a0:de:w9,f0:b0:52:6a:1f:cc,00:1a:ac:a0:de:b6,00:1a:ac:a0:de:i2,00:1a:ac:a0:de:m3,00:1a:ac:a0:de:p3,00:1a:ac:a0:de:p4,00:1a:ac:a0:de:p7,00:1a:ac:a0:de:p8,00:1a:ac:a0:de:s4,00:1a:ac:a0:de:t9,00:1a:ac:a0:de:u1,00:1a:ac:a0:de:u4,00:1a:ac:a0:de:u5,00:1a:ac:a0:de:x1,f4:28:53:71:29:24,00:1a:ab:a0:de:a2,00:1a:ab:a0:de:a4,00:1a:ac:a0:de:b3,00:1a:ac:a0:de:f5,00:1a:ac:a0:de:l2,00:1a:ac:a0:de:n3,00:1a:ac:a0:de:p1,00:1a:ac:a0:de:p2,00:1a:ac:a0:de:s1,00:1a:ac:a0:de:t8,00:1a:ac:a0:de:w7,00:1a:ab:a0:de:a1,00:1a:ac:a0:de:n4,00:1a:ac:a0:de:r9,00:1a:ac:a0:de:t1,00:1a:ac:a0:de:w6,00:1a:ac:a0:de:m1,00:1a:ac:a0:de:f8,00:1a:ac:a0:de:g9,00:1a:ac:a0:de:h9,00:1a:ac:a0:de:k9,fa:d0:27:36:de:a9,00:1a:ac:a0:de:f3,00:1a:ac:a0:de:i1,00:1a:ac:a0:de:j9,00:1a:ac:a0:de:e9,00:1a:ac:a0:de:g2,00:1a:ac:a0:de:h6,00:1a:ac:a0:de:i9,00:1a:ac:a0:de:m9,00:1a:ac:a0:de:n9,00:1a:ac:a0:de:r3,00:1a:ac:a0:de:t6,00:1a:ac:a0:de:v9,00:1a:ac:a0:de:f2,00:1a:ac:a0:de:k2,00:1a:ac:a0:de:e8,00:1a:ac:a0:de:g7,00:1a:ac:a0:de:l1,00:1a:ac:a0:de:d4,00:1a:ac:a0:de:l8,90:9f:33:a4:06:5c,00:1a:ac:a0:de:b2,00:1a:ac:a0:de:g8,00:1a:ac:a0:de:j8,00:1a:ac:a0:de:b1,00:1a:ac:a0:de:j7,00:1a:ac:a0:de:k1,00:1a:ac:a0:de:i6,00:1a:ac:a0:de:k6,00:1a:ac:a0:de:l7,00:1a:ac:a0:de:n5,00:1a:ac:a0:de:r4,00:1a:ac:a0:de:t2,00:1a:ac:a0:de:w1,00:1a:ac:a0:de:b4,00:1a:ac:a0:de:q2,00:1a:ac:a0:de:r7,00:1a:ac:a0:de:u8,00:1a:ac:a0:de:w4,00:1a:ac:a0:de:l5,00:1a:ac:a0:de:q4,00:1a:ac:a0:de:v3,00:1a:ac:a0:de:k3,00:1a:ac:a0:de:v1,00:1a:ac:a0:de:g1,00:1a:ac:a0:de:j2,00:1a:ac:a0:de:h5,00:1a:ac:a0:de:i7,00:1a:ac:a0:de:j1,00:1a:ac:a0:de:r8,00:1a:ac:a0:de:w5,00:1a:ac:a0:de:m5,00:1a:ac:a0:de:m4,00:1a:ac:a0:de:q5,00:1a:ac:a0:de:v2,00:1a:ac:a0:de:m6,00:1a:ac:a0:de:p9,00:1a:ac:a0:de:q6,00:1a:ac:a0:de:q8,00:1a:ac:a0:de:u6,00:1a:ac:a0:de:u9,00:1a:ac:a0:de:q3,00:1a:ac:a0:de:s8,f0:b0:52:6a:26:78,00:1a:ac:a0:de:q9,00:1a:ac:a0:de:v5,00:1a:ac:a0:de:v6
2021.01.19 085101,1.0,27.0,31.7415185949367,-28.472278164556965,-19.80683512658228,0.09380101932151898,0.861938930886076,9.654852579113925,-0.00013871276044303798,-0.0002716493992126582,-0.002436060970126582,-0.08903719116992584,-0.009711233826053484,-2.265861758702918,1024.5049398734177,-78.0,-64.0,-53.0,-90.0,-76.0,-79.0,-87.0,-78.0,-75.0,-43.0,-66.0,-88.0,-60.0,-59.0,-87.0,-73.0,-47.0,-62.0,-55.0,-87.0,-74.0,-48.0,-62.0,-100.0,-100.0,-100.0,-100.0,-100.0,-100.0,-100.0,-100.0,-100.0,-100.0,-100.0,-100.0,-100.0,-100.0,-100.0,-100.0,-100.0,-100.0,-100.0,-100.0,-100.0,-100.0,-100.0,-100.0,-100.0,-100.0,-100.0,-100.0,-100.0,-100.0,-100.0,-100.0,-100.0,-100.0,-100.0,-100.0,-100.0,-100.0,-100.0,-100.0,-100.0,-100.0,-100.0,-100.0,-100.0,-100.0,-100.0,-100.0,-100.0,-100.0,-100.0,-100.0,-100.0,-100.0,-100.0,-100.0,-100.0,-100.0,-100.0,-100.0,-100.0,-100.0,-100.0,-100.0,-100.0,-100.0,-100.0,-100.0,-100.0,-100.0,-100.0,-100.0,-100.0,-100.0,-100.0,-100.0,-100.0,-100.0,-100.0,-100.0,-100.0,-100.0,-100.0,-100.0,-100.0,-100.0,-100.0,-100.0,-100.0,-100.0,-100.0,-100.0,-100.0,-100.0,-100.0,-100.0,-100.0,-100.0,-100.0,-100.0,-100.0,-100.0,-100.0,-100.0,-100.0,-100.0,-100.0,-100.0,-100.0,-100.0,-100.0,-100.0,-100.0,-100.0,-100.0,-100.0,-100.0,-100.0,-100.0,-100.0,-100.0,-100.0,-100.0,-100.0,-100.0,-100.0,-100.0,-100.0,-100.0,-100.0,-100.0,-100.0,-100.0
2021.01.19 085115,1.0,26.0,11.139629404320987,-27.284444074074077,-31.352592148148148,0.14696709027160493,0.89572480654321,9.647390416666667,-0.0018787575194444447,-0.0017089822715777776,-0.0022788818032098766,-0.0925707593100306,-0.01520324185602707,-2.6956828288090082,1024.4994030864195,-100.0,-100.0,-100.0,-100.0,-100.0,-100.0,-100.0,-100.0,-100.0,-100.0,-100.0,-100.0,-100.0,-100.0,-100.0,-100.0,-100.0,-88.0,-100.0,-100.0,-100.0,-76.0,-89.0,-58.0,-78.0,-66.0,-82.0,-82.0,-60.0,-78.0,-55.0,-56.0,-74.0,-71.0,-81.0,-77.0,-64.0,-74.0,-84.0,-46.0,-69.0,-38.0,-51.0,-78.0,-72.0,-81.0,-66.0,-74.0,-85.0,-46.0,-68.0,-38.0,-51.0,-78.0,-100.0,-100.0,-100.0,-100.0,-100.0,-100.0,-100.0,-100.0,-100.0,-100.0,-100.0,-100.0,-100.0,-100.0,-100.0,-100.0,-100.0,-100.0,-100.0,-100.0,-100.0,-100.0,-100.0,-100.0,-100.0,-100.0,-100.0,-100.0,-100.0,-100.0,-100.0,-100.0,-100.0,-100.0,-100.0,-100.0,-100.0,-100.0,-100.0,-100.0,-100.0,-100.0,-100.0,-100.0,-100.0,-100.0,-100.0,-100.0,-100.0,-100.0,-100.0,-100.0,-100.0,-100.0,-100.0,-100.0,-100.0,-100.0,-100.0,-100.0,-100.0,-100.0,-100.0,-100.0,-100.0,-100.0,-100.0,-100.0,-100.0,-100.0,-100.0,-100.0,-100.0,-100.0,-100.0,-100.0,-100.0,-100.0,-100.0,-100.0,-100.0,-100.0,-100.0,-100.0,-100.0,-100.0,-100.0,-100.0,-100.0,-100.0,-100.0,-100.0,-100.0,-100.0,-100.0,-100.0,-100.0,-100.0,-100.0,-100.0,-100.0,-100.0
2021.01.19 085128,1.0,25.0,5.983602383850932,-36.373043074534166,-33.943601987577644,0.18736315537391304,0.8893912984472051,9.667070431677018,-0.001449006414596273,-0.002133205950126708,0.0013031652578881989,-0.0917381473024439,-0.019358930589778656,-2.94388889377902,1024.5019149068326,-100.0,-100.0,-100.0,-100.0,-100.0,-100.0,-100.0,-100.0,-100.0,-100.0,-100.0,-100.0,-100.0,-100.0,-100.0,-100.0,-73.0,-82.0,-100.0,-100.0,-100.0,-100.0,-82.0,-55.0,-100.0,-72.0,-79.0,-100.0,-66.0,-80.0,-100.0,-59.0,-75.0,-57.0,-100.0,-76.0,-58.0,-72.0,-89.0,-37.0,-52.0,-36.0,-51.0,-72.0,-78.0,-100.0,-58.0,-72.0,-90.0,-36.0,-52.0,-36.0,-51.0,-72.0,-74.0,-74.0,-90.0,-62.0,-91.0,-68.0,-90.0,-61.0,-61.0,-90.0,-68.0,-91.0,-60.0,-76.0,-100.0,-100.0,-100.0,-100.0,-100.0,-100.0,-100.0,-100.0,-100.0,-100.0,-100.0,-100.0,-100.0,-100.0,-100.0,-100.0,-100.0,-100.0,-100.0,-100.0,-100.0,-100.0,-100.0,-100.0,-100.0,-100.0,-100.0,-100.0,-100.0,-100.0,-100.0,-100.0,-100.0,-100.0,-100.0,-100.0,-100.0,-100.0,-100.0,-100.0,-100.0,-100.0,-100.0,-100.0,-100.0,-100.0,-100.0,-100.0,-100.0,-100.0,-100.0,-100.0,-100.0,-100.0,-100.0,-100.0,-100.0,-100.0,-100.0,-100.0,-100.0,-100.0,-100.0,-100.0,-100.0,-100.0,-100.0,-100.0,-100.0,-100.0,-100.0,-100.0,-100.0,-100.0,-100.0,-100.0,-100.0,-100.0,-100.0,-100.0,-100.0,-100.0,-100.0,-100.0,-100.0,-100.0,-100.0,-100.0
2021.01.19 085141,1.0,24.0,39.59926779878049,5.424146264024389,-35.34621908536585,0.20168845341951216,1.2424826300609755,9.625378902439024,-0.0008862165131097562,-0.001047395477762195,-0.0053562005252439015,-0.12835483116711055,-0.020927607786178647,-1.3323669389980595,1024.5073292682926,-100.0,-100.0,-100.0,-100.0,-100.0,-100.0,-100.0,-100.0,-82.0,-100.0,-100.0,-100.0,-100.0,-76.0,-100.0,-67.0,-57.0,-72.0,-100.0,-100.0,-67.0,-57.0,-72.0,-56.0,-79.0,-72.0,-100.0,-100.0,-59.0,-100.0,-46.0,-58.0,-79.0,-70.0,-100.0,-100.0,-45.0,-57.0,-82.0,-40.0,-59.0,-37.0,-51.0,-66.0,-100.0,-67.0,-45.0,-57.0,-82.0,-40.0,-59.0,-38.0,-51.0,-67.0,-75.0,-100.0,-89.0,-63.0,-82.0,-60.0,-81.0,-48.0,-63.0,-83.0,-59.0,-81.0,-48.0,-100.0,-83.0,-84.0,-89.0,-76.0,-77.0,-73.0,-69.0,-88.0,-87.0,-87.0,-87.0,-100.0,-100.0,-100.0,-100.0,-100.0,-100.0,-100.0,-100.0,-100.0,-100.0,-100.0,-100.0,-100.0,-100.0,-100.0,-100.0,-100.0,-100.0,-100.0,-100.0,-100.0,-100.0,-100.0,-100.0,-100.0,-100.0,-100.0,-100.0,-100.0,-100.0,-100.0,-100.0,-100.0,-100.0,-100.0,-100.0,-100.0,-100.0,-100.0,-100.0,-100.0,-100.0,-100.0,-100.0,-100.0,-100.0,-100.0,-100.0,-100.0,-100.0,-100.0,-100.0,-100.0,-100.0,-100.0,-100.0,-100.0,-100.0,-100.0,-100.0,-100.0,-100.0,-100.0,-100.0,-100.0,-100.0,-100.0,-100.0,-100.0,-100.0,-100.0,-100.0,-100.0,-100.0,-100.0,-100.0,-100.0
2021.01.19 085312,8.0,24.0,32.43838449689441,4.414285628571428,-30.433415621118012,0.11119250128074533,0.9695920675776396,9.646087049689442,-0.001209972251552795,-0.0021787362573204966,-0.0020243429786335407,-0.10017919841205107,-0.011522591552770831,-1.3487012312278985,1024.5186260869566,-100.0,-100.0,-100.0,-100.0,-100.0,-100.0,-100.0,-85.0,-100.0,-100.0,-100.0,-100.0,-100.0,-100.0,-100.0,-100.0,-51.0,-76.0,-72.0,-100.0,-65.0,-52.0,-76.0,-57.0,-81.0,-64.0,-100.0,-71.0,-60.0,-79.0,-52.0,-59.0,-83.0,-100.0,-83.0,-74.0,-50.0,-64.0,-79.0,-38.0,-69.0,-37.0,-51.0,-63.0,-74.0,-100.0,-50.0,-64.0,-80.0,-38.0,-68.0,-38.0,-51.0,-63.0,-81.0,-100.0,-90.0,-100.0,-89.0,-62.0,-87.0,-58.0,-100.0,-87.0,-62.0,-87.0,-58.0,-100.0,-100.0,-100.0,-100.0,-100.0,-100.0,-100.0,-100.0,-100.0,-89.0,-100.0,-100.0,-85.0,-85.0,-70.0,-84.0,-70.0,-100.0,-100.0,-100.0,-100.0,-100.0,-100.0,-100.0,-100.0,-100.0,-100.0,-100.0,-100.0,-100.0,-100.0,-100.0,-100.0,-100.0,-100.0,-100.0,-100.0,-100.0,-100.0,-100.0,-100.0,-100.0,-100.0,-100.0,-100.0,-100.0,-100.0,-100.0,-100.0,-100.0,-100.0,-100.0,-100.0,-100.0,-100.0,-100.0,-100.0,-100.0,-100.0,-100.0,-100.0,-100.0,-100.0,-100.0,-100.0,-100.0,-100.0,-100.0,-100.0,-100.0,-100.0,-100.0,-100.0,-100.0,-100.0,-100.0,-100.0,-100.0,-100.0,-100.0,-100.0,-100.0,-100.0,-100.0,-100.0,-100.0,-100.0,-100.0,-100.0
2021.01.19 085324,9.0,24.0,31.776352647058822,7.141411631764707,-32.34952901764706,0.03304099255058823,0.8953179402941177,9.6425193,-0.001379728892352942,-0.004039364331928234,-0.0013758481830588234,-0.09260609079809745,-0.0033958074841827653,-1.2641520766650929,1024.5227594117648,-100.0,-100.0,-100.0,-100.0,-100.0,-100.0,-100.0,-100.0,-100.0,-100.0,-100.0,-100.0,-100.0,-100.0,-100.0,-60.0,-62.0,-72.0,-100.0,-100.0,-63.0,-60.0,-73.0,-51.0,-73.0,-66.0,-100.0,-69.0,-54.0,-100.0,-64.0,-54.0,-72.0,-65.0,-77.0,-67.0,-52.0,-60.0,-76.0,-51.0,-70.0,-39.0,-46.0,-68.0,-100.0,-68.0,-54.0,-60.0,-76.0,-52.0,-70.0,-39.0,-47.0,-69.0,-68.0,-61.0,-82.0,-57.0,-84.0,-55.0,-79.0,-55.0,-56.0,-85.0,-55.0,-79.0,-58.0,-71.0,-100.0,-73.0,-100.0,-100.0,-100.0,-79.0,-69.0,-90.0,-90.0,-89.0,-90.0,-84.0,-100.0,-100.0,-100.0,-100.0,-78.0,-100.0,-100.0,-100.0,-100.0,-100.0,-100.0,-100.0,-100.0,-100.0,-100.0,-100.0,-100.0,-100.0,-100.0,-100.0,-100.0,-100.0,-100.0,-100.0,-100.0,-100.0,-100.0,-100.0,-100.0,-100.0,-100.0,-100.0,-100.0,-100.0,-100.0,-100.0,-100.0,-100.0,-100.0,-100.0,-100.0,-100.0,-100.0,-100.0,-100.0,-100.0,-100.0,-100.0,-100.0,-100.0,-100.0,-100.0,-100.0,-100.0,-100.0,-100.0,-100.0,-100.0,-100.0,-100.0,-100.0,-100.0,-100.0,-100.0,-100.0,-100.0,-100.0,-100.0,-100.0,-100.0,-100.0,-100.0,-100.0,-100.0,-100.0,-100.0
2021.01.19 085338,10.0,24.0,30.20927665060241,8.195421524096385,-34.50542127710843,0.14587768271566268,0.958733983433735,9.641095620481929,-0.00023774436475903625,-0.0009574171831951805,-0.000767710398674699,-0.09910204925809994,-0.015127114902169081,-1.2118365728711507,1024.5231783132529,-86.0,-100.0,-100.0,-100.0,-100.0,-100.0,-100.0,-100.0,-100.0,-100.0,-100.0,-100.0,-100.0,-100.0,-100.0,-64.0,-59.0,-71.0,-100.0,-100.0,-59.0,-60.0,-71.0,-47.0,-73.0,-68.0,-100.0,-68.0,-59.0,-100.0,-100.0,-57.0,-80.0,-59.0,-100.0,-61.0,-46.0,-56.0,-76.0,-56.0,-81.0,-40.0,-54.0,-61.0,-64.0,-100.0,-46.0,-56.0,-76.0,-56.0,-81.0,-41.0,-54.0,-61.0,-70.0,-62.0,-80.0,-57.0,-89.0,-52.0,-74.0,-54.0,-57.0,-100.0,-51.0,-74.0,-55.0,-100.0,-100.0,-100.0,-100.0,-74.0,-100.0,-77.0,-100.0,-86.0,-100.0,-87.0,-88.0,-100.0,-100.0,-100.0,-100.0,-100.0,-100.0,-90.0,-85.0,-83.0,-80.0,-82.0,-100.0,-100.0,-100.0,-100.0,-100.0,-100.0,-100.0,-100.0,-100.0,-100.0,-100.0,-100.0,-100.0,-100.0,-100.0,-100.0,-100.0,-100.0,-100.0,-100.0,-100.0,-100.0,-100.0,-100.0,-100.0,-100.0,-100.0,-100.0,-100.0,-100.0,-100.0,-100.0,-100.0,-100.0,-100.0,-100.0,-100.0,-100.0,-100.0,-100.0,-100.0,-100.0,-100.0,-100.0,-100.0,-100.0,-100.0,-100.0,-100.0,-100.0,-100.0,-100.0,-100.0,-100.0,-100.0,-100.0,-100.0,-100.0,-100.0,-100.0,-100.0,-100.0,-100.0,-100.0,-100.0,-100.0
2021.01.19 085351,11.0,24.0,30.280248,9.350310366459627,-35.46298086956522,0.14310625116770184,0.8838443159627328,9.634472639130436,0.0002545866037267085,-0.0025088311906397514,-0.00026004267763975165,-0.09149652710242297,-0.014823835920860586,-1.1849055645628745,1024.5297099378884,-100.0,-100.0,-100.0,-100.0,-100.0,-100.0,-100.0,-100.0,-100.0,-100.0,-100.0,-100.0,-100.0,-77.0,-100.0,-69.0,-63.0,-74.0,-73.0,-100.0,-69.0,-62.0,-74.0,-49.0,-71.0,-72.0,-67.0,-65.0,-58.0,-100.0,-63.0,-56.0,-73.0,-58.0,-100.0,-72.0,-40.0,-57.0,-76.0,-64.0,-78.0,-41.0,-52.0,-64.0,-71.0,-62.0,-40.0,-57.0,-76.0,-69.0,-78.0,-41.0,-53.0,-63.0,-100.0,-56.0,-79.0,-67.0,-90.0,-49.0,-74.0,-50.0,-66.0,-90.0,-49.0,-74.0,-51.0,-63.0,-82.0,-66.0,-100.0,-70.0,-100.0,-100.0,-64.0,-88.0,-85.0,-89.0,-84.0,-84.0,-100.0,-100.0,-100.0,-71.0,-100.0,-100.0,-100.0,-100.0,-75.0,-78.0,-100.0,-100.0,-100.0,-100.0,-100.0,-100.0,-100.0,-100.0,-100.0,-100.0,-100.0,-100.0,-100.0,-100.0,-100.0,-100.0,-100.0,-100.0,-100.0,-100.0,-100.0,-100.0,-100.0,-100.0,-100.0,-100.0,-100.0,-100.0,-100.0,-100.0,-100.0,-100.0,-100.0,-100.0,-100.0,-100.0,-100.0,-100.0,-100.0,-100.0,-100.0,-100.0,-100.0,-100.0,-100.0,-100.0,-100.0,-100.0,-100.0,-100.0,-100.0,-100.0,-100.0,-100.0,-100.0,-100.0,-100.0,-100.0,-100.0,-100.0,-100.0,-100.0,-100.0,-100.0,-100.0,-100.0
2021.01.19 085514,17.0,24.0,31.053658158536585,9.830121722560975,-30.41414583536586,0.06140438926219512,1.0736132635365854,9.633904899390243,0.0008122868057926829,-0.0015539667018024388,-0.002663178870487805,-0.11099751743419864,-0.00635623422346313,-1.1732210218906403,1024.5449469512196,-100.0,-100.0,-100.0,-100.0,-100.0,-100.0,-100.0,-100.0,-69.0,-100.0,-100.0,-100.0,-100.0,-100.0,-100.0,-68.0,-100.0,-74.0,-100.0,-100.0,-63.0,-100.0,-74.0,-47.0,-67.0,-68.0,-70.0,-64.0,-48.0,-100.0,-100.0,-56.0,-75.0,-62.0,-70.0,-100.0,-39.0,-57.0,-81.0,-100.0,-76.0,-44.0,-58.0,-65.0,-100.0,-62.0,-40.0,-58.0,-80.0,-100.0,-76.0,-45.0,-58.0,-66.0,-72.0,-56.0,-73.0,-100.0,-100.0,-46.0,-71.0,-52.0,-100.0,-100.0,-46.0,-71.0,-55.0,-100.0,-100.0,-70.0,-100.0,-73.0,-71.0,-75.0,-61.0,-90.0,-85.0,-90.0,-85.0,-84.0,-100.0,-100.0,-100.0,-72.0,-80.0,-100.0,-100.0,-100.0,-76.0,-100.0,-89.0,-80.0,-81.0,-100.0,-100.0,-100.0,-100.0,-100.0,-100.0,-100.0,-100.0,-100.0,-100.0,-100.0,-100.0,-100.0,-100.0,-100.0,-100.0,-100.0,-100.0,-100.0,-100.0,-100.0,-100.0,-100.0,-100.0,-100.0,-100.0,-100.0,-100.0,-100.0,-100.0,-100.0,-100.0,-100.0,-100.0,-100.0,-100.0,-100.0,-100.0,-100.0,-100.0,-100.0,-100.0,-100.0,-100.0,-100.0,-100.0,-100.0,-100.0,-100.0,-100.0,-100.0,-100.0,-100.0,-100.0,-100.0,-100.0,-100.0,-100.0,-100.0,-100.0,-100.0,-100.0,-100.0
2021.01.19 085527,18.0,24.0,31.827606914110433,11.123926122699388,-31.070060938650307,0.06676060750184049,1.0990015136809814,9.634077134969326,-0.003633647542331288,0.0007974714577595095,-0.002980014139631902,-0.11357609283156186,-0.00691726051374576,-1.1444068540093357,1024.5424570552148,-100.0,-100.0,-100.0,-100.0,-100.0,-100.0,-100.0,-100.0,-100.0,-100.0,-100.0,-100.0,-100.0,-66.0,-89.0,-100.0,-61.0,-76.0,-75.0,-100.0,-60.0,-61.0,-76.0,-54.0,-76.0,-100.0,-60.0,-61.0,-100.0,-100.0,-100.0,-100.0,-100.0,-69.0,-58.0,-55.0,-35.0,-40.0,-76.0,-67.0,-100.0,-51.0,-66.0,-61.0,-55.0,-56.0,-37.0,-40.0,-76.0,-100.0,-100.0,-51.0,-66.0,-62.0,-84.0,-49.0,-100.0,-79.0,-100.0,-40.0,-66.0,-48.0,-79.0,-100.0,-39.0,-66.0,-49.0,-100.0,-100.0,-55.0,-100.0,-64.0,-100.0,-62.0,-61.0,-84.0,-83.0,-85.0,-84.0,-82.0,-100.0,-72.0,-100.0,-100.0,-63.0,-88.0,-81.0,-72.0,-72.0,-100.0,-100.0,-100.0,-100.0,-88.0,-72.0,-73.0,-83.0,-78.0,-84.0,-88.0,-85.0,-89.0,-100.0,-100.0,-100.0,-100.0,-100.0,-100.0,-100.0,-100.0,-100.0,-100.0,-100.0,-100.0,-100.0,-100.0,-100.0,-100.0,-100.0,-100.0,-100.0,-100.0,-100.0,-100.0,-100.0,-100.0,-100.0,-100.0,-100.0,-100.0,-100.0,-100.0,-100.0,-100.0,-100.0,-100.0,-100.0,-100.0,-100.0,-100.0,-100.0,-100.0,-100.0,-100.0,-100.0,-100.0,-100.0,-100.0,-100.0,-100.0,-100.0,-100.0,-100.0,-100.0,-100.0,-100.0
2021.01.19 085540,19.0,24.0,34.68475553658537,11.599755850609757,-30.75256056707317,0.08293826353902439,1.0169536211585364,9.626561423780489,-0.0019142579759146338,-0.0013714520556256098,0.0004172210190243906,-0.1052555571332937,-0.008641385401307615,-1.1716798100529648,1024.5469554878048,-100.0,-100.0,-100.0,-100.0,-100.0,-100.0,-100.0,-100.0,-100.0,-100.0,-100.0,-100.0,-100.0,-100.0,-90.0,-52.0,-57.0,-70.0,-100.0,-89.0,-61.0,-57.0,-70.0,-53.0,-80.0,-76.0,-60.0,-60.0,-70.0,-100.0,-100.0,-74.0,-100.0,-100.0,-65.0,-58.0,-28.0,-39.0,-72.0,-65.0,-100.0,-52.0,-66.0,-63.0,-59.0,-58.0,-28.0,-39.0,-72.0,-65.0,-85.0,-53.0,-66.0,-65.0,-84.0,-49.0,-100.0,-100.0,-100.0,-38.0,-64.0,-47.0,-100.0,-100.0,-39.0,-64.0,-47.0,-100.0,-100.0,-58.0,-72.0,-100.0,-65.0,-56.0,-59.0,-79.0,-88.0,-80.0,-87.0,-78.0,-100.0,-100.0,-100.0,-100.0,-69.0,-83.0,-76.0,-100.0,-71.0,-100.0,-100.0,-68.0,-74.0,-88.0,-100.0,-78.0,-100.0,-100.0,-82.0,-100.0,-83.0,-100.0,-100.0,-100.0,-100.0,-100.0,-100.0,-100.0,-100.0,-100.0,-100.0,-100.0,-100.0,-100.0,-100.0,-100.0,-100.0,-100.0,-100.0,-100.0,-100.0,-100.0,-100.0,-100.0,-100.0,-100.0,-100.0,-100.0,-100.0,-100.0,-100.0,-100.0,-100.0,-100.0,-100.0,-100.0,-100.0,-100.0,-100.0,-100.0,-100.0,-100.0,-100.0,-100.0,-100.0,-100.0,-100.0,-100.0,-100.0,-100.0,-100.0,-100.0,-100.0,-100.0,-100.0,-100.0
2021.01.19 085553,20.0,24.0,37.36631512280702,11.071929567251463,-31.885613590643278,0.08311353917660819,1.0803920063157895,9.63337174269006,-0.00013685887573099465,-0.0026367907973146197,0.0009334199321637427,-0.11170149869040435,-0.008603061932991408,-1.2024438053543804,1024.547811111111,-100.0,-100.0,-100.0,-100.0,-100.0,-100.0,-100.0,-100.0,-100.0,-100.0,-100.0,-100.0,-100.0,-100.0,-100.0,-62.0,-52.0,-75.0,-100.0,-100.0,-100.0,-53.0,-75.0,-58.0,-81.0,-100.0,-58.0,-63.0,-69.0,-100.0,-100.0,-100.0,-100.0,-100.0,-55.0,-51.0,-23.0,-38.0,-81.0,-100.0,-100.0,-58.0,-70.0,-58.0,-51.0,-61.0,-25.0,-38.0,-81.0,-100.0,-100.0,-58.0,-71.0,-59.0,-87.0,-40.0,-100.0,-74.0,-100.0,-48.0,-66.0,-49.0,-75.0,-100.0,-49.0,-67.0,-48.0,-100.0,-100.0,-58.0,-100.0,-55.0,-100.0,-61.0,-61.0,-79.0,-84.0,-79.0,-84.0,-82.0,-100.0,-73.0,-100.0,-73.0,-59.0,-80.0,-76.0,-72.0,-70.0,-100.0,-100.0,-100.0,-100.0,-88.0,-71.0,-100.0,-100.0,-100.0,-100.0,-100.0,-100.0,-100.0,-78.0,-100.0,-100.0,-100.0,-100.0,-100.0,-100.0,-100.0,-100.0,-100.0,-100.0,-100.0,-100.0,-100.0,-100.0,-100.0,-100.0,-100.0,-100.0,-100.0,-100.0,-100.0,-100.0,-100.0,-100.0,-100.0,-100.0,-100.0,-100.0,-100.0,-100.0,-100.0,-100.0,-100.0,-100.0,-100.0,-100.0,-100.0,-100.0,-100.0,-100.0,-100.0,-100.0,-100.0,-100.0,-100.0,-100.0,-100.0,-100.0,-100.0,-100.0,-100.0,-100.0,-100.0
2021.01.19 085716,26.0,24.0,39.65890189634146,11.278536289634149,-35.005609335365854,0.04690734767926829,1.0486631667073172,9.645715625,-0.002763509720121951,-0.003163075130858537,-0.0030468319559756097,-0.10829027274214635,-0.0048584207832053595,-1.2110762734238694,1024.5593914634146,-100.0,-100.0,-100.0,-100.0,-100.0,-100.0,-100.0,-100.0,-71.0,-100.0,-100.0,-100.0,-100.0,-100.0,-100.0,-59.0,-59.0,-71.0,-100.0,-100.0,-59.0,-56.0,-71.0,-58.0,-100.0,-100.0,-59.0,-58.0,-100.0,-100.0,-100.0,-81.0,-100.0,-100.0,-57.0,-58.0,-29.0,-41.0,-80.0,-100.0,-100.0,-100.0,-70.0,-57.0,-59.0,-50.0,-29.0,-41.0,-80.0,-100.0,-100.0,-100.0,-71.0,-57.0,-88.0,-41.0,-100.0,-100.0,-100.0,-100.0,-66.0,-47.0,-100.0,-100.0,-100.0,-66.0,-47.0,-100.0,-100.0,-100.0,-100.0,-100.0,-63.0,-100.0,-52.0,-82.0,-85.0,-81.0,-86.0,-100.0,-100.0,-100.0,-100.0,-100.0,-68.0,-85.0,-77.0,-100.0,-71.0,-100.0,-100.0,-66.0,-69.0,-88.0,-100.0,-70.0,-100.0,-100.0,-100.0,-100.0,-100.0,-100.0,-80.0,-84.0,-100.0,-100.0,-100.0,-100.0,-100.0,-100.0,-100.0,-100.0,-100.0,-100.0,-100.0,-100.0,-100.0,-100.0,-100.0,-100.0,-100.0,-100.0,-100.0,-100.0,-100.0,-100.0,-100.0,-100.0,-100.0,-100.0,-100.0,-100.0,-100.0,-100.0,-100.0,-100.0,-100.0,-100.0,-100.0,-100.0,-100.0,-100.0,-100.0,-100.0,-100.0,-100.0,-100.0,-100.0,-100.0,-100.0,-100.0,-100.0,-100.0,-100.0,-100.0,-100.0
2021.01.19 085729,27.0,24.0,36.563189625766874,13.69766833435583,-31.99730021472393,0.013675275585276071,1.1521456073619631,9.627467187116563,0.0011933121638036809,-0.005007622138868712,-0.003396002233742331,-0.11909521334558903,-0.0014151893801708664,-1.1270100375625984,1024.5685809815952,-100.0,-100.0,-100.0,-100.0,-100.0,-100.0,-100.0,-100.0,-100.0,-100.0,-100.0,-100.0,-100.0,-69.0,-100.0,-63.0,-57.0,-71.0,-70.0,-100.0,-63.0,-56.0,-71.0,-74.0,-100.0,-100.0,-70.0,-49.0,-100.0,-100.0,-100.0,-100.0,-100.0,-100.0,-100.0,-59.0,-44.0,-59.0,-83.0,-78.0,-100.0,-63.0,-74.0,-49.0,-59.0,-48.0,-43.0,-59.0,-83.0,-100.0,-100.0,-61.0,-74.0,-49.0,-100.0,-57.0,-100.0,-81.0,-100.0,-56.0,-80.0,-42.0,-81.0,-100.0,-56.0,-80.0,-42.0,-100.0,-100.0,-100.0,-66.0,-100.0,-100.0,-100.0,-48.0,-69.0,-82.0,-70.0,-82.0,-75.0,-100.0,-100.0,-100.0,-100.0,-71.0,-81.0,-69.0,-58.0,-71.0,-100.0,-70.0,-81.0,-100.0,-78.0,-100.0,-63.0,-100.0,-100.0,-100.0,-100.0,-100.0,-100.0,-100.0,-100.0,-51.0,-67.0,-65.0,-100.0,-100.0,-100.0,-100.0,-100.0,-100.0,-100.0,-100.0,-100.0,-100.0,-100.0,-100.0,-100.0,-100.0,-100.0,-100.0,-100.0,-100.0,-100.0,-100.0,-100.0,-100.0,-100.0,-100.0,-100.0,-100.0,-100.0,-100.0,-100.0,-100.0,-100.0,-100.0,-100.0,-100.0,-100.0,-100.0,-100.0,-100.0,-100.0,-100.0,-100.0,-100.0,-100.0,-100.0,-100.0,-100.0,-100.0,-100.0,-100.0
2021.01.19 085918,28.0,24.0,34.66463375609756,15.873292371951221,-29.82695081097561,0.2800279585304878,0.8357478975609756,9.656781832317073,-0.005598073306402438,-0.003360488905307317,0.005542529409878049,-0.08628950820009153,-0.028963466986968344,-1.0949381873375033,1024.5896213414635,-100.0,-100.0,-100.0,-100.0,-100.0,-100.0,-100.0,-100.0,-72.0,-100.0,-100.0,-100.0,-100.0,-61.0,-89.0,-60.0,-58.0,-72.0,-59.0,-88.0,-60.0,-56.0,-72.0,-72.0,-100.0,-100.0,-77.0,-49.0,-82.0,-100.0,-100.0,-100.0,-100.0,-100.0,-100.0,-100.0,-46.0,-59.0,-76.0,-81.0,-100.0,-57.0,-71.0,-48.0,-63.0,-51.0,-45.0,-59.0,-76.0,-100.0,-100.0,-56.0,-71.0,-48.0,-100.0,-60.0,-100.0,-100.0,-100.0,-100.0,-80.0,-41.0,-100.0,-100.0,-100.0,-80.0,-41.0,-100.0,-100.0,-100.0,-60.0,-100.0,-100.0,-70.0,-51.0,-73.0,-79.0,-73.0,-79.0,-72.0,-100.0,-100.0,-68.0,-100.0,-100.0,-100.0,-63.0,-66.0,-100.0,-100.0,-63.0,-83.0,-100.0,-67.0,-100.0,-61.0,-100.0,-100.0,-100.0,-100.0,-100.0,-100.0,-100.0,-100.0,-46.0,-100.0,-64.0,-100.0,-100.0,-100.0,-100.0,-100.0,-100.0,-100.0,-100.0,-100.0,-100.0,-100.0,-100.0,-100.0,-100.0,-100.0,-100.0,-100.0,-100.0,-100.0,-100.0,-100.0,-100.0,-100.0,-100.0,-100.0,-100.0,-100.0,-100.0,-100.0,-100.0,-100.0,-100.0,-100.0,-100.0,-100.0,-100.0,-100.0,-100.0,-100.0,-100.0,-100.0,-100.0,-100.0,-100.0,-100.0,-100.0,-100.0,-100.0,-100.0
2021.01.19 085932,29.0,24.0,35.55864972392638,14.549447585889569,-28.436686834355825,0.3014289158282209,0.9631741574233128,9.636956119631904,-0.0016399034957055214,-0.0030101302168895703,-0.0023466632233128835,-0.09956831407327589,-0.03126466186842848,-1.129744061663107,1024.5899858895707,-100.0,-100.0,-100.0,-100.0,-100.0,-100.0,-100.0,-100.0,-100.0,-100.0,-100.0,-100.0,-100.0,-70.0,-100.0,-58.0,-100.0,-71.0,-69.0,-100.0,-58.0,-100.0,-71.0,-100.0,-100.0,-100.0,-80.0,-48.0,-100.0,-100.0,-100.0,-100.0,-100.0,-100.0,-100.0,-68.0,-49.0,-59.0,-75.0,-100.0,-100.0,-58.0,-70.0,-45.0,-62.0,-52.0,-49.0,-59.0,-76.0,-100.0,-100.0,-57.0,-70.0,-45.0,-100.0,-55.0,-100.0,-81.0,-100.0,-67.0,-81.0,-32.0,-80.0,-100.0,-100.0,-81.0,-33.0,-100.0,-100.0,-100.0,-67.0,-100.0,-66.0,-100.0,-48.0,-69.0,-79.0,-69.0,-79.0,-75.0,-100.0,-100.0,-66.0,-100.0,-100.0,-85.0,-56.0,-69.0,-74.0,-100.0,-100.0,-77.0,-100.0,-71.0,-100.0,-64.0,-100.0,-100.0,-100.0,-100.0,-100.0,-100.0,-75.0,-68.0,-54.0,-100.0,-100.0,-79.0,-89.0,-100.0,-100.0,-100.0,-100.0,-100.0,-100.0,-100.0,-100.0,-100.0,-100.0,-100.0,-100.0,-100.0,-100.0,-100.0,-100.0,-100.0,-100.0,-100.0,-100.0,-100.0,-100.0,-100.0,-100.0,-100.0,-100.0,-100.0,-100.0,-100.0,-100.0,-100.0,-100.0,-100.0,-100.0,-100.0,-100.0,-100.0,-100.0,-100.0,-100.0,-100.0,-100.0,-100.0,-100.0,-100.0,-100.0,-100.0
2021.01.19 085945,30.0,24.0,36.82993973053893,13.66526918263473,-27.630179203592814,0.24615152101796411,0.8519460591616768,9.647565517964074,-1.0779862275448871e-05,-0.0033951047619784425,-0.0017354389140119759,-0.0880444010351589,-0.025509821216225408,-1.1684856471901168,1024.5863101796406,-100.0,-100.0,-100.0,-100.0,-100.0,-100.0,-100.0,-100.0,-100.0,-100.0,-100.0,-100.0,-73.0,-100.0,-100.0,-58.0,-53.0,-72.0,-100.0,-100.0,-57.0,-53.0,-72.0,-100.0,-100.0,-100.0,-100.0,-50.0,-100.0,-100.0,-100.0,-84.0,-100.0,-100.0,-77.0,-62.0,-46.0,-59.0,-77.0,-100.0,-100.0,-54.0,-72.0,-42.0,-62.0,-47.0,-46.0,-59.0,-77.0,-100.0,-100.0,-55.0,-72.0,-42.0,-100.0,-60.0,-100.0,-100.0,-100.0,-59.0,-84.0,-38.0,-100.0,-100.0,-61.0,-84.0,-39.0,-100.0,-100.0,-64.0,-62.0,-100.0,-100.0,-100.0,-49.0,-67.0,-81.0,-68.0,-82.0,-71.0,-66.0,-68.0,-66.0,-68.0,-83.0,-87.0,-64.0,-100.0,-83.0,-100.0,-75.0,-100.0,-100.0,-76.0,-100.0,-57.0,-100.0,-100.0,-100.0,-100.0,-100.0,-100.0,-75.0,-72.0,-56.0,-100.0,-100.0,-84.0,-100.0,-88.0,-100.0,-100.0,-100.0,-100.0,-100.0,-100.0,-100.0,-100.0,-100.0,-100.0,-100.0,-100.0,-100.0,-100.0,-100.0,-100.0,-100.0,-100.0,-100.0,-100.0,-100.0,-100.0,-100.0,-100.0,-100.0,-100.0,-100.0,-100.0,-100.0,-100.0,-100.0,-100.0,-100.0,-100.0,-100.0,-100.0,-100.0,-100.0,-100.0,-100.0,-100.0,-100.0,-100.0,-100.0,-100.0,-100.0
2021.01.19 085959,31.0,24.0,38.94141956213017,13.1190529852071,-29.340354562130177,0.15262439282840237,0.8643898743786983,9.651562606508875,-0.0014408792334319527,-0.004891046261394083,-0.0033112257060355027,-0.08932274615270848,-0.01578572685499643,-1.1930545667219443,1024.5799390532545,-100.0,-100.0,-100.0,-100.0,-100.0,-100.0,-100.0,-100.0,-100.0,-100.0,-100.0,-100.0,-74.0,-100.0,-90.0,-62.0,-52.0,-68.0,-100.0,-90.0,-100.0,-53.0,-68.0,-100.0,-100.0,-100.0,-79.0,-47.0,-100.0,-100.0,-100.0,-88.0,-100.0,-100.0,-74.0,-61.0,-53.0,-64.0,-77.0,-72.0,-100.0,-58.0,-71.0,-41.0,-64.0,-43.0,-53.0,-64.0,-78.0,-72.0,-100.0,-58.0,-71.0,-41.0,-100.0,-57.0,-100.0,-100.0,-100.0,-57.0,-86.0,-31.0,-100.0,-100.0,-61.0,-85.0,-31.0,-100.0,-100.0,-100.0,-57.0,-100.0,-100.0,-100.0,-43.0,-65.0,-81.0,-65.0,-81.0,-100.0,-67.0,-66.0,-67.0,-100.0,-100.0,-90.0,-57.0,-100.0,-82.0,-100.0,-100.0,-85.0,-100.0,-83.0,-100.0,-58.0,-100.0,-100.0,-100.0,-100.0,-100.0,-100.0,-100.0,-68.0,-57.0,-100.0,-100.0,-100.0,-100.0,-100.0,-81.0,-85.0,-86.0,-100.0,-100.0,-100.0,-100.0,-100.0,-100.0,-100.0,-100.0,-100.0,-100.0,-100.0,-100.0,-100.0,-100.0,-100.0,-100.0,-100.0,-100.0,-100.0,-100.0,-100.0,-100.0,-100.0,-100.0,-100.0,-100.0,-100.0,-100.0,-100.0,-100.0,-100.0,-100.0,-100.0,-100.0,-100.0,-100.0,-100.0,-100.0,-100.0,-100.0,-100.0,-100.0,-100.0
2021.01.19 090122,37.0,24.0,26.726295981481474,-2.3944444160493825,-26.790740351851856,0.2017546003518518,0.9073562544444445,9.653996885802469,-0.0005137376975308637,-0.0027572571879975315,0.0006887166733333334,-0.09368685269613321,-0.020876958984939086,-1.5682332773267487,1024.5740796296298,-100.0,-100.0,-100.0,-100.0,-100.0,-100.0,-100.0,-100.0,-68.0,-100.0,-100.0,-100.0,-100.0,-72.0,-100.0,-56.0,-57.0,-65.0,-100.0,-100.0,-48.0,-57.0,-64.0,-100.0,-100.0,-100.0,-100.0,-50.0,-100.0,-100.0,-100.0,-100.0,-100.0,-100.0,-100.0,-100.0,-47.0,-68.0,-84.0,-100.0,-100.0,-64.0,-75.0,-41.0,-100.0,-44.0,-47.0,-69.0,-85.0,-100.0,-100.0,-65.0,-75.0,-41.0,-100.0,-57.0,-100.0,-100.0,-100.0,-68.0,-91.0,-27.0,-100.0,-100.0,-80.0,-90.0,-27.0,-100.0,-100.0,-100.0,-60.0,-100.0,-100.0,-73.0,-44.0,-67.0,-79.0,-67.0,-79.0,-70.0,-56.0,-64.0,-58.0,-65.0,-100.0,-88.0,-57.0,-100.0,-100.0,-100.0,-74.0,-100.0,-100.0,-82.0,-86.0,-57.0,-100.0,-100.0,-100.0,-80.0,-100.0,-100.0,-100.0,-100.0,-63.0,-84.0,-100.0,-100.0,-90.0,-100.0,-100.0,-100.0,-83.0,-100.0,-100.0,-100.0,-100.0,-100.0,-100.0,-100.0,-100.0,-100.0,-100.0,-100.0,-100.0,-100.0,-100.0,-100.0,-100.0,-100.0,-100.0,-100.0,-100.0,-100.0,-100.0,-100.0,-100.0,-100.0,-100.0,-100.0,-100.0,-100.0,-100.0,-100.0,-100.0,-100.0,-100.0,-100.0,-100.0,-100.0,-100.0,-100.0,-100.0,-100.0,-100.0,-100.0
2021.01.19 090143,38.0,24.0,24.213864748466257,-1.8750919955214722,-23.667607141104295,0.14135034641349695,1.0128810621472393,9.647590822085888,-0.0015162312886503068,-0.002328059860420859,-0.0014359867552147239,-0.10459093754094066,-0.014648964660002184,-1.547483629975582,1024.5692159509204,-66.0,-100.0,-100.0,-100.0,-100.0,-100.0,-100.0,-100.0,-69.0,-88.0,-100.0,-100.0,-100.0,-60.0,-88.0,-52.0,-58.0,-69.0,-65.0,-88.0,-52.0,-58.0,-69.0,-78.0,-100.0,-100.0,-86.0,-53.0,-100.0,-100.0,-100.0,-100.0,-100.0,-100.0,-100.0,-73.0,-54.0,-73.0,-76.0,-78.0,-100.0,-61.0,-73.0,-45.0,-100.0,-43.0,-53.0,-73.0,-75.0,-79.0,-100.0,-61.0,-73.0,-45.0,-100.0,-69.0,-100.0,-100.0,-100.0,-72.0,-100.0,-46.0,-100.0,-100.0,-70.0,-100.0,-47.0,-100.0,-100.0,-100.0,-61.0,-100.0,-100.0,-100.0,-45.0,-70.0,-72.0,-70.0,-72.0,-56.0,-56.0,-54.0,-55.0,-53.0,-100.0,-100.0,-61.0,-100.0,-100.0,-100.0,-73.0,-100.0,-100.0,-83.0,-100.0,-67.0,-100.0,-100.0,-100.0,-100.0,-100.0,-100.0,-100.0,-62.0,-100.0,-100.0,-100.0,-100.0,-88.0,-100.0,-65.0,-82.0,-75.0,-87.0,-69.0,-80.0,-100.0,-100.0,-100.0,-100.0,-100.0,-100.0,-100.0,-100.0,-100.0,-100.0,-100.0,-100.0,-100.0,-100.0,-100.0,-100.0,-100.0,-100.0,-100.0,-100.0,-100.0,-100.0,-100.0,-100.0,-100.0,-100.0,-100.0,-100.0,-100.0,-100.0,-100.0,-100.0,-100.0,-100.0,-100.0,-100.0,-100.0,-100.0,-100.0,-100.0
2021.01.19 090157,39.0,24.0,22.20962939506173,1.1618518274074074,-22.957407129629626,0.1514452720148148,0.9849337146296296,9.64091700617284,-0.0009963964555555558,-0.0037602828026888887,0.0010280862260493827,-0.1018015209263489,-0.01568963713361877,-1.4186979201104906,1024.566988271605,-100.0,-100.0,-100.0,-100.0,-100.0,-100.0,-100.0,-100.0,-100.0,-100.0,-100.0,-100.0,-100.0,-68.0,-100.0,-53.0,-57.0,-68.0,-100.0,-100.0,-53.0,-56.0,-68.0,-100.0,-100.0,-100.0,-100.0,-59.0,-100.0,-100.0,-100.0,-100.0,-100.0,-100.0,-100.0,-79.0,-56.0,-75.0,-79.0,-100.0,-100.0,-60.0,-78.0,-55.0,-79.0,-52.0,-56.0,-75.0,-79.0,-100.0,-100.0,-61.0,-78.0,-55.0,-100.0,-100.0,-100.0,-100.0,-100.0,-100.0,-100.0,-52.0,-100.0,-100.0,-77.0,-100.0,-52.0,-100.0,-100.0,-83.0,-61.0,-100.0,-100.0,-100.0,-52.0,-71.0,-71.0,-71.0,-71.0,-52.0,-56.0,-100.0,-58.0,-100.0,-100.0,-100.0,-72.0,-100.0,-89.0,-100.0,-100.0,-100.0,-100.0,-90.0,-100.0,-71.0,-100.0,-100.0,-100.0,-100.0,-100.0,-73.0,-100.0,-51.0,-100.0,-100.0,-100.0,-100.0,-87.0,-100.0,-66.0,-82.0,-78.0,-78.0,-100.0,-100.0,-100.0,-100.0,-100.0,-100.0,-100.0,-100.0,-100.0,-100.0,-100.0,-100.0,-100.0,-100.0,-100.0,-100.0,-100.0,-100.0,-100.0,-100.0,-100.0,-100.0,-100.0,-100.0,-100.0,-100.0,-100.0,-100.0,-100.0,-100.0,-100.0,-100.0,-100.0,-100.0,-100.0,-100.0,-100.0,-100.0,-100.0,-100.0,-100.0,-100.0
2021.01.19 090210,40.0,24.0,21.469580568862277,8.018442893413173,-24.635927832335327,0.26863189861676645,0.8596736852095807,9.656884529940122,-0.0031419214332335335,-0.0026781613471437123,0.002076067643952096,-0.08878974683448937,-0.02782066208366189,-1.1420815433570726,1024.561825748503,-100.0,-100.0,-100.0,-100.0,-100.0,-100.0,-100.0,-100.0,-69.0,-100.0,-100.0,-100.0,-100.0,-65.0,-85.0,-52.0,-61.0,-60.0,-100.0,-86.0,-51.0,-61.0,-60.0,-100.0,-100.0,-100.0,-86.0,-60.0,-100.0,-100.0,-100.0,-100.0,-100.0,-100.0,-100.0,-82.0,-60.0,-73.0,-79.0,-100.0,-100.0,-100.0,-79.0,-61.0,-85.0,-59.0,-59.0,-73.0,-78.0,-100.0,-100.0,-62.0,-78.0,-61.0,-100.0,-100.0,-100.0,-100.0,-100.0,-100.0,-100.0,-48.0,-100.0,-100.0,-100.0,-100.0,-48.0,-100.0,-100.0,-100.0,-63.0,-100.0,-100.0,-100.0,-58.0,-73.0,-64.0,-73.0,-64.0,-54.0,-56.0,-55.0,-57.0,-55.0,-100.0,-100.0,-66.0,-100.0,-89.0,-100.0,-100.0,-100.0,-100.0,-88.0,-100.0,-100.0,-100.0,-100.0,-100.0,-100.0,-100.0,-100.0,-100.0,-60.0,-100.0,-100.0,-100.0,-100.0,-100.0,-100.0,-67.0,-86.0,-78.0,-100.0,-67.0,-81.0,-78.0,-82.0,-65.0,-82.0,-89.0,-82.0,-90.0,-100.0,-100.0,-100.0,-100.0,-100.0,-100.0,-100.0,-100.0,-100.0,-100.0,-100.0,-100.0,-100.0,-100.0,-100.0,-100.0,-100.0,-100.0,-100.0,-100.0,-100.0,-100.0,-100.0,-100.0,-100.0,-100.0,-100.0,-100.0,-100.0,-100.0,-100.0,-100.0,-100.0
2021.01.19 090331,46.0,24.0,31.00259220987655,14.338518296296298,-26.86555525925926,0.1483120227345679,0.8820390141975307,9.64724261111111,-0.0007249011024691361,-0.0028364433966395065,-0.00035955826234567893,-0.09116945181179925,-0.015367892348742135,-1.0824980662192827,1024.5257820987656,-100.0,-100.0,-100.0,-100.0,-100.0,-100.0,-100.0,-78.0,-60.0,-100.0,-100.0,-100.0,-67.0,-66.0,-82.0,-55.0,-55.0,-60.0,-67.0,-83.0,-54.0,-54.0,-60.0,-100.0,-100.0,-100.0,-100.0,-63.0,-100.0,-100.0,-100.0,-100.0,-100.0,-100.0,-100.0,-100.0,-59.0,-72.0,-80.0,-100.0,-100.0,-100.0,-75.0,-64.0,-100.0,-54.0,-59.0,-71.0,-80.0,-100.0,-100.0,-100.0,-76.0,-64.0,-100.0,-100.0,-100.0,-100.0,-100.0,-79.0,-90.0,-49.0,-88.0,-100.0,-100.0,-90.0,-50.0,-100.0,-100.0,-100.0,-58.0,-100.0,-81.0,-100.0,-55.0,-75.0,-64.0,-76.0,-64.0,-58.0,-62.0,-53.0,-62.0,-52.0,-100.0,-100.0,-80.0,-100.0,-100.0,-100.0,-100.0,-100.0,-100.0,-100.0,-100.0,-100.0,-100.0,-100.0,-100.0,-70.0,-100.0,-70.0,-100.0,-58.0,-100.0,-100.0,-100.0,-100.0,-89.0,-100.0,-71.0,-100.0,-82.0,-82.0,-100.0,-100.0,-79.0,-79.0,-100.0,-100.0,-91.0,-100.0,-90.0,-100.0,-100.0,-100.0,-100.0,-100.0,-100.0,-100.0,-100.0,-100.0,-100.0,-100.0,-100.0,-100.0,-100.0,-100.0,-100.0,-100.0,-100.0,-100.0,-100.0,-100.0,-100.0,-100.0,-100.0,-100.0,-100.0,-100.0,-100.0,-100.0,-100.0,-100.0,-100.0,-100.0
2021.01.19 090345,47.0,24.0,32.20482307647059,16.54164685882353,-25.769999700000003,0.10343267111882351,0.9168382418235294,9.647786685294118,0.0006001929864705884,-0.0024475214485776466,-0.0015447343623529414,-0.0947078717543798,-0.01072010456700805,-1.0442410889793845,1024.5162288235294,-51.0,-100.0,-100.0,-100.0,-100.0,-100.0,-100.0,-100.0,-62.0,-100.0,-100.0,-100.0,-100.0,-69.0,-78.0,-56.0,-100.0,-66.0,-64.0,-79.0,-55.0,-100.0,-66.0,-100.0,-100.0,-100.0,-100.0,-65.0,-100.0,-100.0,-100.0,-100.0,-100.0,-100.0,-100.0,-100.0,-52.0,-75.0,-70.0,-100.0,-100.0,-57.0,-77.0,-68.0,-100.0,-63.0,-61.0,-75.0,-70.0,-80.0,-100.0,-100.0,-78.0,-68.0,-100.0,-100.0,-100.0,-100.0,-100.0,-100.0,-100.0,-59.0,-100.0,-100.0,-100.0,-100.0,-59.0,-100.0,-100.0,-100.0,-66.0,-100.0,-100.0,-100.0,-61.0,-84.0,-50.0,-84.0,-50.0,-56.0,-70.0,-30.0,-70.0,-30.0,-100.0,-100.0,-100.0,-100.0,-89.0,-100.0,-100.0,-100.0,-100.0,-100.0,-100.0,-84.0,-100.0,-100.0,-100.0,-59.0,-100.0,-58.0,-100.0,-100.0,-100.0,-100.0,-100.0,-100.0,-70.0,-100.0,-100.0,-70.0,-76.0,-100.0,-57.0,-100.0,-100.0,-58.0,-55.0,-100.0,-83.0,-100.0,-83.0,-75.0,-87.0,-64.0,-87.0,-71.0,-100.0,-100.0,-100.0,-100.0,-100.0,-100.0,-100.0,-100.0,-100.0,-100.0,-100.0,-100.0,-100.0,-100.0,-100.0,-100.0,-100.0,-100.0,-100.0,-100.0,-100.0,-100.0,-100.0,-100.0,-100.0,-100.0,-100.0,-100.0
2021.01.19 090358,48.0,24.0,32.7571592189349,15.299289591715976,-23.94994056213018,0.07430752325680473,1.0076921790532545,9.630538301775147,-0.0002733675310650887,-0.0021295015608639046,0.0008347058396449705,-0.10426271984563067,-0.007733449120169119,-1.078023128960965,1024.5119254437868,-54.0,-100.0,-100.0,-100.0,-100.0,-100.0,-89.0,-100.0,-57.0,-100.0,-63.0,-100.0,-100.0,-56.0,-76.0,-100.0,-100.0,-57.0,-57.0,-76.0,-100.0,-100.0,-58.0,-100.0,-100.0,-100.0,-100.0,-100.0,-100.0,-100.0,-100.0,-100.0,-100.0,-100.0,-100.0,-100.0,-60.0,-73.0,-74.0,-100.0,-100.0,-100.0,-77.0,-70.0,-100.0,-100.0,-59.0,-73.0,-74.0,-100.0,-100.0,-100.0,-77.0,-70.0,-100.0,-100.0,-100.0,-100.0,-100.0,-76.0,-100.0,-58.0,-100.0,-100.0,-76.0,-100.0,-58.0,-100.0,-100.0,-100.0,-100.0,-100.0,-100.0,-100.0,-100.0,-87.0,-42.0,-88.0,-42.0,-54.0,-100.0,-40.0,-100.0,-40.0,-100.0,-100.0,-100.0,-100.0,-100.0,-100.0,-100.0,-100.0,-100.0,-100.0,-100.0,-100.0,-100.0,-100.0,-100.0,-64.0,-100.0,-67.0,-100.0,-100.0,-100.0,-100.0,-100.0,-100.0,-73.0,-100.0,-100.0,-66.0,-73.0,-100.0,-51.0,-100.0,-69.0,-63.0,-100.0,-100.0,-80.0,-100.0,-80.0,-72.0,-100.0,-68.0,-100.0,-68.0,-63.0,-100.0,-100.0,-100.0,-100.0,-100.0,-100.0,-100.0,-100.0,-100.0,-100.0,-100.0,-100.0,-100.0,-100.0,-100.0,-100.0,-100.0,-100.0,-100.0,-100.0,-100.0,-100.0,-100.0,-100.0,-100.0,-100.0,-100.0
2021.01.19 090412,49.0,24.0,33.57444425925926,12.597036833333334,-22.22703674074074,0.13258666252469134,1.1241859166666666,9.619649311728395,0.000723075822839507,-0.003394517770112346,-0.0013776670922222222,-0.11632566158602263,-0.013781188974307414,-1.152927319208781,1024.5073419753087,-55.0,-100.0,-100.0,-100.0,-100.0,-100.0,-88.0,-100.0,-53.0,-100.0,-100.0,-100.0,-100.0,-54.0,-75.0,-60.0,-100.0,-56.0,-54.0,-75.0,-60.0,-100.0,-56.0,-100.0,-100.0,-100.0,-100.0,-71.0,-100.0,-100.0,-100.0,-100.0,-100.0,-100.0,-100.0,-100.0,-100.0,-75.0,-74.0,-100.0,-100.0,-68.0,-76.0,-67.0,-100.0,-100.0,-100.0,-75.0,-74.0,-100.0,-100.0,-100.0,-76.0,-67.0,-100.0,-100.0,-100.0,-100.0,-100.0,-81.0,-100.0,-62.0,-100.0,-100.0,-100.0,-100.0,-61.0,-100.0,-100.0,-100.0,-100.0,-100.0,-100.0,-100.0,-100.0,-87.0,-48.0,-87.0,-48.0,-55.0,-100.0,-43.0,-100.0,-42.0,-100.0,-100.0,-100.0,-100.0,-100.0,-100.0,-100.0,-100.0,-100.0,-100.0,-100.0,-100.0,-100.0,-100.0,-100.0,-61.0,-100.0,-61.0,-100.0,-100.0,-100.0,-90.0,-100.0,-100.0,-80.0,-100.0,-100.0,-62.0,-69.0,-100.0,-100.0,-100.0,-71.0,-62.0,-100.0,-100.0,-80.0,-100.0,-80.0,-75.0,-84.0,-67.0,-100.0,-67.0,-62.0,-84.0,-88.0,-100.0,-100.0,-100.0,-100.0,-100.0,-100.0,-100.0,-100.0,-100.0,-100.0,-100.0,-100.0,-100.0,-100.0,-100.0,-100.0,-100.0,-100.0,-100.0,-100.0,-100.0,-100.0,-100.0,-100.0,-100.0
2021.01.19 090533,55.0,24.0,36.77192932163743,9.543508587719298,-19.5101751871345,0.1384758931637427,0.9930639826315788,9.63768419883041,-0.001022792024853801,-0.003386976250078363,-0.00070984323497076,-0.10268237467920567,-0.014393989454235905,-1.2712199632187335,1024.4774707602337,-52.0,-100.0,-100.0,-100.0,-100.0,-100.0,-82.0,-63.0,-55.0,-79.0,-63.0,-100.0,-100.0,-55.0,-75.0,-57.0,-43.0,-54.0,-56.0,-75.0,-57.0,-41.0,-54.0,-100.0,-100.0,-100.0,-100.0,-100.0,-100.0,-100.0,-100.0,-100.0,-100.0,-100.0,-100.0,-100.0,-62.0,-73.0,-73.0,-100.0,-100.0,-69.0,-76.0,-65.0,-100.0,-100.0,-62.0,-74.0,-73.0,-100.0,-100.0,-62.0,-76.0,-66.0,-100.0,-100.0,-100.0,-100.0,-100.0,-83.0,-100.0,-56.0,-100.0,-100.0,-82.0,-100.0,-65.0,-100.0,-100.0,-100.0,-100.0,-100.0,-100.0,-100.0,-100.0,-89.0,-49.0,-89.0,-49.0,-56.0,-100.0,-37.0,-100.0,-37.0,-100.0,-100.0,-100.0,-100.0,-100.0,-100.0,-100.0,-100.0,-100.0,-100.0,-100.0,-100.0,-100.0,-100.0,-100.0,-70.0,-100.0,-72.0,-100.0,-100.0,-100.0,-100.0,-100.0,-100.0,-71.0,-100.0,-82.0,-65.0,-73.0,-91.0,-54.0,-100.0,-100.0,-61.0,-51.0,-100.0,-81.0,-100.0,-81.0,-70.0,-100.0,-65.0,-100.0,-65.0,-61.0,-86.0,-100.0,-88.0,-84.0,-100.0,-100.0,-100.0,-100.0,-100.0,-100.0,-100.0,-100.0,-100.0,-100.0,-100.0,-100.0,-100.0,-100.0,-100.0,-100.0,-100.0,-100.0,-100.0,-100.0,-100.0,-100.0,-100.0
2021.01.19 090547,56.0,24.0,35.22841429878049,7.251585241463414,-19.15207294512195,0.14889761394268294,1.0812924627439024,9.635218838414634,-0.00036847097743902444,-0.004541246734209756,-0.002525361539390244,-0.111745105374877,-0.015434676465768574,-1.3150878672192736,1024.4755951219513,-78.0,-100.0,-100.0,-100.0,-100.0,-100.0,-77.0,-100.0,-58.0,-68.0,-59.0,-100.0,-55.0,-50.0,-70.0,-57.0,-44.0,-49.0,-50.0,-69.0,-57.0,-44.0,-49.0,-100.0,-100.0,-100.0,-100.0,-100.0,-100.0,-100.0,-100.0,-100.0,-100.0,-100.0,-100.0,-100.0,-64.0,-74.0,-69.0,-100.0,-100.0,-68.0,-80.0,-76.0,-100.0,-100.0,-65.0,-74.0,-69.0,-100.0,-100.0,-100.0,-80.0,-76.0,-100.0,-100.0,-100.0,-100.0,-100.0,-100.0,-100.0,-65.0,-100.0,-100.0,-100.0,-100.0,-65.0,-100.0,-100.0,-100.0,-100.0,-100.0,-100.0,-100.0,-100.0,-100.0,-74.0,-100.0,-74.0,-73.0,-100.0,-59.0,-100.0,-58.0,-100.0,-100.0,-100.0,-100.0,-100.0,-100.0,-100.0,-100.0,-100.0,-100.0,-100.0,-100.0,-100.0,-100.0,-100.0,-74.0,-100.0,-76.0,-100.0,-100.0,-100.0,-100.0,-100.0,-100.0,-67.0,-100.0,-100.0,-67.0,-70.0,-100.0,-54.0,-100.0,-61.0,-100.0,-49.0,-100.0,-100.0,-100.0,-100.0,-100.0,-100.0,-100.0,-100.0,-100.0,-100.0,-84.0,-100.0,-100.0,-83.0,-64.0,-83.0,-100.0,-100.0,-100.0,-100.0,-100.0,-100.0,-100.0,-100.0,-100.0,-100.0,-100.0,-100.0,-100.0,-100.0,-100.0,-100.0,-100.0,-100.0,-100.0,-100.0,-100.0
2021.01.19 090600,57.0,24.0,33.8910708452381,6.8542856130952385,-19.95035688690476,0.14442607642261904,1.140244875297619,9.612927872023809,-0.001440943885416667,-0.0036948329565214292,-0.00011365009119047624,-0.11808337488522128,-0.015001751162691016,-1.310564256140164,1024.4672392857142,-100.0,-100.0,-100.0,-100.0,-100.0,-100.0,-76.0,-59.0,-57.0,-100.0,-54.0,-100.0,-51.0,-44.0,-70.0,-100.0,-36.0,-45.0,-46.0,-70.0,-100.0,-36.0,-45.0,-100.0,-100.0,-100.0,-100.0,-100.0,-100.0,-100.0,-100.0,-100.0,-100.0,-100.0,-100.0,-100.0,-100.0,-75.0,-73.0,-100.0,-100.0,-100.0,-82.0,-71.0,-100.0,-100.0,-100.0,-75.0,-73.0,-100.0,-100.0,-100.0,-82.0,-71.0,-100.0,-100.0,-100.0,-100.0,-100.0,-83.0,-100.0,-100.0,-100.0,-100.0,-83.0,-100.0,-100.0,-100.0,-100.0,-100.0,-100.0,-100.0,-100.0,-100.0,-100.0,-100.0,-71.0,-100.0,-71.0,-74.0,-100.0,-63.0,-100.0,-63.0,-100.0,-100.0,-100.0,-100.0,-100.0,-100.0,-100.0,-100.0,-100.0,-100.0,-100.0,-100.0,-100.0,-100.0,-100.0,-100.0,-100.0,-100.0,-100.0,-100.0,-100.0,-100.0,-100.0,-100.0,-63.0,-100.0,-100.0,-66.0,-75.0,-100.0,-53.0,-100.0,-58.0,-60.0,-47.0,-100.0,-100.0,-100.0,-100.0,-100.0,-100.0,-59.0,-100.0,-59.0,-54.0,-100.0,-100.0,-100.0,-100.0,-100.0,-81.0,-74.0,-90.0,-59.0,-100.0,-100.0,-100.0,-100.0,-100.0,-100.0,-100.0,-100.0,-100.0,-100.0,-100.0,-100.0,-100.0,-100.0,-100.0,-100.0,-100.0,-100.0
2021.01.19 090614,58.0,24.0,32.93137691017964,7.61209567005988,-21.744430916167666,0.12880338219760476,1.0217818595808383,9.632253553892216,-0.001569034909281437,-0.0014235098184011976,3.863082119760442e-05,-0.10567435497295352,-0.013376639777387333,-1.283352967507825,1024.4659449101798,-76.0,-100.0,-100.0,-100.0,-75.0,-86.0,-75.0,-100.0,-56.0,-100.0,-52.0,-100.0,-48.0,-42.0,-70.0,-62.0,-35.0,-41.0,-43.0,-70.0,-63.0,-35.0,-41.0,-100.0,-100.0,-100.0,-100.0,-82.0,-100.0,-100.0,-100.0,-100.0,-100.0,-100.0,-100.0,-100.0,-100.0,-73.0,-72.0,-100.0,-100.0,-100.0,-78.0,-72.0,-100.0,-100.0,-100.0,-73.0,-73.0,-100.0,-100.0,-100.0,-79.0,-72.0,-100.0,-100.0,-100.0,-100.0,-100.0,-100.0,-100.0,-63.0,-100.0,-100.0,-100.0,-100.0,-63.0,-100.0,-100.0,-100.0,-100.0,-100.0,-100.0,-100.0,-100.0,-100.0,-77.0,-100.0,-77.0,-77.0,-100.0,-62.0,-100.0,-63.0,-100.0,-100.0,-100.0,-100.0,-100.0,-100.0,-100.0,-100.0,-100.0,-100.0,-100.0,-100.0,-100.0,-100.0,-100.0,-100.0,-100.0,-100.0,-100.0,-100.0,-100.0,-100.0,-100.0,-100.0,-60.0,-100.0,-100.0,-66.0,-69.0,-100.0,-54.0,-100.0,-61.0,-54.0,-46.0,-100.0,-100.0,-100.0,-100.0,-100.0,-100.0,-59.0,-100.0,-59.0,-53.0,-100.0,-100.0,-70.0,-100.0,-100.0,-84.0,-66.0,-82.0,-62.0,-100.0,-100.0,-100.0,-100.0,-100.0,-100.0,-100.0,-100.0,-100.0,-100.0,-100.0,-100.0,-100.0,-100.0,-100.0,-100.0,-100.0,-100.0
2021.01.19 090735,64.0,24.0,39.40732871428572,15.058136391304346,-24.15763947204969,0.26805467844720493,1.0096998914906834,9.637342785714285,-0.0033233383478260873,-0.0018144935486844721,-0.0011592666001242237,-0.10434956830110605,-0.027805932085984197,-1.161476637265697,1024.482401863354,-83.0,-87.0,-63.0,-100.0,-100.0,-87.0,-72.0,-100.0,-55.0,-65.0,-50.0,-66.0,-48.0,-42.0,-62.0,-49.0,-29.0,-43.0,-42.0,-62.0,-51.0,-29.0,-43.0,-100.0,-100.0,-100.0,-100.0,-100.0,-100.0,-100.0,-100.0,-100.0,-100.0,-100.0,-100.0,-100.0,-100.0,-76.0,-69.0,-78.0,-100.0,-100.0,-77.0,-71.0,-100.0,-100.0,-100.0,-76.0,-69.0,-100.0,-100.0,-100.0,-77.0,-71.0,-100.0,-100.0,-100.0,-100.0,-100.0,-100.0,-100.0,-62.0,-100.0,-100.0,-82.0,-100.0,-62.0,-100.0,-100.0,-100.0,-100.0,-100.0,-100.0,-100.0,-100.0,-100.0,-80.0,-100.0,-80.0,-79.0,-100.0,-64.0,-71.0,-65.0,-100.0,-100.0,-100.0,-100.0,-100.0,-100.0,-100.0,-100.0,-100.0,-100.0,-100.0,-100.0,-100.0,-100.0,-100.0,-100.0,-100.0,-100.0,-100.0,-100.0,-100.0,-100.0,-100.0,-100.0,-72.0,-100.0,-100.0,-66.0,-74.0,-100.0,-100.0,-100.0,-59.0,-62.0,-51.0,-100.0,-100.0,-100.0,-100.0,-100.0,-100.0,-54.0,-100.0,-54.0,-51.0,-100.0,-100.0,-66.0,-100.0,-100.0,-74.0,-65.0,-83.0,-60.0,-80.0,-81.0,-100.0,-100.0,-100.0,-100.0,-100.0,-100.0,-100.0,-100.0,-100.0,-100.0,-100.0,-100.0,-100.0,-100.0,-100.0,-100.0
2021.01.19 090749,65.0,24.0,45.57192239102564,18.279230525641026,-24.323076583333332,0.2233582127820513,0.8846998871153846,9.65294867948718,-0.0006586223903846155,-0.0008743360568166669,-0.0013096480712820513,-0.09136955067515369,-0.02314114867476742,-1.1556423581563509,1024.4830166666668,-100.0,-100.0,-53.0,-91.0,-77.0,-100.0,-65.0,-48.0,-70.0,-67.0,-52.0,-77.0,-59.0,-45.0,-67.0,-51.0,-42.0,-54.0,-44.0,-67.0,-49.0,-43.0,-54.0,-100.0,-100.0,-100.0,-100.0,-100.0,-100.0,-100.0,-100.0,-100.0,-100.0,-100.0,-100.0,-100.0,-59.0,-81.0,-62.0,-100.0,-100.0,-69.0,-83.0,-78.0,-100.0,-100.0,-59.0,-82.0,-62.0,-100.0,-100.0,-100.0,-83.0,-76.0,-100.0,-100.0,-100.0,-100.0,-100.0,-100.0,-100.0,-100.0,-100.0,-100.0,-100.0,-100.0,-100.0,-100.0,-100.0,-100.0,-100.0,-100.0,-100.0,-100.0,-100.0,-100.0,-86.0,-100.0,-86.0,-100.0,-100.0,-70.0,-100.0,-70.0,-100.0,-100.0,-100.0,-100.0,-100.0,-100.0,-100.0,-100.0,-100.0,-100.0,-100.0,-100.0,-100.0,-100.0,-100.0,-100.0,-100.0,-100.0,-100.0,-100.0,-100.0,-100.0,-100.0,-100.0,-80.0,-100.0,-100.0,-81.0,-100.0,-100.0,-63.0,-100.0,-100.0,-70.0,-100.0,-100.0,-100.0,-100.0,-100.0,-100.0,-75.0,-69.0,-100.0,-68.0,-100.0,-100.0,-100.0,-76.0,-100.0,-100.0,-100.0,-65.0,-100.0,-64.0,-100.0,-100.0,-87.0,-100.0,-100.0,-100.0,-100.0,-100.0,-100.0,-100.0,-100.0,-100.0,-100.0,-100.0,-100.0,-100.0,-100.0,-100.0
2021.01.19 090802,66.0,24.0,45.22579811242604,16.53195247337278,-27.798106142011836,0.22578436398343196,1.085768207810651,9.626939849112425,-0.0014770252701183431,-0.001536709233892308,0.002819114177988166,-0.11226890580012244,-0.023451132574349675,-1.1701678503194504,1024.4833562130177,-100.0,-73.0,-61.0,-100.0,-76.0,-100.0,-67.0,-56.0,-69.0,-68.0,-64.0,-100.0,-55.0,-49.0,-67.0,-51.0,-46.0,-59.0,-49.0,-67.0,-48.0,-46.0,-59.0,-100.0,-100.0,-100.0,-100.0,-100.0,-100.0,-100.0,-100.0,-100.0,-100.0,-100.0,-100.0,-100.0,-100.0,-78.0,-64.0,-86.0,-100.0,-100.0,-81.0,-76.0,-100.0,-100.0,-100.0,-79.0,-64.0,-77.0,-100.0,-100.0,-82.0,-76.0,-100.0,-100.0,-100.0,-100.0,-100.0,-100.0,-100.0,-62.0,-100.0,-100.0,-100.0,-100.0,-61.0,-100.0,-100.0,-100.0,-100.0,-100.0,-100.0,-100.0,-100.0,-100.0,-83.0,-100.0,-82.0,-100.0,-100.0,-100.0,-100.0,-100.0,-100.0,-100.0,-100.0,-100.0,-100.0,-100.0,-100.0,-100.0,-100.0,-100.0,-100.0,-100.0,-100.0,-100.0,-100.0,-100.0,-100.0,-100.0,-100.0,-100.0,-100.0,-100.0,-100.0,-100.0,-82.0,-100.0,-100.0,-100.0,-100.0,-100.0,-100.0,-100.0,-65.0,-74.0,-60.0,-100.0,-100.0,-100.0,-100.0,-100.0,-100.0,-62.0,-100.0,-64.0,-100.0,-56.0,-100.0,-75.0,-76.0,-56.0,-100.0,-69.0,-81.0,-69.0,-100.0,-100.0,-100.0,-100.0,-100.0,-100.0,-100.0,-100.0,-100.0,-100.0,-100.0,-100.0,-100.0,-100.0,-100.0,-100.0,-100.0,-100.0
2021.01.19 090816,67.0,24.0,47.69890863636363,11.128727048484848,-30.18909044242424,0.18927830625454545,0.9430395487878788,9.63033919090909,-0.002822067933636364,-0.0019665603343345457,-0.0004435437027878787,-0.09766634120182553,-0.019591210146124118,-1.2898696487600154,1024.4939127272728,-100.0,-75.0,-100.0,-100.0,-75.0,-100.0,-67.0,-51.0,-100.0,-65.0,-100.0,-100.0,-58.0,-53.0,-71.0,-49.0,-48.0,-61.0,-53.0,-71.0,-46.0,-48.0,-61.0,-100.0,-100.0,-100.0,-100.0,-100.0,-100.0,-100.0,-100.0,-100.0,-100.0,-100.0,-100.0,-100.0,-68.0,-77.0,-66.0,-100.0,-100.0,-100.0,-79.0,-78.0,-100.0,-100.0,-67.0,-77.0,-66.0,-100.0,-100.0,-59.0,-79.0,-78.0,-100.0,-100.0,-100.0,-100.0,-100.0,-100.0,-100.0,-63.0,-100.0,-100.0,-100.0,-100.0,-62.0,-100.0,-100.0,-100.0,-100.0,-100.0,-100.0,-100.0,-100.0,-100.0,-84.0,-100.0,-84.0,-100.0,-100.0,-100.0,-100.0,-100.0,-100.0,-100.0,-100.0,-100.0,-100.0,-100.0,-100.0,-100.0,-100.0,-100.0,-100.0,-100.0,-100.0,-100.0,-100.0,-100.0,-100.0,-100.0,-100.0,-100.0,-100.0,-100.0,-100.0,-100.0,-87.0,-100.0,-100.0,-100.0,-100.0,-100.0,-100.0,-100.0,-100.0,-100.0,-68.0,-100.0,-100.0,-100.0,-100.0,-100.0,-100.0,-67.0,-100.0,-68.0,-100.0,-67.0,-100.0,-76.0,-66.0,-100.0,-100.0,-100.0,-100.0,-100.0,-100.0,-100.0,-100.0,-69.0,-100.0,-100.0,-100.0,-100.0,-100.0,-100.0,-100.0,-100.0,-100.0,-100.0,-100.0,-100.0,-100.0,-100.0
2021.01.19 090938,73.0,24.0,39.708606987341774,15.435189620253164,-30.614809670886068,0.10449948754556962,1.055784265949367,9.639123091772152,0.000100993795253165,-0.00019819091312025313,0.0032318405668354433,-0.10909259262718728,-0.010831516115046418,-1.1352272003511839,1024.5212025316455,-100.0,-81.0,-58.0,-100.0,-76.0,-87.0,-68.0,-46.0,-100.0,-70.0,-57.0,-100.0,-62.0,-53.0,-70.0,-47.0,-44.0,-62.0,-53.0,-69.0,-47.0,-44.0,-62.0,-100.0,-100.0,-100.0,-100.0,-77.0,-100.0,-100.0,-100.0,-100.0,-100.0,-100.0,-100.0,-100.0,-100.0,-76.0,-64.0,-100.0,-100.0,-100.0,-80.0,-78.0,-100.0,-100.0,-100.0,-76.0,-64.0,-100.0,-100.0,-100.0,-80.0,-78.0,-100.0,-100.0,-100.0,-100.0,-100.0,-100.0,-100.0,-65.0,-100.0,-100.0,-100.0,-100.0,-67.0,-100.0,-100.0,-100.0,-100.0,-100.0,-100.0,-100.0,-100.0,-100.0,-85.0,-100.0,-86.0,-83.0,-100.0,-73.0,-100.0,-73.0,-100.0,-100.0,-100.0,-100.0,-100.0,-100.0,-100.0,-100.0,-100.0,-100.0,-100.0,-100.0,-100.0,-100.0,-100.0,-100.0,-100.0,-100.0,-100.0,-100.0,-100.0,-100.0,-100.0,-100.0,-81.0,-100.0,-100.0,-100.0,-100.0,-100.0,-75.0,-100.0,-100.0,-100.0,-100.0,-100.0,-100.0,-100.0,-100.0,-100.0,-100.0,-68.0,-70.0,-66.0,-100.0,-79.0,-100.0,-80.0,-74.0,-100.0,-100.0,-100.0,-100.0,-100.0,-100.0,-100.0,-100.0,-72.0,-91.0,-91.0,-100.0,-100.0,-100.0,-100.0,-100.0,-100.0,-100.0,-100.0,-100.0,-100.0,-100.0,-100.0
2021.01.19 090951,74.0,24.0,44.9084408961039,17.288960857142854,-28.050778896103896,0.09505581903246754,0.9219201801948054,9.640563061688312,-0.0036235970811688313,-0.0032935393919363634,-0.001462974602077922,-0.09534916088178556,-0.009823329206223426,-1.1569610748972212,1024.5231551948052,-100.0,-100.0,-100.0,-100.0,-100.0,-100.0,-84.0,-100.0,-100.0,-100.0,-100.0,-100.0,-70.0,-62.0,-86.0,-40.0,-58.0,-67.0,-63.0,-86.0,-40.0,-59.0,-67.0,-100.0,-100.0,-100.0,-100.0,-100.0,-100.0,-100.0,-100.0,-100.0,-100.0,-100.0,-100.0,-100.0,-73.0,-80.0,-59.0,-100.0,-100.0,-66.0,-83.0,-81.0,-100.0,-100.0,-73.0,-81.0,-59.0,-100.0,-100.0,-64.0,-82.0,-80.0,-100.0,-100.0,-100.0,-100.0,-100.0,-100.0,-100.0,-71.0,-100.0,-100.0,-100.0,-100.0,-70.0,-100.0,-100.0,-100.0,-100.0,-100.0,-100.0,-100.0,-100.0,-100.0,-88.0,-100.0,-88.0,-100.0,-100.0,-100.0,-100.0,-100.0,-100.0,-100.0,-100.0,-100.0,-100.0,-100.0,-100.0,-100.0,-100.0,-100.0,-100.0,-100.0,-100.0,-100.0,-100.0,-100.0,-100.0,-100.0,-100.0,-100.0,-100.0,-100.0,-100.0,-100.0,-100.0,-100.0,-100.0,-100.0,-100.0,-100.0,-100.0,-100.0,-100.0,-100.0,-100.0,-100.0,-100.0,-100.0,-100.0,-100.0,-100.0,-100.0,-100.0,-100.0,-100.0,-67.0,-69.0,-100.0,-67.0,-100.0,-100.0,-100.0,-100.0,-100.0,-100.0,-100.0,-83.0,-63.0,-81.0,-81.0,-70.0,-86.0,-65.0,-82.0,-87.0,-91.0,-100.0,-100.0,-100.0,-100.0,-100.0,-100.0
2021.01.19 091003,75.0,24.0,52.42136559006211,20.021738863354038,-24.984223335403726,0.1435077753416149,0.8929009207453413,9.645834260869565,0.0007933621863354036,-0.00279718994018882,-0.0004118104555279506,-0.09229086991977983,-0.014874476971255097,-1.1731292105609585,1024.534294409938,-100.0,-100.0,-100.0,-100.0,-100.0,-100.0,-82.0,-59.0,-100.0,-100.0,-100.0,-100.0,-100.0,-61.0,-88.0,-41.0,-53.0,-69.0,-61.0,-89.0,-41.0,-55.0,-69.0,-100.0,-100.0,-100.0,-100.0,-100.0,-100.0,-100.0,-100.0,-100.0,-100.0,-100.0,-100.0,-100.0,-100.0,-81.0,-61.0,-100.0,-100.0,-68.0,-83.0,-80.0,-100.0,-79.0,-100.0,-81.0,-61.0,-100.0,-100.0,-100.0,-83.0,-80.0,-100.0,-100.0,-100.0,-100.0,-100.0,-84.0,-100.0,-74.0,-100.0,-100.0,-100.0,-100.0,-73.0,-100.0,-100.0,-100.0,-100.0,-100.0,-100.0,-100.0,-77.0,-100.0,-87.0,-100.0,-87.0,-100.0,-100.0,-77.0,-100.0,-77.0,-100.0,-100.0,-100.0,-100.0,-100.0,-100.0,-100.0,-100.0,-100.0,-100.0,-100.0,-100.0,-100.0,-100.0,-100.0,-100.0,-100.0,-100.0,-100.0,-100.0,-100.0,-100.0,-100.0,-100.0,-100.0,-100.0,-100.0,-100.0,-100.0,-100.0,-100.0,-100.0,-100.0,-100.0,-100.0,-100.0,-100.0,-100.0,-100.0,-100.0,-100.0,-70.0,-100.0,-72.0,-100.0,-63.0,-63.0,-100.0,-62.0,-100.0,-100.0,-100.0,-100.0,-100.0,-100.0,-100.0,-81.0,-100.0,-81.0,-82.0,-63.0,-100.0,-63.0,-100.0,-100.0,-100.0,-100.0,-100.0,-100.0,-100.0,-100.0,-100.0
2021.01.19 091016,76.0,24.0,46.64674210285715,15.960685494285714,-25.165714,0.11543140884342858,0.9236154490285714,9.651444902857145,-0.0015522085922857138,-0.0017665349405165713,-0.001933737568342857,-0.0954210844635963,-0.01197843582552321,-1.2002345834459578,1024.539608,-100.0,-100.0,-100.0,-100.0,-100.0,-100.0,-85.0,-100.0,-100.0,-100.0,-100.0,-100.0,-100.0,-62.0,-90.0,-39.0,-55.0,-68.0,-60.0,-91.0,-39.0,-54.0,-68.0,-100.0,-100.0,-100.0,-100.0,-100.0,-100.0,-100.0,-100.0,-100.0,-100.0,-100.0,-100.0,-100.0,-68.0,-80.0,-57.0,-100.0,-100.0,-66.0,-81.0,-77.0,-100.0,-100.0,-68.0,-81.0,-57.0,-100.0,-100.0,-68.0,-80.0,-77.0,-100.0,-100.0,-100.0,-100.0,-100.0,-100.0,-100.0,-68.0,-100.0,-100.0,-100.0,-100.0,-68.0,-100.0,-100.0,-100.0,-100.0,-100.0,-100.0,-100.0,-100.0,-100.0,-100.0,-100.0,-100.0,-100.0,-100.0,-100.0,-100.0,-100.0,-100.0,-100.0,-100.0,-100.0,-100.0,-100.0,-100.0,-100.0,-100.0,-100.0,-100.0,-100.0,-100.0,-100.0,-100.0,-100.0,-100.0,-100.0,-100.0,-100.0,-100.0,-100.0,-100.0,-100.0,-100.0,-100.0,-100.0,-100.0,-100.0,-100.0,-100.0,-100.0,-100.0,-100.0,-100.0,-100.0,-100.0,-100.0,-100.0,-100.0,-62.0,-100.0,-63.0,-100.0,-100.0,-62.0,-67.0,-100.0,-61.0,-100.0,-100.0,-100.0,-100.0,-100.0,-100.0,-100.0,-75.0,-61.0,-75.0,-75.0,-100.0,-100.0,-66.0,-100.0,-100.0,-90.0,-91.0,-82.0,-81.0,-100.0,-100.0,-100.0
2021.01.19 091139,82.0,24.0,56.713206754716985,22.367924308176104,-25.51433932075472,0.20188705874842772,0.6655180430817611,9.670912610062892,-0.0028208104820754715,-0.0026518890475962266,-0.001617075639874214,-0.06871444631203912,-0.02091701607858324,-1.1738962272428117,1024.5625955974842,-100.0,-100.0,-100.0,-100.0,-100.0,-100.0,-86.0,-100.0,-100.0,-100.0,-100.0,-100.0,-70.0,-67.0,-86.0,-29.0,-56.0,-71.0,-66.0,-86.0,-29.0,-56.0,-71.0,-100.0,-100.0,-100.0,-100.0,-100.0,-100.0,-100.0,-100.0,-100.0,-100.0,-100.0,-100.0,-100.0,-71.0,-81.0,-50.0,-100.0,-100.0,-100.0,-82.0,-81.0,-100.0,-100.0,-100.0,-81.0,-50.0,-100.0,-100.0,-65.0,-83.0,-81.0,-100.0,-100.0,-100.0,-100.0,-100.0,-100.0,-100.0,-74.0,-100.0,-100.0,-100.0,-100.0,-75.0,-100.0,-100.0,-100.0,-100.0,-100.0,-100.0,-100.0,-100.0,-100.0,-100.0,-100.0,-100.0,-100.0,-100.0,-75.0,-100.0,-76.0,-100.0,-100.0,-100.0,-100.0,-100.0,-100.0,-100.0,-100.0,-100.0,-100.0,-100.0,-100.0,-100.0,-100.0,-100.0,-100.0,-100.0,-100.0,-100.0,-100.0,-100.0,-100.0,-100.0,-100.0,-100.0,-100.0,-100.0,-100.0,-100.0,-100.0,-100.0,-100.0,-100.0,-80.0,-100.0,-100.0,-100.0,-100.0,-100.0,-100.0,-69.0,-77.0,-100.0,-76.0,-100.0,-50.0,-64.0,-100.0,-51.0,-100.0,-100.0,-100.0,-100.0,-100.0,-100.0,-100.0,-77.0,-59.0,-64.0,-64.0,-100.0,-76.0,-63.0,-100.0,-75.0,-88.0,-87.0,-100.0,-100.0,-100.0,-100.0,-100.0
2021.01.19 091152,83.0,24.0,53.26290833333333,13.703272427272728,-24.841454309090906,0.13329580800242424,0.8476748547878787,9.646562196969697,-0.004265931074848486,-0.0036399608515939397,-0.0015579099789090913,-0.08764302969881978,-0.013822810241959547,-1.2847312977819731,1024.5586072727272,-100.0,-100.0,-100.0,-100.0,-100.0,-100.0,-100.0,-76.0,-100.0,-100.0,-100.0,-100.0,-80.0,-100.0,-100.0,-38.0,-57.0,-71.0,-100.0,-100.0,-37.0,-61.0,-71.0,-100.0,-100.0,-100.0,-100.0,-100.0,-100.0,-100.0,-100.0,-100.0,-100.0,-100.0,-100.0,-100.0,-100.0,-79.0,-46.0,-100.0,-100.0,-70.0,-80.0,-83.0,-100.0,-100.0,-100.0,-78.0,-46.0,-100.0,-100.0,-65.0,-80.0,-83.0,-100.0,-100.0,-100.0,-100.0,-100.0,-100.0,-100.0,-71.0,-100.0,-100.0,-100.0,-100.0,-70.0,-100.0,-100.0,-100.0,-100.0,-100.0,-100.0,-100.0,-100.0,-100.0,-100.0,-100.0,-100.0,-91.0,-100.0,-100.0,-100.0,-100.0,-100.0,-100.0,-100.0,-100.0,-100.0,-100.0,-100.0,-100.0,-100.0,-100.0,-100.0,-100.0,-100.0,-100.0,-100.0,-100.0,-100.0,-100.0,-100.0,-100.0,-100.0,-100.0,-100.0,-100.0,-100.0,-100.0,-100.0,-100.0,-100.0,-100.0,-100.0,-100.0,-100.0,-100.0,-100.0,-100.0,-100.0,-100.0,-100.0,-100.0,-65.0,-100.0,-65.0,-100.0,-100.0,-68.0,-73.0,-100.0,-68.0,-100.0,-100.0,-100.0,-100.0,-100.0,-100.0,-100.0,-100.0,-66.0,-83.0,-83.0,-100.0,-100.0,-73.0,-75.0,-100.0,-84.0,-84.0,-100.0,-100.0,-100.0,-100.0,-100.0
2021.01.19 091205,84.0,24.0,49.31410974233129,14.464048785276074,-26.855705171779142,0.14223167424539881,0.7424455197546013,9.653657233128833,-0.00150124066993865,-0.006210614454958282,0.0015921059331288343,-0.07674849328179296,-0.014708554722151556,-1.251583070111421,1024.5530049079755,-100.0,-100.0,-100.0,-100.0,-100.0,-100.0,-100.0,-100.0,-100.0,-100.0,-100.0,-100.0,-77.0,-100.0,-90.0,-39.0,-59.0,-76.0,-100.0,-100.0,-40.0,-60.0,-76.0,-100.0,-100.0,-100.0,-100.0,-100.0,-100.0,-100.0,-100.0,-100.0,-100.0,-100.0,-100.0,-100.0,-70.0,-82.0,-55.0,-78.0,-100.0,-100.0,-82.0,-82.0,-100.0,-86.0,-70.0,-82.0,-55.0,-100.0,-100.0,-70.0,-83.0,-82.0,-100.0,-100.0,-100.0,-100.0,-100.0,-100.0,-100.0,-68.0,-100.0,-100.0,-100.0,-100.0,-68.0,-100.0,-100.0,-100.0,-100.0,-100.0,-100.0,-100.0,-84.0,-100.0,-100.0,-100.0,-100.0,-100.0,-100.0,-100.0,-100.0,-100.0,-100.0,-100.0,-100.0,-100.0,-100.0,-100.0,-100.0,-100.0,-100.0,-100.0,-100.0,-100.0,-100.0,-100.0,-100.0,-100.0,-100.0,-100.0,-100.0,-100.0,-100.0,-100.0,-100.0,-100.0,-100.0,-100.0,-100.0,-100.0,-100.0,-100.0,-100.0,-100.0,-100.0,-100.0,-100.0,-100.0,-100.0,-100.0,-100.0,-100.0,-100.0,-100.0,-100.0,-100.0,-100.0,-100.0,-75.0,-100.0,-73.0,-100.0,-100.0,-100.0,-100.0,-100.0,-100.0,-100.0,-100.0,-100.0,-88.0,-87.0,-100.0,-100.0,-75.0,-100.0,-100.0,-90.0,-89.0,-100.0,-100.0,-100.0,-100.0,-100.0
2021.01.19 091219,85.0,24.0,50.11914036196319,14.39006109815951,-27.715214306748468,0.11272187055092023,0.659997268588957,9.655713745398772,-0.005391290260122699,-0.0030588496693619628,-0.0012336142391411046,-0.06829083406943481,-0.011671228954772718,-1.2598218669189265,1024.5577147239267,-100.0,-100.0,-100.0,-100.0,-100.0,-100.0,-100.0,-78.0,-100.0,-100.0,-100.0,-100.0,-81.0,-73.0,-90.0,-38.0,-100.0,-69.0,-73.0,-90.0,-38.0,-100.0,-69.0,-100.0,-100.0,-100.0,-100.0,-100.0,-100.0,-100.0,-100.0,-100.0,-100.0,-100.0,-100.0,-100.0,-69.0,-78.0,-67.0,-100.0,-100.0,-100.0,-86.0,-78.0,-100.0,-100.0,-68.0,-78.0,-67.0,-100.0,-100.0,-70.0,-84.0,-79.0,-100.0,-100.0,-100.0,-100.0,-100.0,-100.0,-100.0,-73.0,-100.0,-100.0,-100.0,-100.0,-66.0,-100.0,-100.0,-100.0,-100.0,-100.0,-100.0,-100.0,-100.0,-100.0,-100.0,-100.0,-100.0,-100.0,-100.0,-81.0,-100.0,-100.0,-100.0,-100.0,-100.0,-100.0,-100.0,-100.0,-100.0,-100.0,-100.0,-100.0,-100.0,-100.0,-100.0,-100.0,-100.0,-100.0,-100.0,-100.0,-100.0,-100.0,-100.0,-100.0,-100.0,-100.0,-100.0,-100.0,-100.0,-100.0,-100.0,-100.0,-100.0,-100.0,-100.0,-100.0,-100.0,-100.0,-100.0,-100.0,-100.0,-100.0,-100.0,-100.0,-100.0,-100.0,-100.0,-70.0,-100.0,-100.0,-71.0,-100.0,-100.0,-100.0,-100.0,-100.0,-100.0,-100.0,-100.0,-72.0,-86.0,-87.0,-100.0,-100.0,-100.0,-76.0,-100.0,-100.0,-100.0,-100.0,-100.0,-91.0,-76.0,-90.0
