Timestamp,True_X,True_Y,Mean_Mag_x,Mean_Mag_y,Mean_Mag_z,Mean_Acc_x,Mean_Acc_y,Mean_Acc_z,Mean_Gyro_x,Mean_Gyro_y,Mean_Gyro_z,Mean_Orn_x,Mean_Orn_y,Mean_Orn_z,Mean_Pressure,00:1a:be:a0:de:05,00:1a:be:a0:de:06,00:1a:be:a0:de:07,00:1a:be:a0:de:08,00:1a:be:a0:de:09,00:1a:be:a0:de:10,00:1a:be:a0:de:11,00:1a:be:a0:de:12,00:1a:be:a0:de:13,00:1a:be:a0:de:14,00:1a:be:a0:de:18,00:1a:be:a0:de:19,00:1a:be:a0:de:22,00:1a:be:a0:de:23,00:1a:be:a0:de:28,00:1a:be:a0:de:29,00:1a:be:a0:de:33,00:1a:be:a0:de:36,00:1a:be:a0:de:42,00:1a:be:a0:de:50,00:1a:be:a0:de:64,00:1a:be:a0:de:65,00:1a:be:a0:de:68,00:1a:be:a0:de:80,00:1a:be:a0:de:88,00:1a:be:a0:df:06,00:1a:be:a0:df:07,00:1a:be:a0:df:16,00:1a:be:a0:df:20,00:1a:be:a0:df:21,00:1a:be:a0:df:26,00:1a:be:a0:df:36,00:1a:be:a0:df:44,00:1a:be:a0:df:62,00:1a:be:a0:df:63,00:1a:be:a0:df:64,00:1a:be:a0:de:39,00:1a:be:a0:de:40,00:1a:be:a0:de:45,00:1a:be:a0:de:52,00:1a:be:a0:de:53,00:1a:be:a0:de:72,00:1a:be:a0:de:73,00:1a:be:a0:de:89,00:1a:be:a0:de:90,00:1a:be:a0:de:91,00:1a:be:a0:de:92,00:1a:be:a0:de:93,00:1a:be:a0:de:94,00:1a:be:a0:de:95,00:1a:be:a0:df:01,00:1a:be:a0:df:08,00:1a:be:a0:df:11,00:1a:be:a0:df:28,00:1a:be:a0:df:29,00:1a:be:a0:df:45,00:1a:be:a0:df:46,00:1a:be:a0:df:47,00:1a:be:a0:df:48,00:1a:be:a0:df:49,00:1a:be:a0:df:50,00:1a:be:a0:df:51,00:1a:be:a0:df:56,00:1a:be:a0:df:67,00:1a:be:a0:df:73,00:1a:be:a0:df:75,00:1a:be:a0:de:82,00:1a:be:a0:df:69,00:1a:be:a0:de:66,00:1a:be:a0:df:13,00:1a:be:a0:df:22,00:1a:be:a0:df:68,00:1a:be:a0:de:43,00:1a:be:a0:de:56,00:1a:be:a0:df:02,00:1a:be:a0:df:14,00:1a:be:a0:df:57,00:1a:be:a0:df:70,00:1a:be:a0:df:38,00:1a:be:a0:de:78,00:1a:be:a0:df:34,00:1a:be:a0:de:44,00:1a:be:a0:de:57,00:1a:be:a0:de:67,00:1a:be:a0:de:79,00:1a:be:a0:df:35,00:1a:be:a0:df:17,00:1a:be:a0:df:23,00:1a:be:a0:df:72,00:1a:be:a0:de:32,00:1a:be:a0:de:97,00:1a:be:a0:df:53,00:1a:be:a0:de:81,00:1a:be:a0:de:83,00:1a:be:a0:df:37,00:1a:be:a0:df:39,00:1a:be:a0:de:47,00:1a:be:a0:de:49,00:1a:be:a0:de:70,00:1a:be:a0:de:41,00:1a:be:a0:de:54,00:1a:be:a0:de:84,00:1a:be:a0:df:09,00:1a:be:a0:df:40,00:1a:be:a0:df:65,00:1a:be:a0:df:10,00:1a:be:a0:df:54,00:1a:be:a0:df:66,00:1a:be:a0:de:69,00:1a:be:a0:de:76,00:1a:be:a0:df:24,00:1a:be:a0:df:25,00:1a:be:a0:df:32,00:1a:be:a0:df:42,00:1a:be:a0:de:62,00:1a:be:a0:de:74,00:1a:be:a0:de:86,00:1a:be:a0:de:98,00:1a:be:a0:df:03,00:1a:be:a0:df:30,00:1a:be:a0:df:58,00:1a:be:a0:de:17,00:1a:be:a0:de:85,00:1a:be:a0:df:41,00:1a:be:a0:df:18,00:1a:be:a0:df:43,00:1a:be:a0:de:15,00:1a:be:a0:de:87,00:1a:be:a0:df:04,00:1a:be:a0:df:19,00:1a:be:a0:df:59,00:1a:be:a0:de:27,00:1a:be:a0:de:71,00:1a:be:a0:df:27,00:1a:be:a0:de:02,00:1a:be:a0:de:63,00:1a:be:a0:de:77,00:1a:be:a0:de:99,00:1a:be:a0:df:05,00:1a:be:a0:df:33,00:1a:be:a0:df:55,00:1a:be:a0:df:60,00:1a:be:a0:de:20,00:1a:be:a0:de:03,00:1a:be:a0:de:24,00:1a:be:a0:de:30,00:1a:be:a0:de:01
2021.05.19 174309,124.0,47.0,9.544837268932039,2.138197464029126,-21.290202213592234,-0.11469360530485437,1.173884931067961,9.690274776699027,-0.0019591600135145633,-0.005375609762922329,-0.001306566912330097,-0.12055512459822068,0.01185082569627937,-1.1026955652005463,1001.4611078640777,-77.0,-80.0,-84.0,-84.0,-93.0,-84.0,-83.0,-81.0,-92.0,-85.0,-83.0,-84.0,-84.0,-84.0,-84.0,-82.0,-78.0,-83.0,-82.0,-81.0,-77.0,-92.0,-83.0,-74.0,-74.0,-65.0,-86.0,-84.0,-76.0,-92.0,-83.0,-76.0,-73.0,-71.0,-86.0,-73.0,-100.0,-100.0,-100.0,-100.0,-100.0,-100.0,-100.0,-100.0,-100.0,-100.0,-100.0,-100.0,-100.0,-100.0,-100.0,-100.0,-100.0,-100.0,-100.0,-100.0,-100.0,-100.0,-100.0,-100.0,-100.0,-100.0,-100.0,-100.0,-100.0,-100.0,-100.0,-100.0,-100.0,-100.0,-100.0,-100.0,-100.0,-100.0,-100.0,-100.0,-100.0,-100.0,-100.0,-100.0,-100.0,-100.0,-100.0,-100.0,-100.0,-100.0,-100.0,-100.0,-100.0,-100.0,-100.0,-100.0,-100.0,-100.0,-100.0,-100.0,-100.0,-100.0,-100.0,-100.0,-100.0,-100.0,-100.0,-100.0,-100.0,-100.0,-100.0,-100.0,-100.0,-100.0,-100.0,-100.0,-100.0,-100.0,-100.0,-100.0,-100.0,-100.0,-100.0,-100.0,-100.0,-100.0,-100.0,-100.0,-100.0,-100.0,-100.0,-100.0,-100.0,-100.0,-100.0,-100.0,-100.0,-100.0,-100.0,-100.0,-100.0,-100.0,-100.0,-100.0,-100.0,-100.0,-100.0,-100.0,-100.0,-100.0,-100.0
2021.05.19 175029,123.0,48.0,8.779540446,3.1715553880000003,-19.33072754,0.054819744423,1.292340475,9.6766632,0.0035895902589999995,-0.010369647893169999,-0.0034020302975000007,-0.13276755936443801,-0.005672494682075916,-1.0017590337991715,1001.6000632000001,-100.0,-100.0,-100.0,-100.0,-100.0,-100.0,-100.0,-100.0,-100.0,-100.0,-100.0,-100.0,-100.0,-100.0,-100.0,-100.0,-100.0,-100.0,-100.0,-100.0,-79.0,-100.0,-100.0,-100.0,-100.0,-100.0,-100.0,-100.0,-79.0,-100.0,-100.0,-81.0,-100.0,-100.0,-100.0,-82.0,-66.0,-77.0,-83.0,-59.0,-78.0,-74.0,-78.0,-36.0,-46.0,-54.0,-73.0,-62.0,-83.0,-73.0,-74.0,-81.0,-74.0,-75.0,-79.0,-39.0,-46.0,-53.0,-74.0,-61.0,-83.0,-73.0,-75.0,-72.0,-71.0,-70.0,-100.0,-100.0,-100.0,-100.0,-100.0,-100.0,-100.0,-100.0,-100.0,-100.0,-100.0,-100.0,-100.0,-100.0,-100.0,-100.0,-100.0,-100.0,-100.0,-100.0,-100.0,-100.0,-100.0,-100.0,-100.0,-100.0,-100.0,-100.0,-100.0,-100.0,-100.0,-100.0,-100.0,-100.0,-100.0,-100.0,-100.0,-100.0,-100.0,-100.0,-100.0,-100.0,-100.0,-100.0,-100.0,-100.0,-100.0,-100.0,-100.0,-100.0,-100.0,-100.0,-100.0,-100.0,-100.0,-100.0,-100.0,-100.0,-100.0,-100.0,-100.0,-100.0,-100.0,-100.0,-100.0,-100.0,-100.0,-100.0,-100.0,-100.0,-100.0,-100.0,-100.0,-100.0,-100.0,-100.0,-100.0,-100.0,-100.0,-100.0,-100.0
2021.05.19 175040,122.0,49.0,8.366670022916667,3.598489684791667,-19.73701423958333,0.11155854192708332,1.131539165625,9.685495322916665,0.00012623117580208334,-0.007390402197708334,-0.0005627820453125001,-0.11631198731871939,-0.011576208584301603,-0.9735382062693437,1001.6018579166667,-100.0,-100.0,-100.0,-100.0,-100.0,-100.0,-100.0,-100.0,-100.0,-100.0,-100.0,-100.0,-100.0,-100.0,-100.0,-100.0,-100.0,-100.0,-100.0,-100.0,-80.0,-100.0,-100.0,-100.0,-100.0,-100.0,-100.0,-100.0,-80.0,-100.0,-100.0,-100.0,-100.0,-100.0,-100.0,-82.0,-58.0,-81.0,-100.0,-59.0,-80.0,-71.0,-76.0,-37.0,-61.0,-55.0,-72.0,-59.0,-87.0,-78.0,-74.0,-79.0,-67.0,-71.0,-75.0,-41.0,-60.0,-55.0,-72.0,-59.0,-88.0,-78.0,-73.0,-67.0,-75.0,-73.0,-84.0,-82.0,-100.0,-100.0,-100.0,-100.0,-100.0,-100.0,-100.0,-100.0,-100.0,-100.0,-100.0,-100.0,-100.0,-100.0,-100.0,-100.0,-100.0,-100.0,-100.0,-100.0,-100.0,-100.0,-100.0,-100.0,-100.0,-100.0,-100.0,-100.0,-100.0,-100.0,-100.0,-100.0,-100.0,-100.0,-100.0,-100.0,-100.0,-100.0,-100.0,-100.0,-100.0,-100.0,-100.0,-100.0,-100.0,-100.0,-100.0,-100.0,-100.0,-100.0,-100.0,-100.0,-100.0,-100.0,-100.0,-100.0,-100.0,-100.0,-100.0,-100.0,-100.0,-100.0,-100.0,-100.0,-100.0,-100.0,-100.0,-100.0,-100.0,-100.0,-100.0,-100.0,-100.0,-100.0,-100.0,-100.0,-100.0,-100.0,-100.0
2021.05.19 175051,121.0,50.0,9.708901729032258,1.548244030093548,-20.912174645161294,0.22008085083709678,1.3013087247311828,9.674891924731185,-0.0016540367992473129,-0.005588259844172042,-0.003056976090322581,-0.133693002805274,-0.0227721399567462,-1.1735481549334783,1001.5990694623656,-100.0,-100.0,-100.0,-100.0,-100.0,-100.0,-100.0,-100.0,-100.0,-100.0,-100.0,-100.0,-100.0,-100.0,-100.0,-100.0,-100.0,-100.0,-100.0,-100.0,-77.0,-100.0,-100.0,-100.0,-100.0,-100.0,-100.0,-100.0,-78.0,-100.0,-100.0,-84.0,-100.0,-100.0,-100.0,-82.0,-54.0,-84.0,-100.0,-54.0,-84.0,-72.0,-75.0,-45.0,-55.0,-63.0,-73.0,-100.0,-87.0,-75.0,-64.0,-100.0,-69.0,-75.0,-76.0,-44.0,-54.0,-63.0,-73.0,-100.0,-86.0,-76.0,-65.0,-68.0,-77.0,-77.0,-100.0,-100.0,-81.0,-82.0,-79.0,-100.0,-100.0,-100.0,-100.0,-100.0,-100.0,-100.0,-100.0,-100.0,-100.0,-100.0,-100.0,-100.0,-100.0,-100.0,-100.0,-100.0,-100.0,-100.0,-100.0,-100.0,-100.0,-100.0,-100.0,-100.0,-100.0,-100.0,-100.0,-100.0,-100.0,-100.0,-100.0,-100.0,-100.0,-100.0,-100.0,-100.0,-100.0,-100.0,-100.0,-100.0,-100.0,-100.0,-100.0,-100.0,-100.0,-100.0,-100.0,-100.0,-100.0,-100.0,-100.0,-100.0,-100.0,-100.0,-100.0,-100.0,-100.0,-100.0,-100.0,-100.0,-100.0,-100.0,-100.0,-100.0,-100.0,-100.0,-100.0,-100.0,-100.0,-100.0,-100.0,-100.0,-100.0,-100.0,-100.0
2021.05.19 175101,120.0,51.0,9.58997790625,2.6939465288541666,-21.126469291666666,-0.05797264996666667,0.9477198160416668,9.716051723958333,-0.0022164878228385417,-0.005038741589583334,0.00015896252270833342,-0.09725818883938091,0.005948947807761794,-1.1068154697616894,1001.5983168749999,-100.0,-100.0,-100.0,-100.0,-100.0,-100.0,-100.0,-100.0,-100.0,-100.0,-100.0,-100.0,-100.0,-100.0,-100.0,-100.0,-100.0,-100.0,-100.0,-100.0,-100.0,-100.0,-100.0,-100.0,-100.0,-100.0,-100.0,-100.0,-100.0,-100.0,-100.0,-100.0,-100.0,-100.0,-100.0,-100.0,-66.0,-87.0,-100.0,-67.0,-89.0,-70.0,-73.0,-42.0,-67.0,-65.0,-72.0,-54.0,-87.0,-100.0,-68.0,-80.0,-67.0,-69.0,-74.0,-46.0,-68.0,-66.0,-71.0,-54.0,-86.0,-100.0,-66.0,-69.0,-76.0,-78.0,-100.0,-83.0,-100.0,-100.0,-100.0,-100.0,-100.0,-100.0,-100.0,-100.0,-100.0,-100.0,-100.0,-100.0,-100.0,-100.0,-100.0,-100.0,-100.0,-100.0,-100.0,-100.0,-100.0,-100.0,-100.0,-100.0,-100.0,-100.0,-100.0,-100.0,-100.0,-100.0,-100.0,-100.0,-100.0,-100.0,-100.0,-100.0,-100.0,-100.0,-100.0,-100.0,-100.0,-100.0,-100.0,-100.0,-100.0,-100.0,-100.0,-100.0,-100.0,-100.0,-100.0,-100.0,-100.0,-100.0,-100.0,-100.0,-100.0,-100.0,-100.0,-100.0,-100.0,-100.0,-100.0,-100.0,-100.0,-100.0,-100.0,-100.0,-100.0,-100.0,-100.0,-100.0,-100.0,-100.0,-100.0,-100.0,-100.0,-100.0,-100.0
2021.05.19 175239,111.0,60.0,10.588158736842106,5.351352918947368,-24.83870912631579,-0.037077449976210534,0.6116630663157895,9.7337633,-0.00219354297305263,-0.005126513104894737,-0.005164940989473684,-0.06276671557049998,0.0037995793034784203,-0.9907501584605167,1001.5806814736843,-100.0,-100.0,-100.0,-100.0,-100.0,-100.0,-100.0,-100.0,-100.0,-100.0,-100.0,-100.0,-100.0,-100.0,-100.0,-100.0,-100.0,-100.0,-100.0,-100.0,-77.0,-100.0,-100.0,-100.0,-100.0,-100.0,-100.0,-100.0,-76.0,-100.0,-100.0,-100.0,-100.0,-100.0,-100.0,-100.0,-75.0,-87.0,-100.0,-76.0,-88.0,-74.0,-78.0,-46.0,-67.0,-55.0,-79.0,-61.0,-89.0,-74.0,-63.0,-100.0,-77.0,-75.0,-78.0,-42.0,-68.0,-56.0,-78.0,-60.0,-88.0,-74.0,-65.0,-77.0,-79.0,-79.0,-100.0,-87.0,-78.0,-80.0,-79.0,-91.0,-100.0,-100.0,-100.0,-100.0,-100.0,-100.0,-100.0,-100.0,-100.0,-100.0,-100.0,-100.0,-100.0,-100.0,-100.0,-100.0,-100.0,-100.0,-100.0,-100.0,-100.0,-100.0,-100.0,-100.0,-100.0,-100.0,-100.0,-100.0,-100.0,-100.0,-100.0,-100.0,-100.0,-100.0,-100.0,-100.0,-100.0,-100.0,-100.0,-100.0,-100.0,-100.0,-100.0,-100.0,-100.0,-100.0,-100.0,-100.0,-100.0,-100.0,-100.0,-100.0,-100.0,-100.0,-100.0,-100.0,-100.0,-100.0,-100.0,-100.0,-100.0,-100.0,-100.0,-100.0,-100.0,-100.0,-100.0,-100.0,-100.0,-100.0,-100.0,-100.0,-100.0,-100.0,-100.0
2021.05.19 175256,110.0,61.0,10.543869606060605,2.9243889328282826,-21.956460747474743,-0.2232695238787879,0.6559613546464647,9.728121181818182,-0.0012114391574747467,-0.005331157875757575,-0.0013166501336363634,-0.06732067620061861,0.022920133113258963,-1.1575615562573829,1001.6089307070707,-100.0,-100.0,-100.0,-100.0,-100.0,-100.0,-100.0,-100.0,-100.0,-100.0,-100.0,-100.0,-100.0,-100.0,-100.0,-100.0,-100.0,-100.0,-100.0,-100.0,-72.0,-100.0,-100.0,-100.0,-100.0,-100.0,-100.0,-100.0,-72.0,-100.0,-100.0,-100.0,-100.0,-100.0,-100.0,-78.0,-79.0,-100.0,-100.0,-76.0,-100.0,-67.0,-78.0,-57.0,-72.0,-69.0,-100.0,-66.0,-87.0,-78.0,-55.0,-100.0,-76.0,-67.0,-77.0,-59.0,-72.0,-69.0,-100.0,-65.0,-86.0,-78.0,-55.0,-74.0,-100.0,-100.0,-81.0,-81.0,-74.0,-100.0,-74.0,-100.0,-79.0,-77.0,-78.0,-90.0,-78.0,-91.0,-100.0,-100.0,-100.0,-100.0,-100.0,-100.0,-100.0,-100.0,-100.0,-100.0,-100.0,-100.0,-100.0,-100.0,-100.0,-100.0,-100.0,-100.0,-100.0,-100.0,-100.0,-100.0,-100.0,-100.0,-100.0,-100.0,-100.0,-100.0,-100.0,-100.0,-100.0,-100.0,-100.0,-100.0,-100.0,-100.0,-100.0,-100.0,-100.0,-100.0,-100.0,-100.0,-100.0,-100.0,-100.0,-100.0,-100.0,-100.0,-100.0,-100.0,-100.0,-100.0,-100.0,-100.0,-100.0,-100.0,-100.0,-100.0,-100.0,-100.0,-100.0,-100.0,-100.0,-100.0,-100.0,-100.0,-100.0,-100.0,-100.0
2021.05.19 175308,109.0,62.0,9.529591932989693,1.9024145543608248,-19.588018278350514,-0.17291513891752577,0.7569407501030927,9.737370273195877,-0.0018319799246391758,-0.003024547464670103,-0.002066079023092783,-0.07756761776417796,0.017706310108589626,-1.2141902483615679,1001.6494454639173,-100.0,-100.0,-100.0,-100.0,-100.0,-100.0,-100.0,-100.0,-100.0,-100.0,-100.0,-100.0,-100.0,-100.0,-100.0,-100.0,-100.0,-100.0,-100.0,-100.0,-72.0,-100.0,-100.0,-75.0,-100.0,-100.0,-100.0,-100.0,-71.0,-100.0,-100.0,-77.0,-100.0,-100.0,-100.0,-84.0,-79.0,-100.0,-100.0,-77.0,-100.0,-65.0,-70.0,-50.0,-76.0,-100.0,-100.0,-59.0,-100.0,-78.0,-47.0,-75.0,-75.0,-66.0,-73.0,-56.0,-77.0,-100.0,-100.0,-59.0,-100.0,-79.0,-47.0,-75.0,-100.0,-100.0,-85.0,-100.0,-71.0,-100.0,-66.0,-100.0,-84.0,-80.0,-70.0,-100.0,-70.0,-100.0,-83.0,-100.0,-100.0,-100.0,-100.0,-100.0,-100.0,-100.0,-100.0,-100.0,-100.0,-100.0,-100.0,-100.0,-100.0,-100.0,-100.0,-100.0,-100.0,-100.0,-100.0,-100.0,-100.0,-100.0,-100.0,-100.0,-100.0,-100.0,-100.0,-100.0,-100.0,-100.0,-100.0,-100.0,-100.0,-100.0,-100.0,-100.0,-100.0,-100.0,-100.0,-100.0,-100.0,-100.0,-100.0,-100.0,-100.0,-100.0,-100.0,-100.0,-100.0,-100.0,-100.0,-100.0,-100.0,-100.0,-100.0,-100.0,-100.0,-100.0,-100.0,-100.0,-100.0,-100.0,-100.0,-100.0,-100.0,-100.0,-100.0
2021.05.19 175320,108.0,63.0,10.28084578125,4.633657311458333,-20.409636979166667,-0.10856723085208332,0.6460056896875,9.716255880208335,-0.0030010560317291664,-0.0021749987434375,-0.006510909450833334,-0.06646732363151382,0.011127459277304267,-1.0355594512075186,1001.6931085416667,-100.0,-100.0,-100.0,-100.0,-100.0,-100.0,-100.0,-100.0,-100.0,-100.0,-100.0,-100.0,-100.0,-100.0,-100.0,-100.0,-100.0,-100.0,-100.0,-100.0,-100.0,-100.0,-100.0,-78.0,-100.0,-100.0,-100.0,-100.0,-100.0,-100.0,-100.0,-79.0,-100.0,-100.0,-100.0,-100.0,-80.0,-100.0,-100.0,-81.0,-100.0,-64.0,-69.0,-58.0,-83.0,-69.0,-90.0,-69.0,-88.0,-75.0,-56.0,-79.0,-72.0,-65.0,-69.0,-62.0,-83.0,-69.0,-89.0,-69.0,-90.0,-76.0,-54.0,-72.0,-100.0,-100.0,-100.0,-80.0,-100.0,-80.0,-100.0,-100.0,-72.0,-72.0,-75.0,-100.0,-75.0,-100.0,-83.0,-100.0,-100.0,-100.0,-100.0,-100.0,-100.0,-100.0,-100.0,-100.0,-100.0,-100.0,-100.0,-100.0,-100.0,-100.0,-100.0,-100.0,-100.0,-100.0,-100.0,-100.0,-100.0,-100.0,-100.0,-100.0,-100.0,-100.0,-100.0,-100.0,-100.0,-100.0,-100.0,-100.0,-100.0,-100.0,-100.0,-100.0,-100.0,-100.0,-100.0,-100.0,-100.0,-100.0,-100.0,-100.0,-100.0,-100.0,-100.0,-100.0,-100.0,-100.0,-100.0,-100.0,-100.0,-100.0,-100.0,-100.0,-100.0,-100.0,-100.0,-100.0,-100.0,-100.0,-100.0,-100.0,-100.0,-100.0,-100.0
2021.05.19 175447,100.0,71.0,5.22782122020202,4.460742237373737,-25.471699939393936,-0.11402793535050505,0.5637452636363637,9.73023202020202,-0.000432951782828283,-0.006365846365555556,0.002965787895656566,-0.057888404485026336,0.011687468611688146,-0.692454738147331,1001.6697613131315,-100.0,-100.0,-100.0,-100.0,-100.0,-100.0,-100.0,-100.0,-100.0,-100.0,-100.0,-100.0,-100.0,-100.0,-100.0,-100.0,-100.0,-100.0,-100.0,-100.0,-75.0,-100.0,-100.0,-79.0,-100.0,-100.0,-100.0,-100.0,-100.0,-100.0,-100.0,-77.0,-100.0,-100.0,-100.0,-80.0,-79.0,-100.0,-100.0,-78.0,-100.0,-57.0,-79.0,-52.0,-80.0,-75.0,-100.0,-60.0,-91.0,-75.0,-47.0,-100.0,-74.0,-57.0,-80.0,-63.0,-79.0,-77.0,-100.0,-61.0,-89.0,-71.0,-47.0,-75.0,-82.0,-100.0,-78.0,-77.0,-70.0,-77.0,-71.0,-100.0,-69.0,-69.0,-67.0,-100.0,-66.0,-100.0,-100.0,-80.0,-81.0,-100.0,-100.0,-100.0,-100.0,-100.0,-100.0,-100.0,-100.0,-100.0,-100.0,-100.0,-100.0,-100.0,-100.0,-100.0,-100.0,-100.0,-100.0,-100.0,-100.0,-100.0,-100.0,-100.0,-100.0,-100.0,-100.0,-100.0,-100.0,-100.0,-100.0,-100.0,-100.0,-100.0,-100.0,-100.0,-100.0,-100.0,-100.0,-100.0,-100.0,-100.0,-100.0,-100.0,-100.0,-100.0,-100.0,-100.0,-100.0,-100.0,-100.0,-100.0,-100.0,-100.0,-100.0,-100.0,-100.0,-100.0,-100.0,-100.0,-100.0,-100.0,-100.0,-100.0,-100.0,-100.0,-100.0
2021.05.19 175458,99.0,72.0,5.506496068867925,3.8330975075471705,-25.459503056603772,-0.1977301330660377,0.514892363018868,9.742098646226415,-0.0017767742691509446,-0.00418955817735849,-0.000524987362641509,-0.052834191350793466,0.020305986278953938,-0.766004961616588,1001.6670996226413,-100.0,-100.0,-100.0,-100.0,-100.0,-100.0,-100.0,-100.0,-100.0,-100.0,-100.0,-100.0,-100.0,-100.0,-100.0,-100.0,-100.0,-100.0,-100.0,-100.0,-68.0,-100.0,-100.0,-74.0,-84.0,-86.0,-100.0,-100.0,-68.0,-100.0,-100.0,-74.0,-84.0,-100.0,-100.0,-71.0,-83.0,-100.0,-100.0,-83.0,-100.0,-57.0,-64.0,-63.0,-83.0,-77.0,-100.0,-100.0,-88.0,-82.0,-66.0,-72.0,-80.0,-58.0,-64.0,-63.0,-83.0,-77.0,-100.0,-100.0,-87.0,-100.0,-68.0,-79.0,-100.0,-100.0,-76.0,-81.0,-71.0,-79.0,-69.0,-100.0,-56.0,-56.0,-100.0,-100.0,-100.0,-100.0,-75.0,-72.0,-72.0,-86.0,-86.0,-89.0,-91.0,-90.0,-100.0,-100.0,-100.0,-100.0,-100.0,-100.0,-100.0,-100.0,-100.0,-100.0,-100.0,-100.0,-100.0,-100.0,-100.0,-100.0,-100.0,-100.0,-100.0,-100.0,-100.0,-100.0,-100.0,-100.0,-100.0,-100.0,-100.0,-100.0,-100.0,-100.0,-100.0,-100.0,-100.0,-100.0,-100.0,-100.0,-100.0,-100.0,-100.0,-100.0,-100.0,-100.0,-100.0,-100.0,-100.0,-100.0,-100.0,-100.0,-100.0,-100.0,-100.0,-100.0,-100.0,-100.0,-100.0,-100.0,-100.0,-100.0,-100.0,-100.0,-100.0
2021.05.19 175510,98.0,73.0,5.0504126750000005,4.651562535,-26.80843124,-0.16088740723500006,0.4524724298,9.741360549999998,-0.0022115036424,-0.004278161329700001,-0.0035146537189999997,-0.04644388874992725,0.016534762294613717,-0.6656832960247994,1001.6650354000001,-100.0,-100.0,-100.0,-100.0,-100.0,-100.0,-100.0,-100.0,-100.0,-100.0,-100.0,-100.0,-100.0,-100.0,-100.0,-100.0,-100.0,-100.0,-100.0,-100.0,-71.0,-100.0,-100.0,-78.0,-100.0,-83.0,-100.0,-100.0,-68.0,-100.0,-100.0,-77.0,-100.0,-85.0,-100.0,-74.0,-83.0,-100.0,-100.0,-83.0,-100.0,-61.0,-61.0,-64.0,-84.0,-100.0,-100.0,-75.0,-100.0,-81.0,-74.0,-77.0,-77.0,-61.0,-62.0,-69.0,-84.0,-100.0,-100.0,-75.0,-100.0,-80.0,-72.0,-77.0,-100.0,-100.0,-78.0,-78.0,-60.0,-77.0,-57.0,-100.0,-65.0,-64.0,-100.0,-100.0,-100.0,-100.0,-76.0,-73.0,-74.0,-100.0,-100.0,-90.0,-91.0,-90.0,-83.0,-88.0,-82.0,-100.0,-100.0,-100.0,-100.0,-100.0,-100.0,-100.0,-100.0,-100.0,-100.0,-100.0,-100.0,-100.0,-100.0,-100.0,-100.0,-100.0,-100.0,-100.0,-100.0,-100.0,-100.0,-100.0,-100.0,-100.0,-100.0,-100.0,-100.0,-100.0,-100.0,-100.0,-100.0,-100.0,-100.0,-100.0,-100.0,-100.0,-100.0,-100.0,-100.0,-100.0,-100.0,-100.0,-100.0,-100.0,-100.0,-100.0,-100.0,-100.0,-100.0,-100.0,-100.0,-100.0,-100.0,-100.0,-100.0,-100.0,-100.0
2021.05.19 175521,97.0,74.0,4.932067390909091,7.569895263636363,-27.202412737373738,-0.21521476764444444,0.5773490231313131,9.717065484848485,-0.0027651045017676765,-0.003744095247474747,0.0009673809362020198,-0.059386138211597043,0.022090850198186306,-0.44086453408905957,1001.6612944444445,-100.0,-100.0,-100.0,-100.0,-100.0,-100.0,-100.0,-100.0,-100.0,-100.0,-100.0,-100.0,-100.0,-100.0,-100.0,-100.0,-100.0,-100.0,-100.0,-100.0,-64.0,-100.0,-100.0,-69.0,-100.0,-100.0,-100.0,-100.0,-64.0,-100.0,-100.0,-70.0,-100.0,-100.0,-100.0,-100.0,-82.0,-100.0,-100.0,-100.0,-100.0,-57.0,-60.0,-61.0,-83.0,-100.0,-100.0,-75.0,-91.0,-100.0,-69.0,-100.0,-100.0,-56.0,-60.0,-65.0,-85.0,-100.0,-100.0,-74.0,-92.0,-78.0,-70.0,-100.0,-100.0,-100.0,-75.0,-72.0,-51.0,-73.0,-51.0,-100.0,-64.0,-66.0,-100.0,-100.0,-100.0,-100.0,-73.0,-68.0,-68.0,-100.0,-100.0,-82.0,-100.0,-100.0,-100.0,-82.0,-100.0,-100.0,-100.0,-100.0,-100.0,-100.0,-100.0,-100.0,-100.0,-100.0,-100.0,-100.0,-100.0,-100.0,-100.0,-100.0,-100.0,-100.0,-100.0,-100.0,-100.0,-100.0,-100.0,-100.0,-100.0,-100.0,-100.0,-100.0,-100.0,-100.0,-100.0,-100.0,-100.0,-100.0,-100.0,-100.0,-100.0,-100.0,-100.0,-100.0,-100.0,-100.0,-100.0,-100.0,-100.0,-100.0,-100.0,-100.0,-100.0,-100.0,-100.0,-100.0,-100.0,-100.0,-100.0,-100.0,-100.0,-100.0,-100.0
2021.05.19 175653,89.0,82.0,8.453649861320756,9.476339811320754,-24.355943132075474,-0.05820081001132075,0.6788387883962264,9.729132424528302,0.00045554728861320755,-0.004317088476735849,-0.00020626677741509433,-0.06970937486808251,0.005975073727587967,-0.6405081015150502,1001.7743816981132,-100.0,-100.0,-100.0,-100.0,-100.0,-100.0,-100.0,-100.0,-100.0,-100.0,-100.0,-100.0,-100.0,-100.0,-100.0,-100.0,-100.0,-100.0,-100.0,-100.0,-66.0,-100.0,-100.0,-67.0,-100.0,-84.0,-100.0,-100.0,-64.0,-100.0,-100.0,-67.0,-100.0,-82.0,-100.0,-67.0,-100.0,-100.0,-100.0,-100.0,-100.0,-54.0,-69.0,-62.0,-82.0,-100.0,-100.0,-100.0,-100.0,-81.0,-67.0,-69.0,-80.0,-54.0,-69.0,-68.0,-82.0,-100.0,-100.0,-100.0,-100.0,-100.0,-65.0,-80.0,-100.0,-100.0,-75.0,-74.0,-55.0,-73.0,-63.0,-100.0,-63.0,-63.0,-100.0,-100.0,-100.0,-100.0,-75.0,-71.0,-71.0,-100.0,-100.0,-74.0,-100.0,-100.0,-100.0,-75.0,-100.0,-84.0,-80.0,-80.0,-100.0,-100.0,-100.0,-100.0,-100.0,-100.0,-100.0,-100.0,-100.0,-100.0,-100.0,-100.0,-100.0,-100.0,-100.0,-100.0,-100.0,-100.0,-100.0,-100.0,-100.0,-100.0,-100.0,-100.0,-100.0,-100.0,-100.0,-100.0,-100.0,-100.0,-100.0,-100.0,-100.0,-100.0,-100.0,-100.0,-100.0,-100.0,-100.0,-100.0,-100.0,-100.0,-100.0,-100.0,-100.0,-100.0,-100.0,-100.0,-100.0,-100.0,-100.0,-100.0,-100.0,-100.0,-100.0
2021.05.19 175704,88.0,83.0,7.758131930303032,8.385817062626264,-24.41655052525253,-0.0644221441878788,0.6900707121212121,9.722681934343436,-0.0022194548334343433,-0.002615971346262626,-0.003047706302020202,-0.0708573684472628,0.006590683942171485,-0.646589080793689,1001.7737097979798,-79.0,-100.0,-100.0,-100.0,-100.0,-100.0,-100.0,-100.0,-100.0,-100.0,-100.0,-100.0,-100.0,-100.0,-100.0,-100.0,-100.0,-100.0,-100.0,-100.0,-62.0,-100.0,-100.0,-60.0,-100.0,-80.0,-100.0,-100.0,-62.0,-100.0,-100.0,-60.0,-100.0,-100.0,-100.0,-64.0,-100.0,-100.0,-100.0,-100.0,-100.0,-46.0,-54.0,-69.0,-90.0,-100.0,-100.0,-100.0,-100.0,-80.0,-80.0,-65.0,-80.0,-46.0,-53.0,-72.0,-90.0,-100.0,-100.0,-100.0,-100.0,-85.0,-79.0,-82.0,-100.0,-100.0,-71.0,-55.0,-54.0,-55.0,-52.0,-100.0,-100.0,-100.0,-100.0,-71.0,-100.0,-71.0,-72.0,-66.0,-67.0,-100.0,-100.0,-71.0,-88.0,-88.0,-100.0,-72.0,-100.0,-100.0,-100.0,-100.0,-82.0,-87.0,-82.0,-84.0,-100.0,-100.0,-100.0,-100.0,-100.0,-100.0,-100.0,-100.0,-100.0,-100.0,-100.0,-100.0,-100.0,-100.0,-100.0,-100.0,-100.0,-100.0,-100.0,-100.0,-100.0,-100.0,-100.0,-100.0,-100.0,-100.0,-100.0,-100.0,-100.0,-100.0,-100.0,-100.0,-100.0,-100.0,-100.0,-100.0,-100.0,-100.0,-100.0,-100.0,-100.0,-100.0,-100.0,-100.0,-100.0,-100.0,-100.0,-100.0,-100.0,-100.0,-100.0
2021.05.19 175715,87.0,84.0,7.407171877319588,7.670386708247421,-23.33288331958763,0.026306838828453603,0.6991679168041237,9.720434087628865,-0.0020875624264432985,-0.008081957092061857,-0.0007276432940206188,-0.07192169513899023,-0.002686326185342758,-0.6771498574424035,1001.7759609278352,-78.0,-100.0,-100.0,-100.0,-100.0,-100.0,-100.0,-100.0,-100.0,-100.0,-100.0,-100.0,-100.0,-100.0,-100.0,-100.0,-100.0,-100.0,-100.0,-100.0,-57.0,-92.0,-100.0,-63.0,-100.0,-87.0,-100.0,-100.0,-59.0,-92.0,-100.0,-63.0,-100.0,-100.0,-100.0,-64.0,-100.0,-100.0,-100.0,-100.0,-100.0,-48.0,-50.0,-66.0,-91.0,-100.0,-100.0,-100.0,-100.0,-80.0,-82.0,-63.0,-79.0,-47.0,-51.0,-62.0,-91.0,-100.0,-100.0,-100.0,-100.0,-82.0,-81.0,-82.0,-100.0,-100.0,-66.0,-57.0,-56.0,-57.0,-56.0,-100.0,-100.0,-100.0,-100.0,-74.0,-100.0,-73.0,-63.0,-54.0,-55.0,-100.0,-100.0,-68.0,-86.0,-86.0,-100.0,-69.0,-100.0,-100.0,-100.0,-100.0,-85.0,-87.0,-85.0,-87.0,-100.0,-100.0,-100.0,-100.0,-100.0,-100.0,-100.0,-100.0,-100.0,-100.0,-100.0,-100.0,-100.0,-100.0,-100.0,-100.0,-100.0,-100.0,-100.0,-100.0,-100.0,-100.0,-100.0,-100.0,-100.0,-100.0,-100.0,-100.0,-100.0,-100.0,-100.0,-100.0,-100.0,-100.0,-100.0,-100.0,-100.0,-100.0,-100.0,-100.0,-100.0,-100.0,-100.0,-100.0,-100.0,-100.0,-100.0,-100.0,-100.0,-100.0,-100.0
2021.05.19 175725,86.0,85.0,8.170776222999999,7.919357656,-23.210420049999996,0.0078972911055,0.7639752076999998,9.70777124,-0.0033950558016000005,-0.0008616894194000001,0.007976137523099999,-0.07855724148452278,-0.0008394383968880096,-0.7006733626127243,1001.7737682,-80.0,-100.0,-100.0,-100.0,-100.0,-100.0,-100.0,-100.0,-100.0,-100.0,-100.0,-100.0,-100.0,-100.0,-100.0,-100.0,-100.0,-100.0,-100.0,-100.0,-63.0,-86.0,-100.0,-61.0,-85.0,-82.0,-100.0,-100.0,-63.0,-85.0,-100.0,-61.0,-83.0,-100.0,-100.0,-65.0,-100.0,-100.0,-100.0,-100.0,-100.0,-44.0,-58.0,-69.0,-100.0,-100.0,-100.0,-100.0,-100.0,-81.0,-82.0,-65.0,-80.0,-43.0,-58.0,-67.0,-100.0,-100.0,-100.0,-100.0,-100.0,-83.0,-80.0,-81.0,-100.0,-100.0,-64.0,-48.0,-61.0,-48.0,-61.0,-100.0,-100.0,-100.0,-100.0,-75.0,-100.0,-75.0,-64.0,-60.0,-61.0,-100.0,-100.0,-70.0,-80.0,-81.0,-100.0,-72.0,-100.0,-100.0,-100.0,-100.0,-89.0,-89.0,-90.0,-90.0,-84.0,-100.0,-100.0,-100.0,-100.0,-100.0,-100.0,-100.0,-100.0,-100.0,-100.0,-100.0,-100.0,-100.0,-100.0,-100.0,-100.0,-100.0,-100.0,-100.0,-100.0,-100.0,-100.0,-100.0,-100.0,-100.0,-100.0,-100.0,-100.0,-100.0,-100.0,-100.0,-100.0,-100.0,-100.0,-100.0,-100.0,-100.0,-100.0,-100.0,-100.0,-100.0,-100.0,-100.0,-100.0,-100.0,-100.0,-100.0,-100.0,-100.0,-100.0
2021.05.19 175854,79.0,88.0,8.387563807070707,5.112562872727272,-23.12549864646465,-0.01262104307080808,0.7460832381818181,9.715071323232323,-0.003076755355252525,-0.002353586647691919,-0.00037429729232323224,-0.07666791877662288,0.0013059219507138278,-0.8817593894823633,1001.7992233333334,-77.0,-100.0,-100.0,-100.0,-100.0,-100.0,-100.0,-100.0,-100.0,-100.0,-100.0,-100.0,-100.0,-100.0,-100.0,-100.0,-100.0,-100.0,-100.0,-100.0,-61.0,-87.0,-100.0,-58.0,-83.0,-100.0,-100.0,-100.0,-61.0,-88.0,-83.0,-58.0,-83.0,-100.0,-100.0,-66.0,-100.0,-100.0,-100.0,-100.0,-100.0,-38.0,-48.0,-68.0,-91.0,-100.0,-100.0,-100.0,-100.0,-100.0,-100.0,-66.0,-81.0,-38.0,-48.0,-69.0,-91.0,-100.0,-100.0,-100.0,-100.0,-100.0,-100.0,-100.0,-100.0,-100.0,-66.0,-54.0,-65.0,-54.0,-65.0,-100.0,-100.0,-100.0,-100.0,-77.0,-100.0,-77.0,-67.0,-64.0,-62.0,-100.0,-100.0,-83.0,-79.0,-80.0,-100.0,-83.0,-100.0,-100.0,-100.0,-100.0,-89.0,-87.0,-87.0,-87.0,-100.0,-80.0,-84.0,-100.0,-100.0,-100.0,-100.0,-100.0,-100.0,-100.0,-100.0,-100.0,-100.0,-100.0,-100.0,-100.0,-100.0,-100.0,-100.0,-100.0,-100.0,-100.0,-100.0,-100.0,-100.0,-100.0,-100.0,-100.0,-100.0,-100.0,-100.0,-100.0,-100.0,-100.0,-100.0,-100.0,-100.0,-100.0,-100.0,-100.0,-100.0,-100.0,-100.0,-100.0,-100.0,-100.0,-100.0,-100.0,-100.0,-100.0,-100.0
2021.05.19 175906,78.0,87.0,-7.35454869489796,46.403236020408166,-27.37184235714286,0.16182164126734694,0.6747170382142856,9.72581537244898,-0.0013032013235204077,-0.002465452790846938,0.0023300791265306116,-0.06931482743215268,-0.016644491514723185,0.14206769553070162,1001.8014847959184,-82.0,-100.0,-100.0,-100.0,-100.0,-100.0,-100.0,-100.0,-100.0,-100.0,-100.0,-100.0,-100.0,-100.0,-100.0,-100.0,-83.0,-100.0,-100.0,-100.0,-100.0,-84.0,-100.0,-100.0,-73.0,-78.0,-100.0,-100.0,-50.0,-83.0,-100.0,-59.0,-74.0,-77.0,-100.0,-53.0,-100.0,-100.0,-100.0,-100.0,-100.0,-100.0,-47.0,-71.0,-100.0,-100.0,-100.0,-100.0,-100.0,-82.0,-85.0,-100.0,-100.0,-33.0,-48.0,-71.0,-100.0,-100.0,-100.0,-100.0,-100.0,-81.0,-82.0,-100.0,-100.0,-100.0,-75.0,-64.0,-68.0,-66.0,-68.0,-100.0,-100.0,-100.0,-100.0,-66.0,-100.0,-68.0,-67.0,-100.0,-49.0,-100.0,-100.0,-80.0,-66.0,-65.0,-100.0,-81.0,-100.0,-100.0,-76.0,-76.0,-82.0,-100.0,-81.0,-100.0,-100.0,-100.0,-100.0,-82.0,-83.0,-81.0,-89.0,-83.0,-89.0,-100.0,-100.0,-100.0,-100.0,-100.0,-100.0,-100.0,-100.0,-100.0,-100.0,-100.0,-100.0,-100.0,-100.0,-100.0,-100.0,-100.0,-100.0,-100.0,-100.0,-100.0,-100.0,-100.0,-100.0,-100.0,-100.0,-100.0,-100.0,-100.0,-100.0,-100.0,-100.0,-100.0,-100.0,-100.0,-100.0,-100.0,-100.0,-100.0,-100.0,-100.0,-100.0
2021.05.19 175917,77.0,86.0,-9.047885864285714,45.2627162142857,-29.76654355102041,0.09708273694693878,0.8646282815306122,9.711736020408162,-0.0028026747383673467,-0.0027456756138367357,0.002221371334693878,-0.08889294119209656,-0.010002718823670844,0.1811083067132502,1001.8050787755101,-100.0,-100.0,-100.0,-100.0,-100.0,-100.0,-100.0,-100.0,-100.0,-100.0,-100.0,-100.0,-100.0,-100.0,-100.0,-100.0,-81.0,-100.0,-100.0,-100.0,-53.0,-78.0,-100.0,-100.0,-100.0,-100.0,-100.0,-100.0,-54.0,-79.0,-100.0,-100.0,-100.0,-100.0,-100.0,-100.0,-100.0,-100.0,-100.0,-100.0,-100.0,-31.0,-47.0,-67.0,-78.0,-100.0,-100.0,-100.0,-100.0,-84.0,-78.0,-100.0,-100.0,-32.0,-46.0,-68.0,-78.0,-100.0,-100.0,-100.0,-100.0,-82.0,-100.0,-100.0,-100.0,-100.0,-71.0,-51.0,-62.0,-51.0,-63.0,-100.0,-100.0,-100.0,-100.0,-69.0,-100.0,-69.0,-73.0,-48.0,-52.0,-100.0,-100.0,-86.0,-64.0,-65.0,-100.0,-86.0,-100.0,-100.0,-100.0,-100.0,-84.0,-100.0,-83.0,-100.0,-100.0,-100.0,-100.0,-100.0,-100.0,-73.0,-88.0,-73.0,-87.0,-100.0,-100.0,-100.0,-100.0,-100.0,-100.0,-100.0,-100.0,-100.0,-100.0,-100.0,-100.0,-100.0,-100.0,-100.0,-100.0,-100.0,-100.0,-100.0,-100.0,-100.0,-100.0,-100.0,-100.0,-100.0,-100.0,-100.0,-100.0,-100.0,-100.0,-100.0,-100.0,-100.0,-100.0,-100.0,-100.0,-100.0,-100.0,-100.0,-100.0,-100.0,-100.0
2021.05.19 175928,76.0,85.0,-12.047395953125,44.102591510416666,-30.991923510416665,0.06240423563958333,0.7621441464583333,9.73151853125,0.0001352485909375006,-0.005239696450440624,-0.0016583549704166664,-0.07814568843847758,-0.006451576207382427,0.24999077695732316,1001.8075760416665,-100.0,-100.0,-100.0,-100.0,-100.0,-100.0,-100.0,-100.0,-100.0,-100.0,-100.0,-100.0,-100.0,-100.0,-100.0,-100.0,-81.0,-100.0,-100.0,-100.0,-57.0,-83.0,-100.0,-62.0,-80.0,-79.0,-100.0,-100.0,-58.0,-83.0,-79.0,-62.0,-100.0,-79.0,-100.0,-62.0,-100.0,-100.0,-100.0,-100.0,-100.0,-28.0,-45.0,-76.0,-87.0,-100.0,-100.0,-100.0,-100.0,-100.0,-100.0,-62.0,-100.0,-28.0,-46.0,-74.0,-86.0,-100.0,-100.0,-100.0,-100.0,-100.0,-84.0,-100.0,-100.0,-100.0,-72.0,-51.0,-58.0,-51.0,-58.0,-100.0,-100.0,-100.0,-100.0,-75.0,-100.0,-75.0,-71.0,-47.0,-56.0,-100.0,-100.0,-88.0,-64.0,-66.0,-100.0,-87.0,-100.0,-100.0,-100.0,-100.0,-87.0,-100.0,-86.0,-100.0,-100.0,-100.0,-80.0,-83.0,-83.0,-77.0,-82.0,-77.0,-82.0,-82.0,-81.0,-83.0,-100.0,-100.0,-100.0,-100.0,-100.0,-100.0,-100.0,-100.0,-100.0,-100.0,-100.0,-100.0,-100.0,-100.0,-100.0,-100.0,-100.0,-100.0,-100.0,-100.0,-100.0,-100.0,-100.0,-100.0,-100.0,-100.0,-100.0,-100.0,-100.0,-100.0,-100.0,-100.0,-100.0,-100.0,-100.0,-100.0,-100.0,-100.0,-100.0
2021.05.19 180104,68.0,77.0,-9.086342367307692,48.89355114423078,-29.449191451923074,-0.21490996933486542,0.8208998093269232,9.697736980769232,0.0009368802875000008,-0.003733108596182692,-0.008970460794173076,-0.08443424069824124,0.022173434604028926,0.1877802421267216,1001.7284184615384,-100.0,-100.0,-100.0,-100.0,-100.0,-100.0,-100.0,-100.0,-100.0,-100.0,-100.0,-100.0,-100.0,-100.0,-100.0,-100.0,-100.0,-100.0,-100.0,-100.0,-60.0,-85.0,-100.0,-55.0,-79.0,-83.0,-100.0,-100.0,-60.0,-84.0,-79.0,-55.0,-78.0,-81.0,-100.0,-65.0,-100.0,-100.0,-100.0,-100.0,-100.0,-28.0,-48.0,-100.0,-100.0,-100.0,-100.0,-100.0,-100.0,-100.0,-100.0,-64.0,-100.0,-28.0,-48.0,-100.0,-100.0,-100.0,-100.0,-100.0,-100.0,-100.0,-100.0,-100.0,-100.0,-100.0,-67.0,-53.0,-65.0,-52.0,-65.0,-100.0,-100.0,-100.0,-100.0,-75.0,-100.0,-73.0,-66.0,-44.0,-52.0,-100.0,-100.0,-82.0,-61.0,-60.0,-100.0,-82.0,-100.0,-100.0,-100.0,-100.0,-76.0,-100.0,-76.0,-100.0,-100.0,-100.0,-79.0,-100.0,-100.0,-80.0,-84.0,-80.0,-86.0,-100.0,-100.0,-100.0,-100.0,-100.0,-100.0,-100.0,-100.0,-100.0,-100.0,-100.0,-100.0,-100.0,-100.0,-100.0,-100.0,-100.0,-100.0,-100.0,-100.0,-100.0,-100.0,-100.0,-100.0,-100.0,-100.0,-100.0,-100.0,-100.0,-100.0,-100.0,-100.0,-100.0,-100.0,-100.0,-100.0,-100.0,-100.0,-100.0,-100.0,-100.0,-100.0
2021.05.19 180115,67.0,76.0,-11.872677589108912,47.82308027722772,-28.504839396039607,-0.07383013245544555,0.8547453878217821,9.726366391089112,-0.0026023833927722776,0.0015535226336633662,0.000970840424554456,-0.08773849705363261,0.007642341693828659,0.23667667068467282,1001.7153068316832,-100.0,-100.0,-100.0,-100.0,-100.0,-100.0,-100.0,-100.0,-100.0,-100.0,-100.0,-100.0,-100.0,-100.0,-100.0,-100.0,-76.0,-100.0,-100.0,-100.0,-100.0,-100.0,-70.0,-100.0,-100.0,-100.0,-100.0,-100.0,-100.0,-100.0,-74.0,-100.0,-100.0,-100.0,-100.0,-100.0,-100.0,-100.0,-100.0,-100.0,-100.0,-50.0,-66.0,-100.0,-100.0,-100.0,-100.0,-100.0,-100.0,-100.0,-100.0,-79.0,-100.0,-50.0,-68.0,-100.0,-100.0,-100.0,-100.0,-100.0,-100.0,-100.0,-100.0,-100.0,-100.0,-100.0,-78.0,-53.0,-73.0,-53.0,-100.0,-100.0,-100.0,-100.0,-100.0,-70.0,-100.0,-71.0,-80.0,-50.0,-62.0,-100.0,-100.0,-100.0,-67.0,-68.0,-100.0,-100.0,-100.0,-100.0,-100.0,-100.0,-75.0,-100.0,-74.0,-100.0,-100.0,-100.0,-74.0,-100.0,-100.0,-100.0,-100.0,-100.0,-100.0,-100.0,-100.0,-100.0,-90.0,-82.0,-69.0,-90.0,-84.0,-78.0,-100.0,-100.0,-100.0,-100.0,-100.0,-100.0,-100.0,-100.0,-100.0,-100.0,-100.0,-100.0,-100.0,-100.0,-100.0,-100.0,-100.0,-100.0,-100.0,-100.0,-100.0,-100.0,-100.0,-100.0,-100.0,-100.0,-100.0,-100.0,-100.0,-100.0,-100.0,-100.0,-100.0
2021.05.19 180126,66.0,75.0,-13.299255149484537,44.76466024742269,-25.94988040206186,-0.0630934928814433,0.8009199996907216,9.726794381443298,-0.0028351870212371144,0.0004677535772164948,0.0002870652723711341,-0.08217872348950078,0.006475147667590534,0.2805183772573766,1001.7180750515464,-100.0,-100.0,-100.0,-100.0,-100.0,-100.0,-100.0,-100.0,-100.0,-100.0,-100.0,-100.0,-100.0,-100.0,-100.0,-100.0,-76.0,-100.0,-100.0,-100.0,-79.0,-100.0,-67.0,-57.0,-100.0,-100.0,-100.0,-100.0,-80.0,-100.0,-76.0,-55.0,-100.0,-100.0,-100.0,-100.0,-100.0,-100.0,-100.0,-100.0,-100.0,-59.0,-71.0,-100.0,-100.0,-100.0,-100.0,-100.0,-100.0,-100.0,-100.0,-100.0,-100.0,-59.0,-72.0,-100.0,-100.0,-100.0,-100.0,-100.0,-100.0,-100.0,-100.0,-100.0,-100.0,-100.0,-100.0,-48.0,-67.0,-48.0,-75.0,-100.0,-100.0,-100.0,-100.0,-72.0,-100.0,-71.0,-78.0,-50.0,-54.0,-100.0,-100.0,-100.0,-72.0,-73.0,-100.0,-100.0,-100.0,-100.0,-100.0,-100.0,-68.0,-100.0,-69.0,-100.0,-100.0,-100.0,-75.0,-100.0,-100.0,-66.0,-100.0,-67.0,-100.0,-100.0,-100.0,-100.0,-100.0,-100.0,-67.0,-100.0,-80.0,-100.0,-88.0,-100.0,-100.0,-100.0,-100.0,-100.0,-100.0,-100.0,-100.0,-100.0,-100.0,-100.0,-100.0,-100.0,-100.0,-100.0,-100.0,-100.0,-100.0,-100.0,-100.0,-100.0,-100.0,-100.0,-100.0,-100.0,-100.0,-100.0,-100.0,-100.0,-100.0,-100.0,-100.0
2021.05.19 180137,65.0,74.0,-12.961620642857143,42.67904895918366,-26.020228142857146,-0.03157779599892857,0.6095329071428571,9.730314056122449,-0.0021766956759183675,-0.00214781025905102,-0.007202716542857143,-0.06252448855690196,0.0032032072588997016,0.28667170919325885,1001.7180758163265,-100.0,-100.0,-100.0,-100.0,-100.0,-100.0,-100.0,-100.0,-100.0,-100.0,-100.0,-100.0,-100.0,-100.0,-100.0,-100.0,-73.0,-100.0,-100.0,-100.0,-80.0,-100.0,-62.0,-59.0,-100.0,-100.0,-100.0,-100.0,-79.0,-100.0,-82.0,-57.0,-100.0,-100.0,-100.0,-100.0,-100.0,-100.0,-100.0,-100.0,-100.0,-50.0,-71.0,-100.0,-100.0,-100.0,-100.0,-100.0,-100.0,-100.0,-100.0,-100.0,-100.0,-50.0,-72.0,-100.0,-100.0,-100.0,-100.0,-100.0,-100.0,-100.0,-100.0,-100.0,-100.0,-100.0,-79.0,-50.0,-70.0,-50.0,-77.0,-100.0,-100.0,-100.0,-100.0,-77.0,-100.0,-78.0,-81.0,-50.0,-50.0,-100.0,-100.0,-100.0,-63.0,-62.0,-100.0,-100.0,-83.0,-100.0,-100.0,-100.0,-79.0,-100.0,-78.0,-100.0,-100.0,-100.0,-82.0,-100.0,-100.0,-69.0,-100.0,-67.0,-100.0,-100.0,-81.0,-100.0,-100.0,-83.0,-62.0,-100.0,-83.0,-76.0,-87.0,-80.0,-75.0,-80.0,-79.0,-82.0,-74.0,-100.0,-100.0,-100.0,-100.0,-100.0,-100.0,-100.0,-100.0,-100.0,-100.0,-100.0,-100.0,-100.0,-100.0,-100.0,-100.0,-100.0,-100.0,-100.0,-100.0,-100.0,-100.0,-100.0,-100.0,-100.0,-100.0
2021.05.19 180305,57.0,66.0,-14.50865405940594,43.411623920792074,-26.467993,-0.061434675067326736,0.6534691686138614,9.723433103960396,-0.001412145021584157,-0.0050902831477227725,-0.004955214999009901,-0.06719213888270426,0.006354906426158844,0.3146026845615689,1001.7320844554457,-100.0,-100.0,-100.0,-100.0,-100.0,-100.0,-100.0,-100.0,-100.0,-100.0,-100.0,-100.0,-100.0,-100.0,-100.0,-100.0,-77.0,-100.0,-100.0,-100.0,-78.0,-100.0,-70.0,-100.0,-100.0,-100.0,-100.0,-100.0,-78.0,-100.0,-74.0,-100.0,-100.0,-100.0,-100.0,-100.0,-100.0,-100.0,-100.0,-100.0,-100.0,-58.0,-73.0,-100.0,-100.0,-100.0,-100.0,-100.0,-100.0,-100.0,-100.0,-84.0,-100.0,-57.0,-73.0,-100.0,-100.0,-100.0,-100.0,-100.0,-100.0,-100.0,-100.0,-100.0,-100.0,-100.0,-80.0,-49.0,-100.0,-49.0,-100.0,-100.0,-100.0,-100.0,-100.0,-80.0,-100.0,-79.0,-78.0,-53.0,-60.0,-100.0,-100.0,-100.0,-71.0,-72.0,-100.0,-100.0,-100.0,-100.0,-100.0,-100.0,-81.0,-100.0,-83.0,-100.0,-100.0,-100.0,-76.0,-100.0,-100.0,-63.0,-100.0,-63.0,-100.0,-100.0,-83.0,-100.0,-87.0,-83.0,-68.0,-87.0,-84.0,-79.0,-100.0,-79.0,-79.0,-81.0,-100.0,-79.0,-100.0,-82.0,-87.0,-87.0,-100.0,-100.0,-100.0,-100.0,-100.0,-100.0,-100.0,-100.0,-100.0,-100.0,-100.0,-100.0,-100.0,-100.0,-100.0,-100.0,-100.0,-100.0,-100.0,-100.0,-100.0,-100.0,-100.0
2021.05.19 180316,56.0,65.0,-14.52591435096154,44.020657596153846,-25.387672000000002,-0.037563365206730766,0.5919451688461539,9.73685928846154,-0.005101459749038461,-0.004317693048173076,-0.0037717566013749995,-0.06077820667101495,0.003915190843074973,0.3109123706817627,1001.7353727884617,-100.0,-100.0,-100.0,-100.0,-100.0,-100.0,-100.0,-100.0,-100.0,-100.0,-100.0,-100.0,-100.0,-100.0,-100.0,-100.0,-75.0,-100.0,-100.0,-100.0,-100.0,-100.0,-100.0,-64.0,-100.0,-100.0,-100.0,-100.0,-100.0,-100.0,-71.0,-64.0,-100.0,-100.0,-100.0,-85.0,-100.0,-100.0,-100.0,-100.0,-100.0,-66.0,-75.0,-100.0,-100.0,-100.0,-100.0,-100.0,-100.0,-100.0,-100.0,-82.0,-100.0,-65.0,-74.0,-100.0,-100.0,-100.0,-100.0,-100.0,-100.0,-100.0,-100.0,-100.0,-100.0,-100.0,-84.0,-65.0,-100.0,-64.0,-100.0,-100.0,-100.0,-100.0,-100.0,-82.0,-100.0,-77.0,-100.0,-68.0,-68.0,-100.0,-100.0,-100.0,-89.0,-87.0,-100.0,-100.0,-100.0,-100.0,-100.0,-100.0,-85.0,-100.0,-86.0,-100.0,-100.0,-100.0,-72.0,-100.0,-100.0,-100.0,-100.0,-47.0,-100.0,-100.0,-81.0,-100.0,-81.0,-100.0,-56.0,-82.0,-100.0,-73.0,-100.0,-73.0,-71.0,-81.0,-79.0,-72.0,-75.0,-82.0,-74.0,-73.0,-100.0,-100.0,-100.0,-100.0,-100.0,-100.0,-100.0,-100.0,-100.0,-100.0,-100.0,-100.0,-100.0,-100.0,-100.0,-100.0,-100.0,-100.0,-100.0,-100.0,-100.0,-100.0,-100.0
2021.05.19 180327,55.0,64.0,-14.072377873786408,43.508369271844664,-24.702291912621355,0.09169853518126211,0.633823359145631,9.740510582524273,-0.0012583634868932037,-0.004361268944951456,-0.002060542582786408,-0.0650035381154383,-0.009406775442682156,0.29814166582903817,1001.737089514563,-100.0,-100.0,-100.0,-100.0,-100.0,-100.0,-100.0,-100.0,-100.0,-100.0,-100.0,-100.0,-100.0,-100.0,-100.0,-100.0,-71.0,-100.0,-100.0,-100.0,-100.0,-100.0,-49.0,-71.0,-100.0,-100.0,-100.0,-100.0,-100.0,-100.0,-75.0,-70.0,-100.0,-100.0,-100.0,-100.0,-100.0,-100.0,-100.0,-100.0,-100.0,-69.0,-76.0,-100.0,-100.0,-100.0,-100.0,-100.0,-100.0,-100.0,-100.0,-100.0,-100.0,-69.0,-76.0,-100.0,-100.0,-100.0,-100.0,-100.0,-100.0,-100.0,-100.0,-100.0,-100.0,-100.0,-100.0,-70.0,-100.0,-70.0,-100.0,-100.0,-100.0,-100.0,-100.0,-81.0,-100.0,-82.0,-100.0,-67.0,-67.0,-100.0,-100.0,-100.0,-91.0,-91.0,-100.0,-100.0,-100.0,-100.0,-100.0,-100.0,-86.0,-100.0,-86.0,-100.0,-100.0,-100.0,-73.0,-100.0,-100.0,-42.0,-100.0,-50.0,-100.0,-100.0,-82.0,-100.0,-69.0,-80.0,-49.0,-70.0,-80.0,-67.0,-76.0,-73.0,-68.0,-81.0,-70.0,-76.0,-73.0,-81.0,-76.0,-76.0,-77.0,-100.0,-100.0,-100.0,-100.0,-100.0,-100.0,-100.0,-100.0,-100.0,-100.0,-100.0,-100.0,-100.0,-100.0,-100.0,-100.0,-100.0,-100.0,-100.0,-100.0,-100.0,-100.0
2021.05.19 180338,54.0,63.0,-11.621530509900989,43.14524768316831,-25.84388207920792,0.016871674716831687,0.9327318099009904,9.718592222772276,-0.00027356457881188217,-0.0027862883324752475,-0.0011205389331683173,-0.09569675656090865,-0.0017735758282838923,0.24953284535077538,1001.7382309900993,-100.0,-100.0,-100.0,-100.0,-100.0,-100.0,-100.0,-100.0,-100.0,-100.0,-100.0,-100.0,-100.0,-100.0,-100.0,-100.0,-77.0,-100.0,-100.0,-100.0,-100.0,-100.0,-52.0,-68.0,-100.0,-100.0,-100.0,-100.0,-100.0,-100.0,-71.0,-68.0,-100.0,-100.0,-100.0,-100.0,-100.0,-100.0,-100.0,-100.0,-100.0,-70.0,-80.0,-100.0,-100.0,-100.0,-100.0,-100.0,-100.0,-100.0,-100.0,-100.0,-100.0,-69.0,-80.0,-100.0,-100.0,-100.0,-100.0,-100.0,-100.0,-100.0,-100.0,-100.0,-100.0,-100.0,-100.0,-70.0,-100.0,-71.0,-100.0,-100.0,-100.0,-100.0,-100.0,-80.0,-100.0,-81.0,-100.0,-74.0,-73.0,-100.0,-100.0,-100.0,-90.0,-87.0,-100.0,-100.0,-100.0,-100.0,-100.0,-100.0,-100.0,-100.0,-100.0,-100.0,-100.0,-100.0,-71.0,-100.0,-100.0,-48.0,-100.0,-51.0,-100.0,-100.0,-81.0,-100.0,-79.0,-77.0,-52.0,-78.0,-81.0,-71.0,-81.0,-74.0,-71.0,-82.0,-70.0,-73.0,-71.0,-82.0,-67.0,-67.0,-80.0,-100.0,-100.0,-100.0,-100.0,-100.0,-100.0,-100.0,-100.0,-100.0,-100.0,-100.0,-100.0,-100.0,-100.0,-100.0,-100.0,-100.0,-100.0,-100.0,-100.0,-100.0,-100.0
2021.05.19 180511,46.0,55.0,-12.201931153465347,45.019686514851486,-29.95900333663366,0.10395321413861384,0.8757451173267325,9.712580356435645,-0.006116173176138615,-0.004610102109207921,-0.002718959883168318,-0.08997709779898716,-0.010726197951791382,0.2448250468414609,1001.6949123762375,-100.0,-100.0,-100.0,-100.0,-100.0,-100.0,-100.0,-100.0,-100.0,-100.0,-100.0,-100.0,-100.0,-100.0,-100.0,-100.0,-100.0,-100.0,-100.0,-100.0,-100.0,-100.0,-55.0,-73.0,-100.0,-100.0,-100.0,-100.0,-100.0,-100.0,-71.0,-72.0,-100.0,-100.0,-100.0,-100.0,-100.0,-100.0,-100.0,-100.0,-100.0,-65.0,-72.0,-100.0,-100.0,-100.0,-100.0,-100.0,-100.0,-100.0,-100.0,-100.0,-100.0,-66.0,-74.0,-100.0,-100.0,-100.0,-100.0,-100.0,-100.0,-100.0,-100.0,-100.0,-100.0,-100.0,-100.0,-63.0,-100.0,-62.0,-85.0,-100.0,-100.0,-100.0,-100.0,-86.0,-100.0,-85.0,-100.0,-74.0,-73.0,-100.0,-100.0,-100.0,-100.0,-100.0,-100.0,-100.0,-100.0,-100.0,-100.0,-100.0,-100.0,-100.0,-100.0,-100.0,-100.0,-100.0,-71.0,-100.0,-100.0,-44.0,-100.0,-52.0,-100.0,-100.0,-82.0,-100.0,-70.0,-81.0,-55.0,-70.0,-78.0,-69.0,-79.0,-80.0,-69.0,-81.0,-73.0,-80.0,-73.0,-81.0,-70.0,-70.0,-79.0,-94.0,-100.0,-100.0,-100.0,-100.0,-100.0,-100.0,-100.0,-100.0,-100.0,-100.0,-100.0,-100.0,-100.0,-100.0,-100.0,-100.0,-100.0,-100.0,-100.0,-100.0,-100.0
2021.05.19 180521,45.0,54.0,-11.134997491596636,45.00707360504201,-29.29191579831933,0.10036072226134454,0.7226819456302521,9.735645298319326,0.0030053003178487385,-0.003793010930252101,-0.0033535806205042015,-0.07414700317846123,-0.010296172728740479,0.226171579431085,1001.6967914285714,-100.0,-100.0,-100.0,-100.0,-100.0,-100.0,-100.0,-100.0,-100.0,-100.0,-100.0,-100.0,-100.0,-100.0,-100.0,-100.0,-83.0,-100.0,-100.0,-100.0,-100.0,-100.0,-51.0,-100.0,-100.0,-100.0,-100.0,-100.0,-100.0,-100.0,-70.0,-100.0,-100.0,-100.0,-100.0,-100.0,-100.0,-100.0,-100.0,-100.0,-100.0,-69.0,-88.0,-100.0,-100.0,-100.0,-100.0,-100.0,-100.0,-100.0,-100.0,-100.0,-100.0,-70.0,-89.0,-100.0,-100.0,-100.0,-100.0,-100.0,-100.0,-100.0,-100.0,-100.0,-100.0,-100.0,-100.0,-73.0,-100.0,-71.0,-100.0,-100.0,-100.0,-100.0,-100.0,-100.0,-100.0,-100.0,-100.0,-71.0,-73.0,-100.0,-100.0,-100.0,-100.0,-100.0,-100.0,-100.0,-100.0,-100.0,-100.0,-100.0,-100.0,-100.0,-100.0,-100.0,-100.0,-100.0,-70.0,-100.0,-100.0,-70.0,-100.0,-69.0,-100.0,-100.0,-77.0,-100.0,-78.0,-79.0,-51.0,-78.0,-81.0,-59.0,-71.0,-80.0,-59.0,-78.0,-54.0,-81.0,-56.0,-75.0,-92.0,-92.0,-70.0,-95.0,-84.0,-93.0,-80.0,-91.0,-81.0,-100.0,-100.0,-100.0,-100.0,-100.0,-100.0,-100.0,-100.0,-100.0,-100.0,-100.0,-100.0,-100.0,-100.0,-100.0,-100.0
2021.05.19 180534,44.0,53.0,-12.200786135416669,46.61310688541667,-29.481340239583336,0.09229508586458335,0.766466528125,9.715716484375,-0.0046402093442708325,-0.0021785165841666666,0.002273419434791667,-0.07874419757475451,-0.009517640430810041,0.2394804999542733,1001.6978429166667,-100.0,-100.0,-100.0,-100.0,-100.0,-100.0,-100.0,-100.0,-100.0,-100.0,-100.0,-100.0,-100.0,-100.0,-100.0,-100.0,-80.0,-100.0,-100.0,-100.0,-100.0,-100.0,-100.0,-100.0,-100.0,-100.0,-100.0,-100.0,-100.0,-100.0,-61.0,-100.0,-100.0,-100.0,-100.0,-100.0,-100.0,-100.0,-100.0,-100.0,-100.0,-75.0,-100.0,-100.0,-100.0,-100.0,-100.0,-100.0,-100.0,-100.0,-100.0,-100.0,-100.0,-74.0,-100.0,-100.0,-100.0,-100.0,-100.0,-100.0,-100.0,-100.0,-100.0,-100.0,-100.0,-100.0,-100.0,-76.0,-100.0,-74.0,-100.0,-100.0,-100.0,-100.0,-100.0,-100.0,-100.0,-100.0,-100.0,-78.0,-78.0,-100.0,-100.0,-100.0,-100.0,-100.0,-100.0,-100.0,-100.0,-100.0,-100.0,-100.0,-100.0,-100.0,-100.0,-100.0,-100.0,-100.0,-100.0,-100.0,-100.0,-72.0,-100.0,-71.0,-100.0,-100.0,-70.0,-100.0,-76.0,-83.0,-46.0,-78.0,-80.0,-63.0,-80.0,-100.0,-100.0,-70.0,-100.0,-79.0,-50.0,-77.0,-100.0,-93.0,-79.0,-100.0,-100.0,-92.0,-81.0,-100.0,-82.0,-82.0,-87.0,-87.0,-100.0,-100.0,-100.0,-100.0,-100.0,-100.0,-100.0,-100.0,-100.0,-100.0,-100.0,-100.0,-100.0
2021.05.19 180545,43.0,52.0,-13.621224730769232,46.98821248076923,-29.536176759615387,0.18712530364903845,0.7953027916346154,9.715749379807693,-0.004376684573653846,-0.004439121808557692,-0.003265655962269231,-0.08166338392318438,-0.01939213666236561,0.25878705284916437,1001.699443076923,-100.0,-100.0,-100.0,-100.0,-100.0,-100.0,-100.0,-100.0,-100.0,-100.0,-100.0,-100.0,-100.0,-100.0,-100.0,-100.0,-100.0,-100.0,-100.0,-100.0,-100.0,-100.0,-54.0,-100.0,-100.0,-100.0,-100.0,-100.0,-100.0,-100.0,-58.0,-100.0,-100.0,-100.0,-100.0,-100.0,-100.0,-100.0,-100.0,-100.0,-100.0,-71.0,-85.0,-100.0,-100.0,-100.0,-100.0,-100.0,-100.0,-100.0,-100.0,-100.0,-100.0,-72.0,-86.0,-100.0,-100.0,-100.0,-100.0,-100.0,-100.0,-100.0,-100.0,-100.0,-100.0,-100.0,-100.0,-78.0,-100.0,-77.0,-100.0,-100.0,-100.0,-100.0,-100.0,-100.0,-100.0,-100.0,-100.0,-77.0,-77.0,-100.0,-100.0,-100.0,-90.0,-89.0,-100.0,-100.0,-100.0,-100.0,-100.0,-100.0,-100.0,-100.0,-100.0,-100.0,-100.0,-100.0,-58.0,-100.0,-100.0,-75.0,-100.0,-75.0,-100.0,-100.0,-100.0,-100.0,-79.0,-100.0,-59.0,-79.0,-100.0,-65.0,-69.0,-100.0,-66.0,-74.0,-50.0,-100.0,-50.0,-78.0,-100.0,-100.0,-68.0,-100.0,-100.0,-100.0,-72.0,-87.0,-71.0,-84.0,-87.0,-88.0,-85.0,-88.0,-100.0,-100.0,-100.0,-100.0,-100.0,-100.0,-100.0,-100.0,-100.0,-100.0,-100.0
2021.05.19 180714,35.0,44.0,-13.449879721698112,44.60880633962264,-25.010881433962265,0.13222731599433962,0.6039861401509434,9.750180245283019,-0.006053089885849056,-0.001772878352075472,-0.00476065682990566,-0.061826513157630256,-0.01359115629926439,0.2770683249493815,1001.7000016981132,-100.0,-100.0,-100.0,-100.0,-100.0,-100.0,-100.0,-100.0,-100.0,-100.0,-100.0,-100.0,-100.0,-100.0,-100.0,-100.0,-100.0,-100.0,-100.0,-100.0,-100.0,-100.0,-54.0,-100.0,-100.0,-100.0,-100.0,-100.0,-100.0,-100.0,-54.0,-100.0,-100.0,-100.0,-100.0,-100.0,-100.0,-100.0,-100.0,-100.0,-100.0,-71.0,-90.0,-100.0,-100.0,-100.0,-100.0,-100.0,-100.0,-100.0,-100.0,-100.0,-100.0,-73.0,-100.0,-100.0,-100.0,-100.0,-100.0,-100.0,-100.0,-100.0,-100.0,-100.0,-100.0,-100.0,-100.0,-78.0,-100.0,-75.0,-100.0,-100.0,-100.0,-100.0,-100.0,-100.0,-100.0,-100.0,-100.0,-80.0,-81.0,-100.0,-100.0,-100.0,-90.0,-91.0,-100.0,-100.0,-100.0,-100.0,-100.0,-100.0,-100.0,-100.0,-100.0,-100.0,-100.0,-100.0,-54.0,-100.0,-100.0,-75.0,-100.0,-77.0,-100.0,-100.0,-76.0,-100.0,-76.0,-82.0,-56.0,-76.0,-86.0,-66.0,-66.0,-100.0,-67.0,-80.0,-47.0,-100.0,-47.0,-74.0,-100.0,-100.0,-66.0,-100.0,-100.0,-100.0,-66.0,-100.0,-68.0,-100.0,-86.0,-87.0,-100.0,-100.0,-100.0,-100.0,-100.0,-100.0,-100.0,-100.0,-100.0,-100.0,-100.0,-100.0,-100.0
2021.05.19 180725,34.0,43.0,-11.763048242857144,43.68866741904762,-26.777983133333336,0.09756898798885714,0.7285369217142857,9.718671752380951,-0.0013767522105333331,-0.001444914251142857,-0.0032722867940952385,-0.07482288121467541,-0.01009342424118756,0.24683360783826738,1001.6982701904763,-100.0,-100.0,-100.0,-100.0,-100.0,-100.0,-100.0,-100.0,-100.0,-100.0,-100.0,-100.0,-100.0,-100.0,-100.0,-100.0,-100.0,-100.0,-100.0,-100.0,-81.0,-100.0,-66.0,-100.0,-100.0,-100.0,-100.0,-100.0,-82.0,-100.0,-53.0,-100.0,-100.0,-100.0,-100.0,-100.0,-100.0,-100.0,-100.0,-100.0,-100.0,-73.0,-100.0,-100.0,-100.0,-100.0,-100.0,-100.0,-100.0,-100.0,-100.0,-100.0,-100.0,-73.0,-100.0,-100.0,-100.0,-100.0,-100.0,-100.0,-100.0,-100.0,-100.0,-100.0,-100.0,-100.0,-100.0,-76.0,-100.0,-80.0,-100.0,-100.0,-100.0,-100.0,-100.0,-100.0,-100.0,-100.0,-100.0,-79.0,-80.0,-100.0,-100.0,-100.0,-100.0,-100.0,-100.0,-100.0,-100.0,-100.0,-100.0,-100.0,-100.0,-100.0,-100.0,-100.0,-100.0,-100.0,-53.0,-100.0,-100.0,-100.0,-100.0,-100.0,-100.0,-100.0,-66.0,-100.0,-100.0,-75.0,-67.0,-100.0,-74.0,-80.0,-72.0,-100.0,-77.0,-68.0,-66.0,-100.0,-67.0,-76.0,-100.0,-100.0,-74.0,-100.0,-74.0,-100.0,-100.0,-100.0,-100.0,-100.0,-75.0,-74.0,-100.0,-100.0,-91.0,-87.0,-79.0,-89.0,-89.0,-80.0,-100.0,-100.0,-100.0,-100.0,-100.0
2021.05.19 180736,33.0,42.0,-10.867811499999998,42.40025131775702,-28.071074401869158,0.027922645580373832,0.7644741463551401,9.728432443925234,-0.0013374240118411212,-0.0035968522827476636,-0.008774368183738319,-0.0784234063717249,-0.0028975426944823357,0.23786454752226857,1001.6983223364485,-100.0,-100.0,-100.0,-100.0,-100.0,-100.0,-100.0,-100.0,-100.0,-100.0,-100.0,-100.0,-100.0,-100.0,-100.0,-100.0,-100.0,-100.0,-100.0,-100.0,-100.0,-100.0,-69.0,-100.0,-100.0,-100.0,-100.0,-100.0,-100.0,-100.0,-52.0,-100.0,-100.0,-100.0,-100.0,-100.0,-100.0,-100.0,-100.0,-100.0,-100.0,-71.0,-89.0,-100.0,-100.0,-100.0,-100.0,-100.0,-100.0,-100.0,-100.0,-100.0,-100.0,-71.0,-89.0,-100.0,-100.0,-100.0,-100.0,-100.0,-100.0,-100.0,-100.0,-100.0,-100.0,-100.0,-100.0,-74.0,-100.0,-72.0,-100.0,-100.0,-100.0,-100.0,-100.0,-100.0,-100.0,-100.0,-100.0,-100.0,-100.0,-100.0,-100.0,-100.0,-90.0,-100.0,-100.0,-100.0,-100.0,-100.0,-100.0,-100.0,-100.0,-100.0,-100.0,-100.0,-100.0,-100.0,-100.0,-100.0,-100.0,-100.0,-100.0,-100.0,-100.0,-100.0,-66.0,-100.0,-100.0,-70.0,-68.0,-100.0,-70.0,-100.0,-77.0,-100.0,-100.0,-66.0,-72.0,-100.0,-72.0,-73.0,-100.0,-100.0,-77.0,-100.0,-77.0,-100.0,-89.0,-100.0,-91.0,-76.0,-69.0,-69.0,-81.0,-100.0,-88.0,-90.0,-100.0,-86.0,-89.0,-100.0,-81.0,-100.0,-100.0,-100.0,-100.0
2021.05.19 180747,32.0,41.0,-10.868125178217818,44.23225877227725,-27.50887512871287,0.1226482562940594,0.7961940499009902,9.717503089108911,-0.003322990338613862,0.0005778752516831681,0.0008819713620792071,-0.08175922155675318,-0.012664339375465444,0.223102673593134,1001.6968806930694,-100.0,-100.0,-100.0,-100.0,-100.0,-100.0,-100.0,-100.0,-100.0,-100.0,-100.0,-100.0,-100.0,-100.0,-100.0,-100.0,-100.0,-100.0,-100.0,-100.0,-100.0,-100.0,-73.0,-100.0,-100.0,-100.0,-100.0,-100.0,-100.0,-100.0,-52.0,-100.0,-100.0,-100.0,-100.0,-100.0,-100.0,-100.0,-100.0,-100.0,-100.0,-74.0,-100.0,-100.0,-100.0,-100.0,-100.0,-100.0,-100.0,-100.0,-100.0,-100.0,-100.0,-75.0,-100.0,-100.0,-100.0,-100.0,-100.0,-100.0,-100.0,-100.0,-100.0,-100.0,-100.0,-100.0,-100.0,-79.0,-100.0,-80.0,-100.0,-100.0,-100.0,-100.0,-100.0,-100.0,-100.0,-100.0,-100.0,-87.0,-82.0,-100.0,-100.0,-100.0,-100.0,-100.0,-100.0,-100.0,-100.0,-100.0,-100.0,-100.0,-100.0,-100.0,-100.0,-100.0,-100.0,-100.0,-52.0,-100.0,-100.0,-100.0,-100.0,-100.0,-100.0,-100.0,-59.0,-100.0,-100.0,-67.0,-74.0,-100.0,-68.0,-100.0,-78.0,-100.0,-100.0,-59.0,-69.0,-100.0,-68.0,-75.0,-100.0,-100.0,-78.0,-100.0,-71.0,-100.0,-100.0,-100.0,-100.0,-73.0,-73.0,-73.0,-100.0,-100.0,-92.0,-82.0,-100.0,-91.0,-83.0,-100.0,-100.0,-100.0,-100.0,-100.0,-100.0
2021.05.19 180919,24.0,33.0,-8.676489838679245,45.85538714150943,-26.417857594339626,0.07712643914716981,0.8435334409433963,9.727940254716982,-0.0034595197857547164,-0.0013884585463490569,-0.002076934275377358,-0.0865284368958113,-0.007915155646360432,0.17457711907490245,1001.5838196226415,-100.0,-100.0,-100.0,-100.0,-100.0,-100.0,-100.0,-100.0,-100.0,-100.0,-100.0,-100.0,-100.0,-100.0,-100.0,-100.0,-100.0,-100.0,-100.0,-100.0,-100.0,-100.0,-72.0,-100.0,-100.0,-100.0,-100.0,-100.0,-100.0,-100.0,-58.0,-100.0,-100.0,-100.0,-100.0,-100.0,-100.0,-100.0,-100.0,-100.0,-100.0,-75.0,-87.0,-100.0,-100.0,-100.0,-100.0,-100.0,-100.0,-100.0,-100.0,-100.0,-100.0,-75.0,-87.0,-100.0,-100.0,-100.0,-100.0,-100.0,-100.0,-100.0,-100.0,-100.0,-100.0,-100.0,-100.0,-100.0,-100.0,-81.0,-100.0,-100.0,-100.0,-100.0,-100.0,-100.0,-100.0,-100.0,-100.0,-100.0,-100.0,-100.0,-100.0,-100.0,-100.0,-100.0,-100.0,-100.0,-100.0,-100.0,-100.0,-100.0,-100.0,-100.0,-100.0,-100.0,-100.0,-100.0,-54.0,-100.0,-100.0,-100.0,-100.0,-100.0,-100.0,-100.0,-65.0,-100.0,-100.0,-100.0,-71.0,-100.0,-100.0,-100.0,-100.0,-100.0,-100.0,-65.0,-67.0,-100.0,-67.0,-79.0,-100.0,-100.0,-100.0,-100.0,-77.0,-100.0,-100.0,-100.0,-100.0,-100.0,-78.0,-77.0,-100.0,-100.0,-91.0,-100.0,-75.0,-100.0,-100.0,-75.0,-100.0,-83.0,-100.0,-100.0,-100.0
2021.05.19 180930,23.0,32.0,-8.47155091089109,48.340855386138614,-26.46834347524752,0.13940351704752474,0.8136023563366336,9.70884887128713,-0.005733392401782178,0.0005743433815841582,0.0010775239835247527,-0.08362940709927291,-0.01440976906912443,0.1591123666356105,1001.5825874257425,-100.0,-100.0,-100.0,-100.0,-100.0,-100.0,-100.0,-100.0,-100.0,-100.0,-100.0,-100.0,-100.0,-100.0,-100.0,-100.0,-100.0,-100.0,-100.0,-100.0,-100.0,-100.0,-100.0,-100.0,-100.0,-100.0,-100.0,-100.0,-100.0,-100.0,-70.0,-100.0,-100.0,-100.0,-100.0,-100.0,-100.0,-100.0,-100.0,-100.0,-100.0,-80.0,-100.0,-100.0,-100.0,-100.0,-100.0,-100.0,-100.0,-100.0,-100.0,-100.0,-81.0,-81.0,-100.0,-100.0,-100.0,-100.0,-100.0,-100.0,-100.0,-100.0,-100.0,-82.0,-100.0,-100.0,-100.0,-82.0,-100.0,-80.0,-100.0,-100.0,-100.0,-100.0,-100.0,-100.0,-100.0,-100.0,-100.0,-100.0,-100.0,-100.0,-100.0,-100.0,-100.0,-100.0,-100.0,-100.0,-100.0,-100.0,-100.0,-100.0,-100.0,-100.0,-100.0,-100.0,-100.0,-100.0,-65.0,-100.0,-100.0,-100.0,-100.0,-100.0,-100.0,-100.0,-77.0,-100.0,-100.0,-50.0,-100.0,-100.0,-50.0,-100.0,-100.0,-100.0,-100.0,-77.0,-79.0,-100.0,-80.0,-84.0,-100.0,-100.0,-100.0,-100.0,-57.0,-100.0,-100.0,-100.0,-100.0,-100.0,-80.0,-80.0,-100.0,-100.0,-70.0,-100.0,-77.0,-71.0,-100.0,-78.0,-83.0,-82.0,-82.0,-90.0,-100.0
2021.05.19 180943,22.0,31.0,-7.694573303738317,47.42728508411216,-26.718573224299064,-0.028696100011495328,0.8425864525233643,9.71321135046729,-0.0006995075530214952,-0.0033184735798130844,-0.0039851719962616826,-0.08653875029532705,0.002946926260796229,0.15549950963147333,1001.5881358878506,-100.0,-100.0,-100.0,-100.0,-100.0,-100.0,-100.0,-100.0,-100.0,-100.0,-100.0,-100.0,-100.0,-100.0,-100.0,-100.0,-100.0,-100.0,-100.0,-100.0,-100.0,-100.0,-78.0,-100.0,-100.0,-100.0,-100.0,-100.0,-100.0,-100.0,-66.0,-100.0,-100.0,-100.0,-100.0,-100.0,-100.0,-100.0,-100.0,-100.0,-100.0,-81.0,-100.0,-100.0,-100.0,-100.0,-100.0,-100.0,-100.0,-100.0,-100.0,-100.0,-100.0,-81.0,-100.0,-100.0,-100.0,-100.0,-100.0,-100.0,-100.0,-100.0,-100.0,-100.0,-100.0,-100.0,-100.0,-82.0,-100.0,-81.0,-100.0,-100.0,-100.0,-100.0,-100.0,-100.0,-100.0,-100.0,-100.0,-100.0,-100.0,-100.0,-100.0,-100.0,-100.0,-100.0,-100.0,-100.0,-100.0,-100.0,-100.0,-100.0,-100.0,-100.0,-100.0,-100.0,-100.0,-100.0,-59.0,-100.0,-100.0,-100.0,-100.0,-100.0,-100.0,-100.0,-78.0,-100.0,-100.0,-56.0,-78.0,-100.0,-54.0,-80.0,-100.0,-100.0,-81.0,-80.0,-81.0,-100.0,-100.0,-100.0,-100.0,-100.0,-100.0,-100.0,-56.0,-100.0,-100.0,-100.0,-100.0,-73.0,-86.0,-86.0,-100.0,-100.0,-72.0,-100.0,-100.0,-72.0,-100.0,-77.0,-83.0,-85.0,-81.0,-74.0,-100.0
2021.05.19 180955,21.0,30.0,-8.670415936274512,47.82832510784314,-25.83378080392157,0.0005885766431372555,0.8177186404901962,9.713565764705884,-0.0012344424204901961,-0.0028513198961764704,-0.002770511762215687,-0.08398025742202407,-0.00011136081850376847,0.17213755502712488,1001.5858907843136,-100.0,-100.0,-100.0,-100.0,-100.0,-100.0,-100.0,-100.0,-100.0,-100.0,-100.0,-100.0,-100.0,-100.0,-100.0,-100.0,-100.0,-100.0,-100.0,-100.0,-100.0,-100.0,-100.0,-100.0,-100.0,-100.0,-100.0,-100.0,-100.0,-100.0,-58.0,-100.0,-100.0,-100.0,-100.0,-100.0,-100.0,-100.0,-100.0,-100.0,-100.0,-82.0,-100.0,-100.0,-100.0,-100.0,-100.0,-100.0,-100.0,-100.0,-100.0,-100.0,-100.0,-81.0,-100.0,-100.0,-100.0,-100.0,-100.0,-100.0,-100.0,-100.0,-100.0,-100.0,-100.0,-100.0,-100.0,-82.0,-100.0,-78.0,-100.0,-100.0,-100.0,-100.0,-100.0,-100.0,-100.0,-100.0,-100.0,-100.0,-100.0,-100.0,-100.0,-100.0,-100.0,-100.0,-100.0,-100.0,-100.0,-100.0,-100.0,-100.0,-100.0,-100.0,-100.0,-100.0,-100.0,-100.0,-61.0,-100.0,-100.0,-100.0,-100.0,-100.0,-100.0,-100.0,-83.0,-100.0,-100.0,-54.0,-100.0,-100.0,-55.0,-100.0,-100.0,-100.0,-100.0,-80.0,-81.0,-100.0,-100.0,-82.0,-100.0,-100.0,-100.0,-100.0,-57.0,-100.0,-100.0,-100.0,-100.0,-70.0,-78.0,-79.0,-100.0,-100.0,-69.0,-100.0,-100.0,-69.0,-100.0,-100.0,-82.0,-85.0,-81.0,-100.0,-81.0
