Timestamp,True_X,True_Y,Mean_Mag_x,Mean_Mag_y,Mean_Mag_z,Mean_Acc_x,Mean_Acc_y,Mean_Acc_z,Mean_Gyro_x,Mean_Gyro_y,Mean_Gyro_z,Mean_Orn_x,Mean_Orn_y,Mean_Orn_z,Mean_Pressure,00:1a:ab:a0:de:a3,00:1a:ab:a0:de:a7,00:1a:ab:a0:de:a8,00:1a:ab:a0:de:a9,00:1a:ac:a0:de:c2,00:1a:ac:a0:de:f1,00:1a:ac:a0:de:f9,00:1a:ac:a0:de:h5,00:1a:ac:a0:de:i2,00:1a:ac:a0:de:j1,00:1a:ac:a0:de:j5,00:1a:ac:a0:de:j7,00:1a:ac:a0:de:k3,00:1a:ac:a0:de:k6,00:1a:ac:a0:de:l4,00:1a:ac:a0:de:l7,00:1a:ac:a0:de:l9,00:1a:ac:a0:de:n6,00:1a:ac:a0:de:n7,00:1a:ac:a0:de:r1,00:1a:ac:a0:de:r7,00:1a:ac:a0:de:r9,00:1a:ac:a0:de:s6,00:1a:ac:a0:de:s7,00:1a:ac:a0:de:t3,00:1a:ac:a0:de:t4,00:1a:ac:a0:de:v7,00:1a:ac:a0:de:w4,00:1a:ac:a0:de:w6,f0:b0:52:6a:20:cc,00:1a:ab:a0:de:a2,00:1a:ab:a0:de:a4,00:1a:ac:a0:de:b7,00:1a:ac:a0:de:b8,00:1a:ac:a0:de:d3,00:1a:ac:a0:de:f6,00:1a:ac:a0:de:h4,00:1a:ac:a0:de:h7,00:1a:ac:a0:de:i8,00:1a:ac:a0:de:k7,00:1a:ac:a0:de:k8,00:1a:ac:a0:de:n8,00:1a:ac:a0:de:p3,00:1a:ac:a0:de:p5,00:1a:ac:a0:de:p6,00:1a:ac:a0:de:p7,00:1a:ac:a0:de:p8,00:1a:ac:a0:de:r2,00:1a:ac:a0:de:r5,00:1a:ac:a0:de:r6,00:1a:ac:a0:de:s2,00:1a:ac:a0:de:s3,00:1a:ac:a0:de:s4,00:1a:ac:a0:de:s5,00:1a:ac:a0:de:t7,00:1a:ac:a0:de:t9,00:1a:ac:a0:de:u2,00:1a:ac:a0:de:u3,00:1a:ac:a0:de:u4,00:1a:ac:a0:de:u5,00:1a:ac:a0:de:v8,00:1a:ac:a0:de:w2,00:1a:ac:a0:de:w3,00:1a:ac:a0:de:w8,00:1a:ac:a0:de:w9,00:1a:ac:a0:de:x1,f0:b0:52:6a:1f:cc,f0:b0:52:6a:20:c8,f4:28:53:71:29:24,fa:d0:27:36:de:a9,00:1a:ac:a0:de:f5,00:1a:ac:a0:de:m2,00:1a:ac:a0:de:n2,00:1a:ac:a0:de:t5,00:1a:ac:a0:de:h3,00:1a:ac:a0:de:p4,00:1a:ac:a0:de:u1,00:1a:ac:a0:de:b3,00:1a:ac:a0:de:b6,00:1a:ac:a0:de:f7,00:1a:ac:a0:de:g9,00:1a:ac:a0:de:h6,00:1a:ac:a0:de:k2,00:1a:ac:a0:de:k9,00:1a:ac:a0:de:p1,00:1a:ac:a0:de:s1,00:1a:ac:a0:de:w7,00:1a:ab:a0:de:a1,00:1a:ac:a0:de:b2,00:1a:ac:a0:de:h2,00:1a:ac:a0:de:m1,00:1a:ac:a0:de:n4,00:1a:ac:a0:de:p2,00:1a:ac:a0:de:t1,00:1a:ac:a0:de:t8,00:1a:ac:a0:de:i3,00:1a:ac:a0:de:m3,00:1a:ac:a0:de:e8,00:1a:ac:a0:de:k4,00:1a:ac:a0:de:l5,00:1a:ac:a0:de:r3,00:1a:ac:a0:de:i1,00:1a:ac:a0:de:l1,00:1a:ac:a0:de:f3,00:1a:ac:a0:de:h9,00:1a:ac:a0:de:g2,00:1a:ac:a0:de:j9,00:1a:ac:a0:de:q4,00:1a:ac:a0:de:u8,00:1a:ac:a0:de:f8,00:1a:ac:a0:de:f2,00:1a:ac:a0:de:g5,00:1a:ac:a0:de:l2,00:1a:ac:a0:de:n9,00:1a:ac:a0:de:t6,00:1a:ac:a0:de:i9,00:1a:ac:a0:de:m4,00:1a:ac:a0:de:e9,00:1a:ac:a0:de:v1,00:1a:ac:a0:de:q2,00:1a:ac:a0:de:g1,00:1a:ac:a0:de:l8,00:1a:ac:a0:de:g7,00:1a:ac:a0:de:j6,00:1a:ac:a0:de:j8,90:9f:33:a4:06:5c,00:1a:ac:a0:de:g8,00:1a:ac:a0:de:n5,00:1a:ac:a0:de:v9,00:1a:ac:a0:de:b1,00:1a:ac:a0:de:k1,00:1a:ac:a0:de:t2,00:1a:ac:a0:de:b4,00:1a:ac:a0:de:i6,00:1a:ac:a0:de:r4,00:1a:ac:a0:de:w1,00:1a:ac:a0:de:q6,00:1a:ac:a0:de:v3,00:1a:ac:a0:de:i7,00:1a:ac:a0:de:r8,00:1a:ac:a0:de:w5,00:1a:ac:a0:de:j2,00:1a:ac:a0:de:m7,00:1a:ac:a0:de:q5,00:1a:ac:a0:de:v2,00:1a:ac:a0:de:m6,00:1a:ac:a0:de:m5,00:1a:ac:a0:de:q3,00:1a:ac:a0:de:u9,00:1a:ac:a0:de:p9,00:1a:ac:a0:de:u6,00:1a:ac:a0:de:b9,00:1a:ac:a0:de:q8,00:1a:ac:a0:de:s8,00:1a:ac:a0:de:v5,f0:b0:52:6a:26:78
2021.01.16 153717,1.0,27.0,-11.659996628834355,20.734670134969324,-16.87328324233129,0.20552724496932515,1.5354508398773008,9.61299886809816,-0.0020059740885276073,0.002531554382441718,0.00039364767987730046,-0.15836009511187032,-0.021375277885264367,0.4535594348527171,1013.3058465030676,-80.0,-83.0,-80.0,-50.0,-76.0,-83.0,-87.0,-85.0,-85.0,-78.0,-45.0,-73.0,-85.0,-81.0,-87.0,-75.0,-62.0,-59.0,-92.0,-76.0,-71.0,-77.0,-44.0,-64.0,-59.0,-94.0,-75.0,-70.0,-77.0,-62.0,-100.0,-100.0,-100.0,-100.0,-100.0,-100.0,-100.0,-100.0,-100.0,-100.0,-100.0,-100.0,-100.0,-100.0,-100.0,-100.0,-100.0,-100.0,-100.0,-100.0,-100.0,-100.0,-100.0,-100.0,-100.0,-100.0,-100.0,-100.0,-100.0,-100.0,-100.0,-100.0,-100.0,-100.0,-100.0,-100.0,-100.0,-100.0,-100.0,-100.0,-100.0,-100.0,-100.0,-100.0,-100.0,-100.0,-100.0,-100.0,-100.0,-100.0,-100.0,-100.0,-100.0,-100.0,-100.0,-100.0,-100.0,-100.0,-100.0,-100.0,-100.0,-100.0,-100.0,-100.0,-100.0,-100.0,-100.0,-100.0,-100.0,-100.0,-100.0,-100.0,-100.0,-100.0,-100.0,-100.0,-100.0,-100.0,-100.0,-100.0,-100.0,-100.0,-100.0,-100.0,-100.0,-100.0,-100.0,-100.0,-100.0,-100.0,-100.0,-100.0,-100.0,-100.0,-100.0,-100.0,-100.0,-100.0,-100.0,-100.0,-100.0,-100.0,-100.0,-100.0,-100.0,-100.0,-100.0,-100.0,-100.0,-100.0,-100.0,-100.0,-100.0,-100.0,-100.0,-100.0,-100.0,-100.0,-100.0,-100.0,-100.0,-100.0,-100.0,-100.0,-100.0,-100.0
2021.01.16 154046,1.0,27.0,20.037622413333334,-32.186182026666664,-17.502363819999996,0.06070200068286666,0.7093695908666666,9.72941096,0.0012033475584,-0.0009061854862666667,0.0012785425887999998,-0.07278170071542259,-0.006239245030058821,-2.562897523244222,1013.3591153333332,-100.0,-100.0,-100.0,-100.0,-100.0,-100.0,-100.0,-100.0,-65.0,-100.0,-100.0,-100.0,-100.0,-100.0,-100.0,-100.0,-100.0,-100.0,-100.0,-81.0,-100.0,-100.0,-76.0,-100.0,-100.0,-100.0,-82.0,-100.0,-100.0,-90.0,-75.0,-70.0,-50.0,-92.0,-82.0,-91.0,-65.0,-85.0,-54.0,-59.0,-80.0,-81.0,-70.0,-75.0,-73.0,-75.0,-85.0,-88.0,-60.0,-63.0,-33.0,-48.0,-64.0,-80.0,-83.0,-72.0,-74.0,-73.0,-74.0,-85.0,-88.0,-61.0,-63.0,-33.0,-48.0,-65.0,-80.0,-78.0,-70.0,-79.0,-100.0,-100.0,-100.0,-100.0,-100.0,-100.0,-100.0,-100.0,-100.0,-100.0,-100.0,-100.0,-100.0,-100.0,-100.0,-100.0,-100.0,-100.0,-100.0,-100.0,-100.0,-100.0,-100.0,-100.0,-100.0,-100.0,-100.0,-100.0,-100.0,-100.0,-100.0,-100.0,-100.0,-100.0,-100.0,-100.0,-100.0,-100.0,-100.0,-100.0,-100.0,-100.0,-100.0,-100.0,-100.0,-100.0,-100.0,-100.0,-100.0,-100.0,-100.0,-100.0,-100.0,-100.0,-100.0,-100.0,-100.0,-100.0,-100.0,-100.0,-100.0,-100.0,-100.0,-100.0,-100.0,-100.0,-100.0,-100.0,-100.0,-100.0,-100.0,-100.0,-100.0,-100.0,-100.0,-100.0,-100.0,-100.0,-100.0,-100.0,-100.0,-100.0,-100.0,-100.0,-100.0,-100.0
2021.01.16 154105,1.0,26.0,1.9322758958441562,-30.11644201298701,-26.59279551948052,0.09175036612909092,0.7828236325324675,9.720165623376623,0.000605785381688312,-0.002169447016233766,0.002854135310551948,-0.08036187997499065,-0.009435415960010705,-3.02261065507864,1013.3669214935065,-100.0,-100.0,-100.0,-100.0,-100.0,-100.0,-100.0,-100.0,-100.0,-100.0,-100.0,-100.0,-100.0,-100.0,-100.0,-100.0,-100.0,-100.0,-100.0,-100.0,-100.0,-82.0,-74.0,-91.0,-84.0,-100.0,-100.0,-100.0,-100.0,-90.0,-78.0,-100.0,-51.0,-81.0,-62.0,-90.0,-68.0,-81.0,-51.0,-58.0,-80.0,-82.0,-60.0,-59.0,-72.0,-71.0,-89.0,-89.0,-40.0,-57.0,-33.0,-55.0,-100.0,-71.0,-100.0,-59.0,-60.0,-73.0,-70.0,-91.0,-86.0,-40.0,-57.0,-33.0,-55.0,-100.0,-72.0,-74.0,-68.0,-100.0,-80.0,-79.0,-81.0,-85.0,-100.0,-100.0,-100.0,-100.0,-100.0,-100.0,-100.0,-100.0,-100.0,-100.0,-100.0,-100.0,-100.0,-100.0,-100.0,-100.0,-100.0,-100.0,-100.0,-100.0,-100.0,-100.0,-100.0,-100.0,-100.0,-100.0,-100.0,-100.0,-100.0,-100.0,-100.0,-100.0,-100.0,-100.0,-100.0,-100.0,-100.0,-100.0,-100.0,-100.0,-100.0,-100.0,-100.0,-100.0,-100.0,-100.0,-100.0,-100.0,-100.0,-100.0,-100.0,-100.0,-100.0,-100.0,-100.0,-100.0,-100.0,-100.0,-100.0,-100.0,-100.0,-100.0,-100.0,-100.0,-100.0,-100.0,-100.0,-100.0,-100.0,-100.0,-100.0,-100.0,-100.0,-100.0,-100.0,-100.0,-100.0,-100.0,-100.0,-100.0,-100.0,-100.0
2021.01.16 154123,1.0,25.0,-1.9944609567567566,-37.20793204054054,-28.60398299324325,0.03438482604527027,0.7472778254054054,9.729873486486486,-0.0004306736346013514,-0.001426755521571892,-0.00025142213375675687,-0.07665125728660337,-0.0035361195322046414,3.087438702583313,1013.3848762837839,-100.0,-100.0,-100.0,-100.0,-100.0,-100.0,-100.0,-100.0,-100.0,-100.0,-100.0,-100.0,-100.0,-100.0,-100.0,-100.0,-100.0,-100.0,-100.0,-100.0,-100.0,-79.0,-70.0,-87.0,-100.0,-100.0,-100.0,-100.0,-78.0,-87.0,-100.0,-100.0,-51.0,-79.0,-64.0,-87.0,-62.0,-84.0,-50.0,-62.0,-78.0,-100.0,-65.0,-51.0,-61.0,-69.0,-83.0,-89.0,-34.0,-60.0,-31.0,-54.0,-67.0,-69.0,-100.0,-63.0,-53.0,-61.0,-68.0,-83.0,-87.0,-33.0,-60.0,-31.0,-53.0,-66.0,-69.0,-70.0,-74.0,-100.0,-100.0,-72.0,-84.0,-100.0,-77.0,-85.0,-85.0,-100.0,-100.0,-100.0,-100.0,-100.0,-100.0,-100.0,-100.0,-100.0,-100.0,-100.0,-100.0,-100.0,-100.0,-100.0,-100.0,-100.0,-100.0,-100.0,-100.0,-100.0,-100.0,-100.0,-100.0,-100.0,-100.0,-100.0,-100.0,-100.0,-100.0,-100.0,-100.0,-100.0,-100.0,-100.0,-100.0,-100.0,-100.0,-100.0,-100.0,-100.0,-100.0,-100.0,-100.0,-100.0,-100.0,-100.0,-100.0,-100.0,-100.0,-100.0,-100.0,-100.0,-100.0,-100.0,-100.0,-100.0,-100.0,-100.0,-100.0,-100.0,-100.0,-100.0,-100.0,-100.0,-100.0,-100.0,-100.0,-100.0,-100.0,-100.0,-100.0,-100.0,-100.0,-100.0,-100.0,-100.0,-100.0,-100.0
2021.01.16 154143,1.0,24.0,29.764681555555555,4.630950285416667,-31.069854708333335,-0.054071882968750005,0.6946793279861111,9.73071959027778,-7.18869315729162e-05,-0.00019331939878472221,0.0005646222015763895,-0.07126780182847542,0.005559467860318023,-1.3435451810558636,1013.3963655555555,-100.0,-100.0,-100.0,-100.0,-100.0,-100.0,-100.0,-100.0,-71.0,-100.0,-100.0,-100.0,-100.0,-100.0,-100.0,-100.0,-84.0,-69.0,-100.0,-62.0,-100.0,-75.0,-53.0,-75.0,-69.0,-100.0,-62.0,-100.0,-74.0,-75.0,-100.0,-100.0,-51.0,-81.0,-71.0,-80.0,-58.0,-80.0,-55.0,-61.0,-88.0,-100.0,-52.0,-48.0,-59.0,-62.0,-84.0,-83.0,-35.0,-60.0,-31.0,-45.0,-100.0,-67.0,-68.0,-53.0,-49.0,-59.0,-63.0,-84.0,-84.0,-35.0,-61.0,-31.0,-45.0,-100.0,-66.0,-53.0,-78.0,-100.0,-80.0,-77.0,-81.0,-100.0,-100.0,-78.0,-78.0,-84.0,-84.0,-83.0,-87.0,-86.0,-80.0,-81.0,-69.0,-90.0,-88.0,-100.0,-100.0,-100.0,-100.0,-100.0,-100.0,-100.0,-100.0,-100.0,-100.0,-100.0,-100.0,-100.0,-100.0,-100.0,-100.0,-100.0,-100.0,-100.0,-100.0,-100.0,-100.0,-100.0,-100.0,-100.0,-100.0,-100.0,-100.0,-100.0,-100.0,-100.0,-100.0,-100.0,-100.0,-100.0,-100.0,-100.0,-100.0,-100.0,-100.0,-100.0,-100.0,-100.0,-100.0,-100.0,-100.0,-100.0,-100.0,-100.0,-100.0,-100.0,-100.0,-100.0,-100.0,-100.0,-100.0,-100.0,-100.0,-100.0,-100.0,-100.0,-100.0,-100.0,-100.0,-100.0,-100.0,-100.0,-100.0,-100.0
2021.01.16 154247,5.0,24.0,27.349800213333335,-4.384252815333332,-23.545158793333332,0.020113619571333334,0.8865778068,9.720202286666666,-0.00038360530100000007,-0.004361302434113334,0.002405513261333333,-0.09096106057365731,-0.0020737155228076993,-1.652196143468221,1013.3993631333336,-100.0,-100.0,-100.0,-100.0,-100.0,-100.0,-100.0,-100.0,-100.0,-100.0,-100.0,-100.0,-100.0,-100.0,-100.0,-100.0,-80.0,-59.0,-100.0,-57.0,-100.0,-72.0,-46.0,-79.0,-62.0,-100.0,-64.0,-100.0,-71.0,-79.0,-100.0,-77.0,-59.0,-89.0,-100.0,-87.0,-57.0,-82.0,-52.0,-64.0,-89.0,-100.0,-54.0,-48.0,-62.0,-64.0,-85.0,-76.0,-39.0,-58.0,-32.0,-45.0,-55.0,-67.0,-63.0,-53.0,-47.0,-63.0,-65.0,-87.0,-75.0,-39.0,-57.0,-31.0,-46.0,-55.0,-67.0,-47.0,-74.0,-100.0,-100.0,-76.0,-72.0,-100.0,-65.0,-83.0,-85.0,-100.0,-100.0,-100.0,-100.0,-100.0,-100.0,-100.0,-66.0,-89.0,-89.0,-81.0,-79.0,-72.0,-81.0,-77.0,-88.0,-77.0,-90.0,-100.0,-100.0,-100.0,-100.0,-100.0,-100.0,-100.0,-100.0,-100.0,-100.0,-100.0,-100.0,-100.0,-100.0,-100.0,-100.0,-100.0,-100.0,-100.0,-100.0,-100.0,-100.0,-100.0,-100.0,-100.0,-100.0,-100.0,-100.0,-100.0,-100.0,-100.0,-100.0,-100.0,-100.0,-100.0,-100.0,-100.0,-100.0,-100.0,-100.0,-100.0,-100.0,-100.0,-100.0,-100.0,-100.0,-100.0,-100.0,-100.0,-100.0,-100.0,-100.0,-100.0,-100.0,-100.0,-100.0,-100.0,-100.0,-100.0,-100.0,-100.0
2021.01.16 154318,7.0,24.0,23.74049124161074,-1.546075230671141,-24.898240805369127,0.08467128189261745,0.8542564466442952,9.721585345637585,0.0032096378908308726,-0.0017027171401785234,-0.001715531090671141,-0.08764495108051583,-0.008723475758201907,-1.5449858863881771,1013.4142413422818,-100.0,-100.0,-100.0,-100.0,-100.0,-100.0,-100.0,-100.0,-100.0,-100.0,-100.0,-100.0,-100.0,-100.0,-100.0,-100.0,-100.0,-100.0,-100.0,-53.0,-100.0,-72.0,-50.0,-74.0,-100.0,-100.0,-54.0,-100.0,-71.0,-75.0,-100.0,-70.0,-45.0,-66.0,-68.0,-88.0,-63.0,-73.0,-60.0,-54.0,-73.0,-69.0,-50.0,-37.0,-64.0,-54.0,-74.0,-83.0,-40.0,-66.0,-22.0,-47.0,-59.0,-66.0,-61.0,-50.0,-37.0,-66.0,-54.0,-74.0,-84.0,-47.0,-68.0,-22.0,-48.0,-58.0,-67.0,-50.0,-68.0,-100.0,-100.0,-64.0,-100.0,-64.0,-100.0,-78.0,-79.0,-100.0,-100.0,-100.0,-93.0,-100.0,-100.0,-78.0,-61.0,-100.0,-100.0,-80.0,-100.0,-100.0,-100.0,-83.0,-100.0,-83.0,-100.0,-77.0,-83.0,-100.0,-100.0,-100.0,-100.0,-100.0,-100.0,-100.0,-100.0,-100.0,-100.0,-100.0,-100.0,-100.0,-100.0,-100.0,-100.0,-100.0,-100.0,-100.0,-100.0,-100.0,-100.0,-100.0,-100.0,-100.0,-100.0,-100.0,-100.0,-100.0,-100.0,-100.0,-100.0,-100.0,-100.0,-100.0,-100.0,-100.0,-100.0,-100.0,-100.0,-100.0,-100.0,-100.0,-100.0,-100.0,-100.0,-100.0,-100.0,-100.0,-100.0,-100.0,-100.0,-100.0,-100.0,-100.0,-100.0,-100.0,-100.0,-100.0
2021.01.16 154333,8.0,24.0,22.142628272108844,3.1787969591836736,-27.02162580272109,0.09536626928979593,0.6453147871428572,9.736392901360546,0.0008842809204319728,-0.0007162583999183675,-0.0018671067121088434,-0.06617200711653341,-0.009799007556027355,-1.3535347349789677,1013.4176405442175,-100.0,-100.0,-100.0,-100.0,-100.0,-100.0,-100.0,-100.0,-64.0,-100.0,-100.0,-100.0,-100.0,-100.0,-100.0,-100.0,-100.0,-100.0,-100.0,-54.0,-100.0,-71.0,-56.0,-75.0,-100.0,-100.0,-55.0,-100.0,-68.0,-75.0,-78.0,-69.0,-49.0,-81.0,-59.0,-73.0,-60.0,-100.0,-63.0,-45.0,-84.0,-66.0,-62.0,-40.0,-67.0,-58.0,-85.0,-84.0,-55.0,-79.0,-36.0,-44.0,-55.0,-63.0,-100.0,-63.0,-38.0,-68.0,-59.0,-86.0,-84.0,-54.0,-80.0,-35.0,-44.0,-55.0,-64.0,-58.0,-100.0,-100.0,-100.0,-63.0,-64.0,-68.0,-68.0,-82.0,-81.0,-100.0,-81.0,-100.0,-92.0,-100.0,-100.0,-100.0,-100.0,-90.0,-91.0,-100.0,-100.0,-100.0,-66.0,-77.0,-88.0,-76.0,-87.0,-100.0,-85.0,-80.0,-80.0,-81.0,-83.0,-100.0,-100.0,-100.0,-100.0,-100.0,-100.0,-100.0,-100.0,-100.0,-100.0,-100.0,-100.0,-100.0,-100.0,-100.0,-100.0,-100.0,-100.0,-100.0,-100.0,-100.0,-100.0,-100.0,-100.0,-100.0,-100.0,-100.0,-100.0,-100.0,-100.0,-100.0,-100.0,-100.0,-100.0,-100.0,-100.0,-100.0,-100.0,-100.0,-100.0,-100.0,-100.0,-100.0,-100.0,-100.0,-100.0,-100.0,-100.0,-100.0,-100.0,-100.0,-100.0,-100.0,-100.0,-100.0
2021.01.16 154351,9.0,24.0,21.837998916666663,4.918145746527778,-28.60710165277778,-0.04878036489388889,0.6139145377777777,9.744883770833333,-0.0007481615972222223,-0.0012081071764791667,-0.0017520427845833335,-0.06291355146095151,0.004996377099991521,-1.270789043770896,1013.4117272222223,-100.0,-86.0,-100.0,-100.0,-100.0,-100.0,-100.0,-100.0,-100.0,-100.0,-100.0,-100.0,-100.0,-100.0,-100.0,-100.0,-100.0,-75.0,-100.0,-56.0,-100.0,-100.0,-57.0,-75.0,-74.0,-100.0,-52.0,-81.0,-100.0,-75.0,-100.0,-66.0,-48.0,-84.0,-74.0,-84.0,-60.0,-100.0,-100.0,-52.0,-78.0,-72.0,-50.0,-39.0,-66.0,-51.0,-81.0,-80.0,-100.0,-78.0,-37.0,-53.0,-45.0,-66.0,-58.0,-52.0,-39.0,-66.0,-51.0,-80.0,-79.0,-100.0,-78.0,-38.0,-56.0,-45.0,-67.0,-57.0,-100.0,-100.0,-78.0,-57.0,-100.0,-72.0,-68.0,-88.0,-86.0,-78.0,-75.0,-100.0,-88.0,-100.0,-100.0,-100.0,-58.0,-90.0,-91.0,-100.0,-100.0,-100.0,-82.0,-79.0,-100.0,-80.0,-100.0,-79.0,-81.0,-100.0,-100.0,-100.0,-100.0,-91.0,-86.0,-100.0,-100.0,-100.0,-100.0,-100.0,-100.0,-100.0,-100.0,-100.0,-100.0,-100.0,-100.0,-100.0,-100.0,-100.0,-100.0,-100.0,-100.0,-100.0,-100.0,-100.0,-100.0,-100.0,-100.0,-100.0,-100.0,-100.0,-100.0,-100.0,-100.0,-100.0,-100.0,-100.0,-100.0,-100.0,-100.0,-100.0,-100.0,-100.0,-100.0,-100.0,-100.0,-100.0,-100.0,-100.0,-100.0,-100.0,-100.0,-100.0,-100.0,-100.0,-100.0,-100.0
2021.01.16 154502,13.0,24.0,21.185071111842106,5.318165488157895,-32.95505540789473,0.07406751971578948,0.6981716517763159,9.738040309210525,-0.0034863446866052633,-0.0013977225750657896,-0.004697351529210527,-0.07156893821727284,-0.00760473803568039,-1.2280248450605493,1013.3867759868422,-100.0,-100.0,-100.0,-100.0,-100.0,-100.0,-100.0,-100.0,-55.0,-100.0,-100.0,-100.0,-100.0,-100.0,-100.0,-100.0,-100.0,-100.0,-100.0,-54.0,-100.0,-70.0,-52.0,-75.0,-100.0,-100.0,-56.0,-100.0,-69.0,-78.0,-100.0,-100.0,-45.0,-73.0,-70.0,-80.0,-58.0,-81.0,-66.0,-54.0,-75.0,-63.0,-59.0,-44.0,-58.0,-54.0,-71.0,-76.0,-60.0,-79.0,-41.0,-50.0,-48.0,-68.0,-58.0,-59.0,-44.0,-58.0,-53.0,-72.0,-77.0,-61.0,-79.0,-40.0,-50.0,-47.0,-69.0,-51.0,-70.0,-82.0,-74.0,-70.0,-100.0,-63.0,-100.0,-87.0,-86.0,-100.0,-100.0,-100.0,-100.0,-82.0,-80.0,-77.0,-58.0,-90.0,-90.0,-100.0,-100.0,-100.0,-79.0,-66.0,-90.0,-74.0,-90.0,-100.0,-84.0,-100.0,-100.0,-81.0,-100.0,-92.0,-100.0,-80.0,-80.0,-100.0,-100.0,-100.0,-100.0,-100.0,-100.0,-100.0,-100.0,-100.0,-100.0,-100.0,-100.0,-100.0,-100.0,-100.0,-100.0,-100.0,-100.0,-100.0,-100.0,-100.0,-100.0,-100.0,-100.0,-100.0,-100.0,-100.0,-100.0,-100.0,-100.0,-100.0,-100.0,-100.0,-100.0,-100.0,-100.0,-100.0,-100.0,-100.0,-100.0,-100.0,-100.0,-100.0,-100.0,-100.0,-100.0,-100.0,-100.0,-100.0,-100.0,-100.0
2021.01.16 154518,14.0,24.0,22.36365446938775,6.143380984353741,-31.075055557823127,0.0790309298772109,0.7603070275510204,9.732960452380953,-0.0016075628105374153,-0.0030919470022945576,0.00010439648251700687,-0.0779647307381743,-0.008126946280593156,-1.2100605048289916,1013.3597844897959,-100.0,-100.0,-100.0,-100.0,-100.0,-100.0,-100.0,-100.0,-50.0,-100.0,-100.0,-100.0,-100.0,-100.0,-100.0,-100.0,-100.0,-65.0,-100.0,-57.0,-83.0,-71.0,-45.0,-76.0,-66.0,-100.0,-58.0,-84.0,-71.0,-77.0,-74.0,-75.0,-48.0,-76.0,-74.0,-60.0,-50.0,-84.0,-100.0,-59.0,-88.0,-100.0,-63.0,-31.0,-56.0,-45.0,-69.0,-71.0,-60.0,-80.0,-51.0,-62.0,-52.0,-66.0,-58.0,-64.0,-32.0,-55.0,-44.0,-68.0,-71.0,-59.0,-80.0,-52.0,-62.0,-51.0,-67.0,-45.0,-100.0,-100.0,-100.0,-59.0,-100.0,-100.0,-56.0,-100.0,-100.0,-100.0,-79.0,-100.0,-88.0,-81.0,-79.0,-100.0,-58.0,-86.0,-85.0,-79.0,-81.0,-100.0,-100.0,-100.0,-90.0,-100.0,-88.0,-100.0,-73.0,-100.0,-100.0,-100.0,-100.0,-90.0,-100.0,-100.0,-80.0,-77.0,-72.0,-84.0,-83.0,-100.0,-100.0,-100.0,-100.0,-100.0,-100.0,-100.0,-100.0,-100.0,-100.0,-100.0,-100.0,-100.0,-100.0,-100.0,-100.0,-100.0,-100.0,-100.0,-100.0,-100.0,-100.0,-100.0,-100.0,-100.0,-100.0,-100.0,-100.0,-100.0,-100.0,-100.0,-100.0,-100.0,-100.0,-100.0,-100.0,-100.0,-100.0,-100.0,-100.0,-100.0,-100.0,-100.0,-100.0,-100.0,-100.0,-100.0
2021.01.16 154534,15.0,24.0,22.485698786206896,7.781571019310346,-28.32043747586207,0.04260686234413792,0.6515946091724139,9.741147568965516,-0.003998399147572414,-0.004575235515641379,0.0016579326338620692,-0.06679636103839705,-0.004389981286457698,-1.1675719639350628,1013.3530800689656,-100.0,-100.0,-100.0,-100.0,-100.0,-100.0,-100.0,-100.0,-100.0,-100.0,-100.0,-100.0,-100.0,-100.0,-100.0,-100.0,-84.0,-67.0,-100.0,-57.0,-100.0,-66.0,-50.0,-81.0,-63.0,-100.0,-100.0,-100.0,-63.0,-81.0,-77.0,-65.0,-47.0,-72.0,-73.0,-60.0,-52.0,-84.0,-75.0,-100.0,-91.0,-55.0,-63.0,-34.0,-47.0,-48.0,-67.0,-73.0,-100.0,-85.0,-59.0,-64.0,-47.0,-58.0,-60.0,-62.0,-33.0,-47.0,-48.0,-66.0,-74.0,-100.0,-86.0,-58.0,-65.0,-48.0,-59.0,-49.0,-75.0,-100.0,-68.0,-55.0,-62.0,-55.0,-61.0,-100.0,-100.0,-100.0,-100.0,-71.0,-89.0,-78.0,-100.0,-81.0,-60.0,-89.0,-87.0,-74.0,-100.0,-100.0,-59.0,-100.0,-89.0,-83.0,-88.0,-100.0,-75.0,-100.0,-100.0,-100.0,-100.0,-100.0,-100.0,-100.0,-100.0,-100.0,-82.0,-100.0,-100.0,-91.0,-100.0,-100.0,-100.0,-100.0,-100.0,-100.0,-100.0,-100.0,-100.0,-100.0,-100.0,-100.0,-100.0,-100.0,-100.0,-100.0,-100.0,-100.0,-100.0,-100.0,-100.0,-100.0,-100.0,-100.0,-100.0,-100.0,-100.0,-100.0,-100.0,-100.0,-100.0,-100.0,-100.0,-100.0,-100.0,-100.0,-100.0,-100.0,-100.0,-100.0,-100.0,-100.0,-100.0,-100.0,-100.0,-100.0
2021.01.16 154604,17.0,24.0,20.733382630872484,9.00819497114094,-27.22173112080537,0.10905207049664431,0.6066223798657717,9.745303006711412,0.0017379188032214765,-0.0018419537310738255,0.0019713876518120802,-0.06216521901172275,-0.01121009825791334,-1.1013974991420772,1013.3239045637584,-100.0,-100.0,-100.0,-81.0,-100.0,-100.0,-100.0,-100.0,-49.0,-100.0,-100.0,-100.0,-100.0,-81.0,-100.0,-100.0,-100.0,-63.0,-100.0,-55.0,-84.0,-71.0,-50.0,-74.0,-63.0,-100.0,-56.0,-100.0,-74.0,-73.0,-100.0,-55.0,-44.0,-79.0,-100.0,-62.0,-70.0,-100.0,-100.0,-71.0,-100.0,-58.0,-65.0,-34.0,-49.0,-38.0,-57.0,-72.0,-56.0,-79.0,-54.0,-66.0,-42.0,-55.0,-59.0,-63.0,-33.0,-49.0,-39.0,-57.0,-73.0,-61.0,-80.0,-54.0,-66.0,-43.0,-57.0,-50.0,-74.0,-100.0,-62.0,-69.0,-71.0,-62.0,-65.0,-100.0,-100.0,-100.0,-74.0,-100.0,-91.0,-82.0,-100.0,-74.0,-60.0,-86.0,-87.0,-100.0,-100.0,-100.0,-62.0,-100.0,-88.0,-82.0,-87.0,-100.0,-100.0,-100.0,-100.0,-80.0,-100.0,-85.0,-100.0,-83.0,-78.0,-100.0,-71.0,-100.0,-100.0,-83.0,-80.0,-76.0,-60.0,-91.0,-89.0,-100.0,-100.0,-100.0,-100.0,-100.0,-100.0,-100.0,-100.0,-100.0,-100.0,-100.0,-100.0,-100.0,-100.0,-100.0,-100.0,-100.0,-100.0,-100.0,-100.0,-100.0,-100.0,-100.0,-100.0,-100.0,-100.0,-100.0,-100.0,-100.0,-100.0,-100.0,-100.0,-100.0,-100.0,-100.0,-100.0,-100.0,-100.0,-100.0,-100.0,-100.0
2021.01.16 154704,21.0,24.0,30.08506521621622,9.216507898648649,-31.261480277027033,-0.0005818183432432444,0.8124266810135136,9.729134628378377,-0.001796151510912162,-0.0011598507164864863,0.004248187231013514,-0.08330951953256448,5.158528880644367e-05,-1.1974225720843754,1013.259330608108,-100.0,-100.0,-100.0,-100.0,-100.0,-100.0,-100.0,-100.0,-47.0,-100.0,-100.0,-80.0,-100.0,-81.0,-100.0,-100.0,-100.0,-63.0,-100.0,-55.0,-100.0,-63.0,-48.0,-74.0,-60.0,-100.0,-54.0,-100.0,-62.0,-73.0,-81.0,-57.0,-57.0,-89.0,-79.0,-60.0,-100.0,-100.0,-79.0,-75.0,-100.0,-59.0,-69.0,-27.0,-43.0,-36.0,-50.0,-69.0,-71.0,-83.0,-56.0,-70.0,-39.0,-59.0,-57.0,-69.0,-27.0,-45.0,-36.0,-50.0,-69.0,-69.0,-82.0,-56.0,-70.0,-38.0,-59.0,-47.0,-79.0,-100.0,-69.0,-66.0,-100.0,-56.0,-63.0,-100.0,-100.0,-73.0,-86.0,-100.0,-92.0,-71.0,-100.0,-66.0,-56.0,-87.0,-87.0,-83.0,-100.0,-80.0,-63.0,-73.0,-88.0,-75.0,-86.0,-100.0,-100.0,-69.0,-100.0,-100.0,-100.0,-73.0,-100.0,-77.0,-76.0,-100.0,-72.0,-100.0,-100.0,-87.0,-100.0,-100.0,-100.0,-84.0,-84.0,-83.0,-83.0,-100.0,-100.0,-100.0,-100.0,-100.0,-100.0,-100.0,-100.0,-100.0,-100.0,-100.0,-100.0,-100.0,-100.0,-100.0,-100.0,-100.0,-100.0,-100.0,-100.0,-100.0,-100.0,-100.0,-100.0,-100.0,-100.0,-100.0,-100.0,-100.0,-100.0,-100.0,-100.0,-100.0,-100.0,-100.0,-100.0,-100.0,-100.0,-100.0
2021.01.16 154720,22.0,24.0,31.405861537414967,10.080996819727892,-33.75529201360544,0.028439116260544215,0.8128762685714286,9.727425867346938,0.001433849229952381,-0.0013574585929455785,0.0009978436447210884,-0.08337001178134863,-0.0029184543145550973,-1.183545023405633,1013.2491440816327,-100.0,-100.0,-100.0,-100.0,-100.0,-100.0,-100.0,-100.0,-43.0,-100.0,-100.0,-100.0,-100.0,-80.0,-100.0,-100.0,-100.0,-100.0,-100.0,-52.0,-100.0,-72.0,-48.0,-71.0,-72.0,-100.0,-52.0,-100.0,-72.0,-71.0,-100.0,-58.0,-53.0,-100.0,-100.0,-69.0,-100.0,-100.0,-100.0,-73.0,-100.0,-60.0,-75.0,-39.0,-45.0,-52.0,-65.0,-73.0,-69.0,-88.0,-58.0,-73.0,-38.0,-61.0,-57.0,-73.0,-39.0,-46.0,-52.0,-63.0,-72.0,-70.0,-88.0,-59.0,-73.0,-40.0,-62.0,-48.0,-100.0,-100.0,-65.0,-100.0,-63.0,-61.0,-55.0,-100.0,-100.0,-67.0,-100.0,-100.0,-87.0,-74.0,-76.0,-65.0,-56.0,-84.0,-83.0,-100.0,-100.0,-80.0,-68.0,-68.0,-85.0,-69.0,-87.0,-100.0,-100.0,-76.0,-100.0,-100.0,-100.0,-70.0,-100.0,-78.0,-72.0,-100.0,-81.0,-83.0,-100.0,-78.0,-80.0,-79.0,-57.0,-82.0,-81.0,-100.0,-100.0,-89.0,-84.0,-100.0,-100.0,-100.0,-100.0,-100.0,-100.0,-100.0,-100.0,-100.0,-100.0,-100.0,-100.0,-100.0,-100.0,-100.0,-100.0,-100.0,-100.0,-100.0,-100.0,-100.0,-100.0,-100.0,-100.0,-100.0,-100.0,-100.0,-100.0,-100.0,-100.0,-100.0,-100.0,-100.0,-100.0,-100.0,-100.0,-100.0
2021.01.16 154735,23.0,24.0,30.59381280272109,6.81445941292517,-36.04748233333333,0.11745620696190477,0.862217147414966,9.722065326530613,-7.792972512244911e-05,-5.0741083877551004e-05,0.002549403232993197,-0.08844754018751126,-0.012096484607880657,-1.2607880790217394,1013.2428600000001,-100.0,-100.0,-100.0,-81.0,-100.0,-100.0,-100.0,-100.0,-39.0,-100.0,-100.0,-100.0,-100.0,-100.0,-100.0,-100.0,-100.0,-65.0,-100.0,-100.0,-100.0,-69.0,-46.0,-75.0,-68.0,-100.0,-100.0,-100.0,-70.0,-76.0,-100.0,-100.0,-71.0,-100.0,-100.0,-100.0,-77.0,-100.0,-100.0,-100.0,-100.0,-55.0,-79.0,-29.0,-41.0,-56.0,-77.0,-71.0,-100.0,-87.0,-61.0,-73.0,-36.0,-59.0,-48.0,-79.0,-28.0,-48.0,-56.0,-77.0,-71.0,-100.0,-87.0,-61.0,-72.0,-37.0,-59.0,-47.0,-81.0,-100.0,-65.0,-68.0,-72.0,-55.0,-57.0,-100.0,-100.0,-66.0,-100.0,-100.0,-100.0,-68.0,-100.0,-67.0,-48.0,-81.0,-82.0,-73.0,-100.0,-79.0,-65.0,-74.0,-83.0,-74.0,-82.0,-100.0,-100.0,-57.0,-100.0,-78.0,-82.0,-74.0,-100.0,-77.0,-77.0,-73.0,-100.0,-100.0,-81.0,-75.0,-80.0,-100.0,-51.0,-83.0,-82.0,-76.0,-100.0,-83.0,-100.0,-81.0,-100.0,-100.0,-100.0,-100.0,-100.0,-100.0,-100.0,-100.0,-100.0,-100.0,-100.0,-100.0,-100.0,-100.0,-100.0,-100.0,-100.0,-100.0,-100.0,-100.0,-100.0,-100.0,-100.0,-100.0,-100.0,-100.0,-100.0,-100.0,-100.0,-100.0,-100.0,-100.0,-100.0,-100.0,-100.0,-100.0
2021.01.16 154814,25.0,24.0,30.688998143790847,7.997694224836601,-34.93448404575164,0.025293689404183008,0.6356986871895425,9.743840205882353,-0.0005823239938562087,0.0005396533906535948,-0.0012320366405228758,-0.06514836762563071,-0.0026021407745776288,-1.2493748454486622,1013.2209961437908,-100.0,-100.0,-100.0,-100.0,-100.0,-100.0,-100.0,-100.0,-100.0,-100.0,-100.0,-100.0,-100.0,-100.0,-100.0,-100.0,-100.0,-100.0,-100.0,-53.0,-79.0,-70.0,-48.0,-65.0,-100.0,-100.0,-52.0,-79.0,-70.0,-66.0,-100.0,-100.0,-69.0,-100.0,-100.0,-100.0,-80.0,-100.0,-100.0,-100.0,-100.0,-54.0,-100.0,-33.0,-46.0,-52.0,-79.0,-72.0,-100.0,-100.0,-62.0,-75.0,-35.0,-53.0,-51.0,-100.0,-34.0,-46.0,-52.0,-79.0,-72.0,-73.0,-100.0,-70.0,-75.0,-35.0,-54.0,-48.0,-100.0,-100.0,-100.0,-100.0,-60.0,-54.0,-61.0,-100.0,-100.0,-66.0,-100.0,-58.0,-81.0,-72.0,-100.0,-56.0,-50.0,-81.0,-81.0,-79.0,-100.0,-100.0,-70.0,-76.0,-79.0,-76.0,-79.0,-100.0,-100.0,-56.0,-100.0,-100.0,-100.0,-78.0,-100.0,-75.0,-60.0,-100.0,-100.0,-82.0,-100.0,-70.0,-100.0,-79.0,-48.0,-76.0,-76.0,-100.0,-100.0,-100.0,-81.0,-100.0,-100.0,-100.0,-100.0,-100.0,-100.0,-100.0,-100.0,-100.0,-100.0,-100.0,-100.0,-100.0,-100.0,-100.0,-100.0,-100.0,-100.0,-100.0,-100.0,-100.0,-100.0,-100.0,-100.0,-100.0,-100.0,-100.0,-100.0,-100.0,-100.0,-100.0,-100.0,-100.0,-100.0,-100.0,-100.0,-100.0
2021.01.16 154906,27.0,24.0,27.4725326,11.3436816,-29.486222313333336,-0.021524964395733336,0.8841547174000001,9.720035626666668,-0.0022931332653333336,-0.0003884760954000002,0.002874501009273333,-0.09070636307199792,0.0022016583945090253,-1.0993206485112508,1013.1803039333333,-100.0,-80.0,-100.0,-80.0,-100.0,-100.0,-100.0,-100.0,-50.0,-100.0,-100.0,-71.0,-100.0,-100.0,-100.0,-73.0,-100.0,-66.0,-100.0,-59.0,-80.0,-64.0,-55.0,-67.0,-64.0,-100.0,-59.0,-81.0,-68.0,-67.0,-100.0,-68.0,-68.0,-100.0,-100.0,-66.0,-76.0,-100.0,-100.0,-79.0,-100.0,-66.0,-73.0,-43.0,-58.0,-61.0,-82.0,-72.0,-67.0,-87.0,-59.0,-73.0,-35.0,-51.0,-59.0,-75.0,-43.0,-59.0,-60.0,-82.0,-72.0,-67.0,-88.0,-59.0,-73.0,-34.0,-50.0,-54.0,-100.0,-100.0,-100.0,-100.0,-100.0,-66.0,-49.0,-100.0,-100.0,-71.0,-100.0,-100.0,-75.0,-65.0,-100.0,-63.0,-58.0,-80.0,-80.0,-74.0,-100.0,-74.0,-100.0,-69.0,-75.0,-70.0,-76.0,-100.0,-100.0,-58.0,-100.0,-81.0,-100.0,-81.0,-100.0,-71.0,-75.0,-100.0,-100.0,-100.0,-100.0,-67.0,-70.0,-77.0,-58.0,-86.0,-86.0,-80.0,-100.0,-79.0,-100.0,-100.0,-82.0,-87.0,-100.0,-100.0,-100.0,-100.0,-100.0,-100.0,-100.0,-100.0,-100.0,-100.0,-100.0,-100.0,-100.0,-100.0,-100.0,-100.0,-100.0,-100.0,-100.0,-100.0,-100.0,-100.0,-100.0,-100.0,-100.0,-100.0,-100.0,-100.0,-100.0,-100.0,-100.0,-100.0,-100.0,-100.0
2021.01.16 154921,28.0,24.0,25.92753545,12.904324865625,-27.103307099999995,0.075312432719375,0.694746861375,9.735063162500001,0.0006263881031500001,-0.0023142840661587497,-0.0007261986765000001,-0.07124339847359802,-0.007741827094741855,-1.0559755973517895,1013.1728281874999,-100.0,-100.0,-100.0,-100.0,-100.0,-100.0,-100.0,-100.0,-55.0,-100.0,-100.0,-100.0,-100.0,-100.0,-100.0,-100.0,-100.0,-100.0,-100.0,-58.0,-100.0,-64.0,-43.0,-64.0,-100.0,-100.0,-59.0,-100.0,-65.0,-63.0,-100.0,-72.0,-76.0,-100.0,-100.0,-82.0,-100.0,-100.0,-100.0,-100.0,-100.0,-59.0,-100.0,-44.0,-59.0,-63.0,-86.0,-79.0,-75.0,-89.0,-65.0,-74.0,-31.0,-46.0,-52.0,-100.0,-44.0,-59.0,-61.0,-84.0,-80.0,-73.0,-88.0,-65.0,-75.0,-31.0,-45.0,-43.0,-100.0,-100.0,-76.0,-100.0,-79.0,-60.0,-50.0,-100.0,-100.0,-48.0,-100.0,-100.0,-72.0,-62.0,-69.0,-100.0,-53.0,-78.0,-78.0,-64.0,-83.0,-70.0,-100.0,-100.0,-69.0,-100.0,-70.0,-100.0,-100.0,-47.0,-77.0,-100.0,-100.0,-88.0,-100.0,-55.0,-75.0,-83.0,-81.0,-100.0,-100.0,-87.0,-81.0,-100.0,-100.0,-100.0,-100.0,-100.0,-100.0,-71.0,-100.0,-100.0,-100.0,-100.0,-63.0,-70.0,-100.0,-100.0,-100.0,-100.0,-100.0,-100.0,-100.0,-100.0,-100.0,-100.0,-100.0,-100.0,-100.0,-100.0,-100.0,-100.0,-100.0,-100.0,-100.0,-100.0,-100.0,-100.0,-100.0,-100.0,-100.0,-100.0,-100.0,-100.0,-100.0,-100.0,-100.0,-100.0
2021.01.16 154937,29.0,24.0,26.810830724137933,11.782621586206895,-25.864096165517243,0.12277889966551724,0.7413154200689656,9.730387427586207,0.0003764943346137934,-0.0030237321000965516,0.0005303876842413794,-0.07603878712859642,-0.012605257295995325,-1.1035791323102753,1013.1629144137931,-100.0,-78.0,-100.0,-100.0,-100.0,-100.0,-100.0,-100.0,-56.0,-100.0,-100.0,-100.0,-100.0,-69.0,-100.0,-100.0,-100.0,-64.0,-100.0,-52.0,-78.0,-59.0,-45.0,-67.0,-63.0,-100.0,-51.0,-77.0,-59.0,-68.0,-100.0,-100.0,-77.0,-100.0,-100.0,-79.0,-100.0,-100.0,-100.0,-100.0,-100.0,-63.0,-100.0,-52.0,-65.0,-62.0,-82.0,-72.0,-68.0,-100.0,-55.0,-71.0,-34.0,-44.0,-50.0,-100.0,-52.0,-64.0,-64.0,-83.0,-74.0,-67.0,-89.0,-54.0,-72.0,-35.0,-44.0,-44.0,-100.0,-100.0,-100.0,-100.0,-71.0,-62.0,-53.0,-100.0,-100.0,-60.0,-100.0,-100.0,-65.0,-59.0,-72.0,-72.0,-52.0,-81.0,-83.0,-70.0,-76.0,-100.0,-100.0,-100.0,-70.0,-100.0,-68.0,-100.0,-100.0,-60.0,-77.0,-100.0,-100.0,-87.0,-58.0,-63.0,-76.0,-100.0,-100.0,-100.0,-81.0,-91.0,-77.0,-79.0,-66.0,-87.0,-86.0,-100.0,-100.0,-73.0,-82.0,-82.0,-100.0,-100.0,-75.0,-71.0,-90.0,-85.0,-100.0,-100.0,-100.0,-100.0,-100.0,-100.0,-100.0,-100.0,-100.0,-100.0,-100.0,-100.0,-100.0,-100.0,-100.0,-100.0,-100.0,-100.0,-100.0,-100.0,-100.0,-100.0,-100.0,-100.0,-100.0,-100.0,-100.0,-100.0,-100.0,-100.0
2021.01.16 155024,32.0,24.0,32.95098284276729,9.148540219496855,-29.266652559748426,0.09520696972610061,0.6695545638993711,9.738239949685532,0.006162099109937106,3.285783817610072e-05,0.000759748178050314,-0.0686604594518928,-0.009771189120780779,-1.2481682180608593,1013.1643714465405,-100.0,-100.0,-100.0,-82.0,-100.0,-100.0,-100.0,-100.0,-60.0,-100.0,-100.0,-100.0,-100.0,-100.0,-100.0,-100.0,-100.0,-100.0,-100.0,-50.0,-76.0,-61.0,-45.0,-73.0,-100.0,-100.0,-50.0,-79.0,-57.0,-74.0,-100.0,-100.0,-75.0,-100.0,-100.0,-100.0,-83.0,-100.0,-100.0,-100.0,-100.0,-100.0,-79.0,-51.0,-65.0,-66.0,-100.0,-72.0,-100.0,-92.0,-57.0,-76.0,-28.0,-45.0,-50.0,-80.0,-51.0,-67.0,-65.0,-100.0,-72.0,-100.0,-100.0,-56.0,-75.0,-28.0,-46.0,-44.0,-100.0,-100.0,-100.0,-100.0,-100.0,-100.0,-52.0,-100.0,-100.0,-59.0,-100.0,-100.0,-72.0,-68.0,-63.0,-76.0,-52.0,-79.0,-79.0,-64.0,-75.0,-100.0,-100.0,-66.0,-64.0,-100.0,-64.0,-100.0,-100.0,-55.0,-100.0,-100.0,-100.0,-89.0,-100.0,-75.0,-75.0,-100.0,-100.0,-82.0,-100.0,-100.0,-100.0,-75.0,-62.0,-100.0,-100.0,-100.0,-100.0,-100.0,-84.0,-100.0,-100.0,-92.0,-100.0,-71.0,-90.0,-100.0,-100.0,-100.0,-100.0,-100.0,-100.0,-100.0,-100.0,-100.0,-100.0,-100.0,-100.0,-100.0,-100.0,-100.0,-100.0,-100.0,-100.0,-100.0,-100.0,-100.0,-100.0,-100.0,-100.0,-100.0,-100.0,-100.0,-100.0,-100.0,-100.0,-100.0
2021.01.16 155110,35.0,24.0,32.801237361842105,-2.379927195576974,-29.3856667631579,0.12693603150000002,0.6227962954605264,9.739095917763159,-0.0002773745292763164,0.0009914176149342108,0.0014253443611184208,-0.06386162122515467,-0.013038344101483992,-1.5867490760589902,1013.176825263158,-100.0,-80.0,-100.0,-100.0,-100.0,-100.0,-100.0,-100.0,-100.0,-100.0,-100.0,-100.0,-100.0,-81.0,-100.0,-100.0,-68.0,-64.0,-100.0,-51.0,-100.0,-100.0,-100.0,-62.0,-67.0,-100.0,-50.0,-100.0,-100.0,-62.0,-100.0,-100.0,-78.0,-100.0,-100.0,-100.0,-100.0,-100.0,-100.0,-100.0,-100.0,-100.0,-76.0,-59.0,-66.0,-100.0,-88.0,-72.0,-100.0,-100.0,-65.0,-77.0,-24.0,-41.0,-38.0,-75.0,-59.0,-67.0,-100.0,-90.0,-72.0,-100.0,-100.0,-64.0,-77.0,-24.0,-41.0,-100.0,-100.0,-100.0,-100.0,-85.0,-82.0,-100.0,-41.0,-100.0,-100.0,-58.0,-100.0,-100.0,-61.0,-100.0,-62.0,-100.0,-38.0,-73.0,-74.0,-100.0,-74.0,-100.0,-82.0,-100.0,-60.0,-100.0,-59.0,-100.0,-100.0,-100.0,-77.0,-100.0,-100.0,-91.0,-100.0,-100.0,-100.0,-100.0,-100.0,-100.0,-100.0,-100.0,-100.0,-74.0,-51.0,-100.0,-100.0,-100.0,-100.0,-100.0,-100.0,-100.0,-100.0,-89.0,-100.0,-100.0,-100.0,-100.0,-92.0,-91.0,-100.0,-100.0,-100.0,-100.0,-100.0,-100.0,-100.0,-100.0,-100.0,-100.0,-100.0,-100.0,-100.0,-100.0,-100.0,-100.0,-100.0,-100.0,-100.0,-100.0,-100.0,-100.0,-100.0,-100.0,-100.0,-100.0,-100.0,-100.0
2021.01.16 155127,35.0,24.0,28.353143582608695,-3.883330836521739,-26.56378359130435,-0.12983520507652171,0.7572933374782608,9.73319097826087,0.0036146079894782608,0.0014426680360869568,0.0048943972764573926,-0.07764112868386763,0.01333019592794181,-1.634399416135705,1013.1364226956522,-100.0,-73.0,-100.0,-100.0,-100.0,-100.0,-100.0,-100.0,-100.0,-100.0,-100.0,-77.0,-100.0,-100.0,-100.0,-71.0,-100.0,-60.0,-100.0,-43.0,-77.0,-58.0,-43.0,-58.0,-61.0,-100.0,-43.0,-77.0,-58.0,-59.0,-100.0,-100.0,-82.0,-100.0,-100.0,-100.0,-100.0,-100.0,-100.0,-100.0,-100.0,-74.0,-100.0,-49.0,-70.0,-72.0,-87.0,-72.0,-100.0,-89.0,-62.0,-73.0,-31.0,-48.0,-36.0,-80.0,-49.0,-69.0,-70.0,-88.0,-72.0,-79.0,-88.0,-61.0,-72.0,-30.0,-49.0,-43.0,-100.0,-100.0,-81.0,-100.0,-100.0,-72.0,-45.0,-100.0,-100.0,-43.0,-100.0,-100.0,-51.0,-65.0,-100.0,-78.0,-36.0,-71.0,-69.0,-55.0,-100.0,-100.0,-100.0,-62.0,-56.0,-62.0,-57.0,-100.0,-100.0,-59.0,-100.0,-73.0,-78.0,-100.0,-100.0,-77.0,-82.0,-100.0,-100.0,-82.0,-100.0,-100.0,-100.0,-70.0,-100.0,-100.0,-100.0,-100.0,-100.0,-88.0,-82.0,-100.0,-100.0,-90.0,-100.0,-100.0,-84.0,-100.0,-90.0,-100.0,-80.0,-100.0,-100.0,-100.0,-100.0,-100.0,-100.0,-100.0,-100.0,-100.0,-100.0,-100.0,-100.0,-100.0,-100.0,-100.0,-100.0,-100.0,-100.0,-100.0,-100.0,-100.0,-100.0,-100.0,-100.0,-100.0,-100.0,-100.0
2021.01.16 155142,36.0,24.0,27.946429249999998,-3.303238670945946,-26.965831209459456,0.026654655581891895,0.6943549064864866,9.738717682432432,-0.0011472158062837835,1.7803339966216195e-05,0.003327364516013514,-0.07117647393229035,-0.002743693479364845,-1.6201523486021403,1013.1340323648647,-100.0,-100.0,-100.0,-100.0,-100.0,-100.0,-100.0,-100.0,-72.0,-100.0,-100.0,-100.0,-100.0,-77.0,-100.0,-100.0,-70.0,-66.0,-100.0,-46.0,-100.0,-53.0,-100.0,-67.0,-66.0,-100.0,-46.0,-100.0,-52.0,-67.0,-100.0,-100.0,-83.0,-100.0,-100.0,-100.0,-100.0,-100.0,-100.0,-100.0,-100.0,-100.0,-80.0,-52.0,-64.0,-100.0,-87.0,-76.0,-66.0,-89.0,-100.0,-74.0,-39.0,-54.0,-38.0,-80.0,-51.0,-64.0,-100.0,-86.0,-77.0,-68.0,-88.0,-100.0,-75.0,-39.0,-56.0,-100.0,-100.0,-100.0,-100.0,-100.0,-100.0,-100.0,-48.0,-100.0,-100.0,-59.0,-100.0,-100.0,-70.0,-66.0,-61.0,-100.0,-39.0,-69.0,-70.0,-54.0,-100.0,-100.0,-100.0,-62.0,-63.0,-60.0,-63.0,-100.0,-100.0,-100.0,-100.0,-70.0,-100.0,-100.0,-100.0,-100.0,-100.0,-100.0,-100.0,-100.0,-100.0,-100.0,-100.0,-72.0,-100.0,-100.0,-100.0,-100.0,-100.0,-100.0,-100.0,-100.0,-100.0,-100.0,-100.0,-100.0,-84.0,-100.0,-100.0,-90.0,-100.0,-86.0,-87.0,-90.0,-100.0,-100.0,-100.0,-100.0,-100.0,-100.0,-100.0,-100.0,-100.0,-100.0,-100.0,-100.0,-100.0,-100.0,-100.0,-100.0,-100.0,-100.0,-100.0,-100.0,-100.0,-100.0,-100.0,-100.0
2021.01.16 155159,37.0,24.0,18.16611381818182,-4.148973088111888,-24.753178559440556,0.12221741531818181,0.6879161623776223,9.738465248251748,-0.00045413187846153857,0.0007047138144405594,0.0026048605109790213,-0.0705149547047131,-0.012550677523510226,-1.7007268217060116,1013.11686993007,-100.0,-100.0,-100.0,-100.0,-100.0,-100.0,-83.0,-100.0,-100.0,-100.0,-100.0,-100.0,-100.0,-81.0,-100.0,-71.0,-100.0,-63.0,-82.0,-55.0,-100.0,-56.0,-49.0,-55.0,-100.0,-82.0,-54.0,-100.0,-56.0,-55.0,-100.0,-100.0,-100.0,-100.0,-100.0,-84.0,-100.0,-100.0,-100.0,-100.0,-100.0,-100.0,-100.0,-59.0,-61.0,-100.0,-86.0,-74.0,-100.0,-100.0,-66.0,-65.0,-37.0,-52.0,-51.0,-100.0,-57.0,-62.0,-100.0,-83.0,-74.0,-100.0,-100.0,-65.0,-65.0,-36.0,-52.0,-48.0,-100.0,-100.0,-100.0,-100.0,-100.0,-100.0,-47.0,-100.0,-100.0,-62.0,-100.0,-100.0,-70.0,-100.0,-60.0,-100.0,-49.0,-71.0,-71.0,-59.0,-68.0,-100.0,-100.0,-62.0,-56.0,-62.0,-56.0,-100.0,-100.0,-100.0,-73.0,-100.0,-79.0,-100.0,-100.0,-74.0,-100.0,-100.0,-100.0,-100.0,-100.0,-88.0,-100.0,-100.0,-100.0,-100.0,-100.0,-100.0,-100.0,-73.0,-100.0,-100.0,-100.0,-100.0,-100.0,-100.0,-80.0,-100.0,-79.0,-86.0,-76.0,-88.0,-86.0,-87.0,-100.0,-100.0,-100.0,-100.0,-100.0,-100.0,-100.0,-100.0,-100.0,-100.0,-100.0,-100.0,-100.0,-100.0,-100.0,-100.0,-100.0,-100.0,-100.0,-100.0,-100.0,-100.0,-100.0,-100.0
2021.01.16 155230,39.0,24.0,12.82569647260274,-0.16639248133561643,-20.85461098630137,0.07698270400575342,0.6057994996575342,9.739289657534247,0.0010690641326027398,-0.000583970385729452,0.003709621855630136,-0.06211860144306735,-0.007925502680074976,-1.4850620317132506,1013.1068793150686,-100.0,-83.0,-100.0,-100.0,-100.0,-100.0,-91.0,-100.0,-100.0,-100.0,-100.0,-100.0,-100.0,-77.0,-100.0,-60.0,-100.0,-62.0,-100.0,-48.0,-81.0,-52.0,-44.0,-64.0,-62.0,-100.0,-48.0,-80.0,-52.0,-65.0,-100.0,-100.0,-80.0,-100.0,-100.0,-100.0,-100.0,-100.0,-100.0,-100.0,-100.0,-72.0,-79.0,-56.0,-68.0,-64.0,-86.0,-74.0,-56.0,-100.0,-63.0,-71.0,-45.0,-56.0,-36.0,-100.0,-56.0,-69.0,-65.0,-86.0,-74.0,-61.0,-100.0,-63.0,-71.0,-45.0,-56.0,-44.0,-100.0,-100.0,-100.0,-100.0,-100.0,-74.0,-47.0,-100.0,-100.0,-62.0,-100.0,-100.0,-70.0,-67.0,-63.0,-82.0,-37.0,-68.0,-69.0,-56.0,-100.0,-63.0,-100.0,-65.0,-65.0,-64.0,-65.0,-100.0,-100.0,-62.0,-70.0,-70.0,-100.0,-100.0,-100.0,-79.0,-100.0,-100.0,-100.0,-100.0,-100.0,-100.0,-100.0,-76.0,-75.0,-100.0,-100.0,-100.0,-100.0,-100.0,-100.0,-100.0,-100.0,-100.0,-100.0,-77.0,-90.0,-100.0,-91.0,-100.0,-100.0,-80.0,-91.0,-100.0,-81.0,-100.0,-100.0,-100.0,-100.0,-100.0,-100.0,-100.0,-100.0,-100.0,-100.0,-100.0,-100.0,-100.0,-100.0,-100.0,-100.0,-100.0,-100.0,-100.0,-100.0,-100.0,-100.0,-100.0
2021.01.16 155319,42.0,24.0,16.22309779865772,13.428330654362416,-26.24705261073826,0.10933284315302014,0.5975348704026845,9.745114956375838,0.0005891937289664428,0.00025974150003355684,0.00463472842557047,-0.0612367283827906,-0.01122954248817126,-0.8334771026700936,1013.1671601342281,-100.0,-68.0,-100.0,-100.0,-100.0,-100.0,-100.0,-100.0,-100.0,-80.0,-100.0,-69.0,-100.0,-80.0,-100.0,-61.0,-100.0,-62.0,-100.0,-52.0,-76.0,-47.0,-50.0,-61.0,-61.0,-100.0,-53.0,-76.0,-46.0,-61.0,-100.0,-100.0,-77.0,-100.0,-100.0,-100.0,-100.0,-100.0,-100.0,-100.0,-100.0,-100.0,-100.0,-60.0,-75.0,-72.0,-100.0,-71.0,-77.0,-100.0,-65.0,-75.0,-49.0,-61.0,-57.0,-100.0,-60.0,-76.0,-73.0,-100.0,-71.0,-78.0,-100.0,-63.0,-74.0,-50.0,-61.0,-50.0,-100.0,-100.0,-100.0,-100.0,-100.0,-100.0,-63.0,-100.0,-100.0,-62.0,-100.0,-100.0,-79.0,-75.0,-62.0,-100.0,-58.0,-65.0,-66.0,-54.0,-61.0,-63.0,-100.0,-61.0,-76.0,-61.0,-76.0,-100.0,-100.0,-69.0,-100.0,-100.0,-73.0,-100.0,-100.0,-82.0,-100.0,-100.0,-100.0,-100.0,-100.0,-100.0,-100.0,-100.0,-100.0,-100.0,-100.0,-100.0,-100.0,-100.0,-85.0,-100.0,-100.0,-86.0,-100.0,-100.0,-84.0,-100.0,-87.0,-85.0,-73.0,-100.0,-87.0,-86.0,-79.0,-100.0,-100.0,-100.0,-100.0,-100.0,-100.0,-100.0,-100.0,-100.0,-100.0,-100.0,-100.0,-100.0,-100.0,-100.0,-100.0,-100.0,-100.0,-100.0,-100.0,-100.0,-100.0,-100.0
2021.01.16 155335,43.0,24.0,19.388499714285715,13.058338292517007,-26.777355129251703,0.1730103911360544,0.4872871125170068,9.75017187414966,5.917029338095192e-05,0.0013159346920748303,0.0011806469051020409,-0.04992087989994858,-0.017753564864301966,-0.9448687040886912,1013.1803870068027,-100.0,-67.0,-100.0,-100.0,-100.0,-100.0,-100.0,-100.0,-100.0,-100.0,-100.0,-55.0,-100.0,-64.0,-100.0,-100.0,-67.0,-58.0,-100.0,-52.0,-73.0,-44.0,-44.0,-63.0,-57.0,-100.0,-53.0,-74.0,-44.0,-63.0,-100.0,-100.0,-81.0,-100.0,-100.0,-100.0,-100.0,-100.0,-100.0,-100.0,-100.0,-100.0,-100.0,-57.0,-73.0,-100.0,-100.0,-71.0,-76.0,-100.0,-100.0,-79.0,-53.0,-67.0,-54.0,-100.0,-57.0,-73.0,-100.0,-100.0,-71.0,-100.0,-100.0,-100.0,-76.0,-55.0,-66.0,-43.0,-100.0,-100.0,-100.0,-100.0,-100.0,-100.0,-76.0,-100.0,-100.0,-64.0,-100.0,-100.0,-92.0,-79.0,-66.0,-82.0,-54.0,-55.0,-57.0,-51.0,-100.0,-100.0,-100.0,-70.0,-78.0,-100.0,-79.0,-100.0,-100.0,-100.0,-74.0,-72.0,-100.0,-100.0,-100.0,-100.0,-100.0,-100.0,-100.0,-100.0,-100.0,-100.0,-100.0,-69.0,-100.0,-100.0,-100.0,-100.0,-100.0,-100.0,-100.0,-100.0,-100.0,-100.0,-100.0,-100.0,-77.0,-100.0,-85.0,-100.0,-100.0,-100.0,-100.0,-100.0,-73.0,-67.0,-100.0,-100.0,-100.0,-100.0,-100.0,-100.0,-100.0,-100.0,-100.0,-100.0,-100.0,-100.0,-100.0,-100.0,-100.0,-100.0,-100.0,-100.0,-100.0,-100.0,-100.0,-100.0
2021.01.16 155351,44.0,24.0,20.325704310126582,11.946939253164558,-24.802760303797466,0.04782824865632911,0.6028617865189875,9.74361933544304,0.003068234972012658,0.0011145114975949365,0.0004703577590506328,-0.06179181599541551,-0.0049115118468025295,-0.9889392894280108,1013.195543227848,-100.0,-54.0,-100.0,-100.0,-100.0,-100.0,-100.0,-100.0,-100.0,-100.0,-100.0,-64.0,-100.0,-100.0,-100.0,-100.0,-72.0,-58.0,-94.0,-51.0,-81.0,-35.0,-42.0,-59.0,-59.0,-93.0,-51.0,-81.0,-35.0,-60.0,-100.0,-100.0,-79.0,-100.0,-100.0,-100.0,-100.0,-100.0,-100.0,-100.0,-100.0,-81.0,-100.0,-59.0,-73.0,-70.0,-100.0,-70.0,-100.0,-100.0,-100.0,-79.0,-58.0,-70.0,-58.0,-100.0,-59.0,-73.0,-100.0,-100.0,-70.0,-100.0,-100.0,-100.0,-80.0,-57.0,-72.0,-43.0,-100.0,-100.0,-100.0,-100.0,-100.0,-100.0,-100.0,-100.0,-100.0,-75.0,-100.0,-100.0,-100.0,-100.0,-100.0,-100.0,-58.0,-52.0,-52.0,-100.0,-100.0,-55.0,-100.0,-74.0,-76.0,-74.0,-77.0,-100.0,-100.0,-100.0,-100.0,-67.0,-100.0,-100.0,-100.0,-100.0,-100.0,-100.0,-100.0,-100.0,-100.0,-100.0,-100.0,-63.0,-100.0,-100.0,-100.0,-100.0,-100.0,-100.0,-100.0,-100.0,-100.0,-100.0,-100.0,-100.0,-83.0,-100.0,-87.0,-100.0,-100.0,-100.0,-100.0,-100.0,-100.0,-100.0,-90.0,-90.0,-100.0,-100.0,-100.0,-100.0,-100.0,-100.0,-100.0,-100.0,-100.0,-100.0,-100.0,-100.0,-100.0,-100.0,-100.0,-100.0,-100.0,-100.0,-100.0,-100.0
2021.01.16 155445,46.0,24.0,22.243083867924526,14.192002091194967,-25.16332168553459,0.032071968422704406,0.5523936901886792,9.740613119496855,-0.0007910001997484276,-0.0007896175403144655,0.002611488603710692,-0.05662360840693768,-0.0033021770460728056,-0.9612899265199337,1013.2795982389937,-100.0,-50.0,-100.0,-100.0,-100.0,-100.0,-100.0,-100.0,-80.0,-100.0,-100.0,-64.0,-100.0,-61.0,-100.0,-100.0,-69.0,-100.0,-100.0,-50.0,-75.0,-35.0,-41.0,-57.0,-100.0,-100.0,-51.0,-100.0,-35.0,-57.0,-100.0,-100.0,-78.0,-100.0,-100.0,-100.0,-100.0,-100.0,-100.0,-100.0,-100.0,-100.0,-100.0,-63.0,-71.0,-100.0,-100.0,-68.0,-100.0,-100.0,-65.0,-76.0,-100.0,-73.0,-57.0,-100.0,-60.0,-72.0,-100.0,-100.0,-67.0,-72.0,-100.0,-64.0,-77.0,-57.0,-73.0,-40.0,-100.0,-100.0,-100.0,-100.0,-100.0,-100.0,-67.0,-100.0,-100.0,-100.0,-100.0,-100.0,-100.0,-100.0,-100.0,-100.0,-57.0,-53.0,-52.0,-56.0,-100.0,-54.0,-100.0,-73.0,-81.0,-73.0,-83.0,-100.0,-100.0,-100.0,-100.0,-67.0,-60.0,-100.0,-100.0,-100.0,-100.0,-100.0,-100.0,-100.0,-100.0,-100.0,-100.0,-100.0,-100.0,-100.0,-100.0,-100.0,-100.0,-100.0,-100.0,-100.0,-72.0,-79.0,-100.0,-100.0,-78.0,-100.0,-77.0,-100.0,-62.0,-81.0,-100.0,-100.0,-100.0,-100.0,-86.0,-86.0,-100.0,-100.0,-100.0,-100.0,-100.0,-100.0,-100.0,-100.0,-100.0,-100.0,-100.0,-100.0,-100.0,-100.0,-100.0,-100.0,-100.0,-100.0,-100.0,-100.0
2021.01.16 155532,49.0,24.0,24.897270465753422,12.051227839041095,-20.477951842465757,0.06348359311684931,0.7124500057534247,9.739036510273973,0.004134020843082191,-0.00041066608184931505,0.0034505806717123285,-0.07302229170215452,-0.006526991092507805,-1.0761564259659755,1013.322390410959,-77.0,-56.0,-100.0,-100.0,-100.0,-100.0,-100.0,-85.0,-81.0,-100.0,-100.0,-51.0,-100.0,-75.0,-100.0,-49.0,-63.0,-64.0,-87.0,-50.0,-75.0,-34.0,-46.0,-61.0,-68.0,-88.0,-49.0,-75.0,-34.0,-63.0,-100.0,-100.0,-77.0,-100.0,-100.0,-100.0,-100.0,-100.0,-100.0,-100.0,-100.0,-100.0,-100.0,-60.0,-73.0,-82.0,-100.0,-65.0,-100.0,-100.0,-63.0,-76.0,-57.0,-67.0,-64.0,-100.0,-61.0,-74.0,-79.0,-100.0,-65.0,-76.0,-100.0,-62.0,-78.0,-100.0,-68.0,-46.0,-100.0,-100.0,-100.0,-100.0,-100.0,-100.0,-100.0,-100.0,-100.0,-100.0,-100.0,-100.0,-100.0,-100.0,-100.0,-100.0,-62.0,-51.0,-53.0,-59.0,-100.0,-57.0,-100.0,-71.0,-85.0,-72.0,-86.0,-100.0,-100.0,-100.0,-66.0,-100.0,-59.0,-100.0,-100.0,-82.0,-100.0,-100.0,-100.0,-82.0,-81.0,-100.0,-100.0,-68.0,-100.0,-100.0,-100.0,-100.0,-100.0,-100.0,-100.0,-100.0,-79.0,-77.0,-100.0,-100.0,-75.0,-100.0,-74.0,-100.0,-59.0,-100.0,-100.0,-100.0,-68.0,-100.0,-86.0,-87.0,-81.0,-80.0,-100.0,-100.0,-100.0,-100.0,-100.0,-100.0,-100.0,-100.0,-100.0,-100.0,-100.0,-100.0,-100.0,-100.0,-100.0,-100.0,-100.0,-100.0
2021.01.16 155551,50.0,24.0,25.822648314685313,10.886657636363637,-19.745481167832164,-0.0788833309090909,0.6173825120979022,9.743192199300701,-3.9203274664335727e-05,-0.0005644225167902098,0.0014935365319999996,-0.0632843419753171,0.008094554861243837,-1.1293379593562414,1013.3446827272726,-100.0,-58.0,-100.0,-100.0,-100.0,-100.0,-100.0,-100.0,-100.0,-69.0,-100.0,-51.0,-100.0,-63.0,-100.0,-48.0,-58.0,-50.0,-86.0,-49.0,-70.0,-33.0,-39.0,-58.0,-55.0,-86.0,-50.0,-71.0,-33.0,-58.0,-100.0,-100.0,-81.0,-100.0,-100.0,-100.0,-100.0,-100.0,-100.0,-100.0,-100.0,-81.0,-100.0,-68.0,-76.0,-81.0,-91.0,-71.0,-100.0,-100.0,-100.0,-74.0,-55.0,-71.0,-100.0,-100.0,-67.0,-77.0,-82.0,-100.0,-71.0,-100.0,-100.0,-100.0,-74.0,-60.0,-73.0,-38.0,-100.0,-100.0,-100.0,-100.0,-100.0,-100.0,-100.0,-100.0,-100.0,-81.0,-100.0,-100.0,-100.0,-100.0,-100.0,-100.0,-68.0,-54.0,-55.0,-56.0,-100.0,-59.0,-100.0,-76.0,-79.0,-100.0,-78.0,-100.0,-100.0,-100.0,-65.0,-65.0,-60.0,-100.0,-100.0,-100.0,-100.0,-100.0,-100.0,-83.0,-100.0,-100.0,-100.0,-62.0,-100.0,-100.0,-100.0,-100.0,-100.0,-100.0,-83.0,-100.0,-75.0,-76.0,-100.0,-100.0,-68.0,-100.0,-74.0,-100.0,-59.0,-100.0,-100.0,-100.0,-70.0,-100.0,-83.0,-83.0,-100.0,-100.0,-100.0,-100.0,-100.0,-100.0,-100.0,-100.0,-100.0,-100.0,-100.0,-100.0,-100.0,-100.0,-100.0,-100.0,-100.0,-100.0,-100.0,-100.0
2021.01.16 155606,51.0,24.0,24.889536255033555,12.480763174496644,-18.969247140939597,-0.07096253566805369,0.5195829267785234,9.74502955033557,-0.0021525078973154365,-0.00030206114315436223,0.0026658990994161075,-0.053266887896812956,0.007282103342951428,-1.0719577602092052,1013.3180769798659,-100.0,-71.0,-100.0,-100.0,-100.0,-100.0,-84.0,-80.0,-100.0,-100.0,-84.0,-55.0,-100.0,-79.0,-100.0,-59.0,-67.0,-53.0,-86.0,-53.0,-65.0,-35.0,-36.0,-46.0,-53.0,-86.0,-54.0,-65.0,-36.0,-46.0,-100.0,-100.0,-82.0,-100.0,-100.0,-100.0,-100.0,-100.0,-81.0,-100.0,-100.0,-100.0,-100.0,-62.0,-77.0,-100.0,-100.0,-69.0,-75.0,-100.0,-62.0,-76.0,-61.0,-70.0,-62.0,-100.0,-61.0,-77.0,-100.0,-100.0,-69.0,-71.0,-100.0,-64.0,-76.0,-60.0,-70.0,-37.0,-100.0,-100.0,-100.0,-100.0,-100.0,-100.0,-73.0,-100.0,-100.0,-79.0,-100.0,-100.0,-100.0,-100.0,-69.0,-100.0,-62.0,-51.0,-57.0,-54.0,-100.0,-63.0,-100.0,-100.0,-87.0,-100.0,-87.0,-100.0,-100.0,-100.0,-63.0,-63.0,-57.0,-100.0,-100.0,-100.0,-100.0,-100.0,-100.0,-100.0,-79.0,-100.0,-100.0,-100.0,-100.0,-100.0,-100.0,-100.0,-100.0,-100.0,-100.0,-77.0,-100.0,-100.0,-100.0,-100.0,-67.0,-100.0,-68.0,-100.0,-55.0,-100.0,-100.0,-100.0,-69.0,-62.0,-81.0,-82.0,-100.0,-100.0,-93.0,-100.0,-100.0,-100.0,-100.0,-100.0,-100.0,-100.0,-100.0,-100.0,-100.0,-100.0,-100.0,-100.0,-100.0,-100.0,-100.0,-100.0
2021.01.16 155621,52.0,24.0,23.207378980263158,12.645375608552632,-18.291409717105264,0.1711624991513158,0.6382816520394737,9.74271732236842,0.0022759183974342106,0.0014332724390000002,-0.0020653410602631574,-0.06540670066973876,-0.01756519191870829,-1.040748174253263,1013.321015,-100.0,-75.0,-100.0,-100.0,-100.0,-100.0,-74.0,-82.0,-100.0,-66.0,-100.0,-47.0,-79.0,-100.0,-80.0,-53.0,-61.0,-54.0,-80.0,-55.0,-61.0,-41.0,-37.0,-47.0,-54.0,-79.0,-55.0,-63.0,-41.0,-46.0,-100.0,-100.0,-100.0,-100.0,-100.0,-100.0,-100.0,-100.0,-100.0,-100.0,-100.0,-100.0,-100.0,-63.0,-75.0,-79.0,-100.0,-63.0,-100.0,-100.0,-66.0,-65.0,-60.0,-63.0,-100.0,-100.0,-64.0,-75.0,-78.0,-100.0,-63.0,-100.0,-100.0,-100.0,-65.0,-60.0,-64.0,-37.0,-100.0,-100.0,-100.0,-100.0,-100.0,-100.0,-100.0,-100.0,-100.0,-85.0,-100.0,-100.0,-100.0,-100.0,-100.0,-100.0,-100.0,-64.0,-62.0,-69.0,-100.0,-64.0,-100.0,-100.0,-88.0,-100.0,-86.0,-100.0,-100.0,-100.0,-100.0,-100.0,-72.0,-100.0,-100.0,-100.0,-100.0,-100.0,-100.0,-100.0,-100.0,-100.0,-100.0,-72.0,-100.0,-100.0,-100.0,-100.0,-100.0,-100.0,-100.0,-100.0,-100.0,-66.0,-100.0,-100.0,-57.0,-100.0,-64.0,-100.0,-100.0,-100.0,-100.0,-100.0,-76.0,-61.0,-87.0,-88.0,-88.0,-100.0,-82.0,-84.0,-83.0,-100.0,-100.0,-100.0,-100.0,-100.0,-100.0,-100.0,-100.0,-100.0,-100.0,-100.0,-100.0,-100.0,-100.0,-100.0
2021.01.16 155654,54.0,24.0,28.63949760689655,12.071187917241378,-18.23727579310345,0.12347460646206897,0.6256027557241378,9.744187924137933,0.00019292107402275852,0.0018530418538917244,0.0018301814799793108,-0.06411162207609615,-0.012684572690391286,-1.1422101078362301,1013.3600987586207,-100.0,-100.0,-100.0,-100.0,-100.0,-100.0,-80.0,-73.0,-100.0,-100.0,-100.0,-45.0,-100.0,-60.0,-100.0,-100.0,-100.0,-51.0,-79.0,-53.0,-67.0,-41.0,-32.0,-51.0,-53.0,-79.0,-53.0,-66.0,-42.0,-52.0,-100.0,-100.0,-84.0,-100.0,-100.0,-100.0,-100.0,-100.0,-100.0,-100.0,-100.0,-100.0,-100.0,-62.0,-76.0,-82.0,-100.0,-68.0,-76.0,-100.0,-100.0,-75.0,-54.0,-69.0,-100.0,-100.0,-62.0,-75.0,-81.0,-100.0,-70.0,-77.0,-100.0,-100.0,-74.0,-100.0,-69.0,-33.0,-100.0,-100.0,-100.0,-100.0,-100.0,-100.0,-100.0,-100.0,-100.0,-100.0,-100.0,-100.0,-100.0,-100.0,-100.0,-100.0,-100.0,-64.0,-64.0,-63.0,-100.0,-58.0,-100.0,-79.0,-85.0,-100.0,-84.0,-100.0,-100.0,-100.0,-54.0,-53.0,-62.0,-100.0,-100.0,-100.0,-100.0,-100.0,-100.0,-100.0,-100.0,-100.0,-100.0,-100.0,-100.0,-100.0,-100.0,-100.0,-100.0,-100.0,-100.0,-100.0,-100.0,-66.0,-100.0,-100.0,-60.0,-100.0,-68.0,-100.0,-100.0,-100.0,-100.0,-100.0,-75.0,-57.0,-89.0,-89.0,-100.0,-100.0,-100.0,-100.0,-100.0,-100.0,-100.0,-100.0,-100.0,-100.0,-100.0,-100.0,-100.0,-100.0,-100.0,-100.0,-100.0,-100.0,-100.0,-100.0
2021.01.16 155739,57.0,24.0,25.593731956834528,7.079759767625898,-17.730696820143887,0.03573587534972662,0.5682494328776979,9.749375043165468,-0.0006181427751079136,-0.0028794676015107914,0.00245504488028777,-0.05822100251805863,-0.003669797596675798,-1.2652364737695927,1013.3706949640289,-100.0,-73.0,-100.0,-100.0,-100.0,-100.0,-82.0,-75.0,-100.0,-54.0,-100.0,-100.0,-82.0,-64.0,-82.0,-54.0,-62.0,-47.0,-72.0,-49.0,-54.0,-60.0,-33.0,-55.0,-46.0,-73.0,-48.0,-54.0,-60.0,-56.0,-100.0,-100.0,-100.0,-100.0,-100.0,-100.0,-100.0,-100.0,-100.0,-100.0,-100.0,-100.0,-84.0,-67.0,-77.0,-80.0,-100.0,-62.0,-100.0,-100.0,-100.0,-74.0,-65.0,-76.0,-72.0,-100.0,-67.0,-77.0,-81.0,-100.0,-61.0,-100.0,-100.0,-100.0,-72.0,-66.0,-76.0,-31.0,-100.0,-100.0,-100.0,-100.0,-100.0,-100.0,-78.0,-100.0,-100.0,-100.0,-100.0,-100.0,-100.0,-100.0,-100.0,-100.0,-72.0,-77.0,-78.0,-100.0,-82.0,-57.0,-100.0,-83.0,-100.0,-83.0,-100.0,-100.0,-100.0,-100.0,-54.0,-55.0,-100.0,-100.0,-100.0,-100.0,-100.0,-100.0,-100.0,-100.0,-82.0,-100.0,-100.0,-60.0,-100.0,-100.0,-100.0,-100.0,-100.0,-100.0,-100.0,-79.0,-66.0,-69.0,-100.0,-100.0,-75.0,-100.0,-66.0,-100.0,-100.0,-100.0,-100.0,-100.0,-100.0,-57.0,-100.0,-100.0,-100.0,-100.0,-100.0,-89.0,-90.0,-100.0,-100.0,-100.0,-100.0,-100.0,-100.0,-100.0,-100.0,-100.0,-100.0,-100.0,-100.0,-100.0,-100.0,-100.0
2021.01.16 155754,58.0,24.0,24.476058267123285,7.3170550424657534,-19.776685061643835,0.1594325144979452,0.4849366838356164,9.745973287671234,-0.0008337048736301367,-0.000423501300390411,0.00292616581479452,-0.04970873001809801,-0.016356097339941082,-1.2489314691661155,1013.3714542465755,-100.0,-81.0,-100.0,-100.0,-100.0,-81.0,-100.0,-72.0,-100.0,-55.0,-100.0,-100.0,-81.0,-59.0,-80.0,-100.0,-49.0,-42.0,-73.0,-48.0,-100.0,-60.0,-39.0,-46.0,-42.0,-74.0,-50.0,-100.0,-60.0,-47.0,-100.0,-100.0,-100.0,-100.0,-100.0,-100.0,-100.0,-100.0,-100.0,-100.0,-100.0,-100.0,-100.0,-55.0,-79.0,-82.0,-100.0,-73.0,-75.0,-100.0,-100.0,-72.0,-65.0,-75.0,-100.0,-100.0,-55.0,-79.0,-81.0,-100.0,-72.0,-76.0,-100.0,-100.0,-75.0,-65.0,-75.0,-39.0,-100.0,-100.0,-100.0,-100.0,-100.0,-100.0,-100.0,-100.0,-100.0,-100.0,-100.0,-100.0,-100.0,-100.0,-100.0,-100.0,-100.0,-80.0,-80.0,-100.0,-100.0,-65.0,-100.0,-79.0,-89.0,-79.0,-88.0,-100.0,-100.0,-100.0,-56.0,-56.0,-100.0,-100.0,-100.0,-100.0,-100.0,-100.0,-100.0,-80.0,-78.0,-100.0,-100.0,-55.0,-100.0,-100.0,-100.0,-100.0,-100.0,-100.0,-100.0,-81.0,-100.0,-66.0,-100.0,-100.0,-71.0,-100.0,-72.0,-100.0,-100.0,-100.0,-100.0,-100.0,-100.0,-60.0,-100.0,-100.0,-100.0,-100.0,-100.0,-78.0,-79.0,-100.0,-100.0,-100.0,-100.0,-100.0,-100.0,-100.0,-100.0,-100.0,-100.0,-100.0,-100.0,-100.0,-100.0,-100.0
2021.01.16 155810,59.0,24.0,20.720798361111108,6.371951104861111,-20.18105786111111,0.057514069925694446,0.4500534026388888,9.750398555555556,0.0015385416287569448,0.002487416592569444,0.004027939948263889,-0.0461269202900843,-0.005899389063617652,-1.2342616104417377,1013.3936496527778,-100.0,-82.0,-100.0,-100.0,-71.0,-81.0,-100.0,-68.0,-81.0,-59.0,-69.0,-100.0,-71.0,-61.0,-71.0,-55.0,-54.0,-34.0,-67.0,-48.0,-62.0,-62.0,-30.0,-40.0,-34.0,-69.0,-50.0,-61.0,-62.0,-40.0,-100.0,-100.0,-100.0,-100.0,-100.0,-100.0,-100.0,-100.0,-100.0,-100.0,-100.0,-100.0,-100.0,-62.0,-78.0,-81.0,-100.0,-72.0,-100.0,-100.0,-100.0,-80.0,-62.0,-77.0,-72.0,-100.0,-61.0,-79.0,-100.0,-100.0,-70.0,-100.0,-100.0,-63.0,-79.0,-62.0,-79.0,-30.0,-100.0,-100.0,-100.0,-100.0,-100.0,-100.0,-100.0,-100.0,-100.0,-100.0,-100.0,-100.0,-100.0,-100.0,-100.0,-100.0,-72.0,-82.0,-82.0,-79.0,-100.0,-61.0,-100.0,-84.0,-90.0,-83.0,-88.0,-100.0,-100.0,-100.0,-53.0,-52.0,-100.0,-100.0,-100.0,-100.0,-100.0,-100.0,-100.0,-100.0,-100.0,-100.0,-100.0,-59.0,-100.0,-100.0,-100.0,-100.0,-69.0,-100.0,-100.0,-100.0,-62.0,-71.0,-100.0,-100.0,-78.0,-100.0,-76.0,-100.0,-100.0,-100.0,-100.0,-100.0,-100.0,-61.0,-100.0,-100.0,-100.0,-100.0,-85.0,-85.0,-84.0,-100.0,-100.0,-100.0,-100.0,-100.0,-100.0,-100.0,-100.0,-100.0,-100.0,-100.0,-100.0,-100.0,-100.0,-100.0
2021.01.16 155825,60.0,24.0,18.8046335,9.795171704861112,-21.678470659722223,0.13659260000694445,0.4270505874305556,9.75529129861111,0.0016988596043333334,-0.0006019430189888888,0.0049208053793750005,-0.04374127475441325,-0.0139993532755195,-1.0594721055693097,1013.4011241666667,-100.0,-79.0,-100.0,-100.0,-67.0,-100.0,-72.0,-68.0,-100.0,-60.0,-100.0,-67.0,-61.0,-74.0,-61.0,-100.0,-47.0,-38.0,-57.0,-48.0,-54.0,-63.0,-32.0,-36.0,-38.0,-58.0,-48.0,-54.0,-62.0,-36.0,-100.0,-100.0,-100.0,-100.0,-100.0,-100.0,-100.0,-100.0,-100.0,-100.0,-100.0,-100.0,-100.0,-65.0,-76.0,-100.0,-100.0,-58.0,-100.0,-100.0,-57.0,-68.0,-64.0,-77.0,-75.0,-100.0,-65.0,-74.0,-100.0,-100.0,-57.0,-100.0,-100.0,-61.0,-69.0,-62.0,-78.0,-32.0,-100.0,-100.0,-100.0,-100.0,-100.0,-100.0,-100.0,-100.0,-100.0,-100.0,-100.0,-100.0,-100.0,-100.0,-100.0,-100.0,-72.0,-76.0,-75.0,-100.0,-100.0,-69.0,-100.0,-100.0,-100.0,-100.0,-100.0,-100.0,-100.0,-100.0,-51.0,-54.0,-100.0,-100.0,-100.0,-100.0,-100.0,-100.0,-100.0,-85.0,-100.0,-100.0,-100.0,-54.0,-100.0,-100.0,-100.0,-100.0,-100.0,-100.0,-84.0,-78.0,-57.0,-73.0,-100.0,-100.0,-81.0,-100.0,-76.0,-100.0,-100.0,-100.0,-100.0,-100.0,-100.0,-58.0,-100.0,-100.0,-100.0,-100.0,-73.0,-75.0,-76.0,-69.0,-100.0,-100.0,-100.0,-100.0,-100.0,-100.0,-100.0,-100.0,-100.0,-100.0,-100.0,-100.0,-100.0,-100.0
2021.01.16 155857,62.0,24.0,25.768256797297298,12.353880212837838,-22.125975722972974,0.20595752053378377,0.454388057972973,9.751037388513515,-0.0014868382973648648,1.243148314189198e-05,0.0009679326547635135,-0.046557931934256766,-0.021127942295090525,-1.1002409087645042,1013.4432102027026,-100.0,-80.0,-100.0,-66.0,-69.0,-100.0,-72.0,-67.0,-100.0,-100.0,-72.0,-100.0,-59.0,-100.0,-59.0,-100.0,-44.0,-35.0,-64.0,-48.0,-56.0,-67.0,-100.0,-32.0,-34.0,-64.0,-49.0,-56.0,-67.0,-32.0,-100.0,-100.0,-100.0,-100.0,-100.0,-100.0,-100.0,-100.0,-100.0,-100.0,-100.0,-100.0,-100.0,-63.0,-81.0,-100.0,-100.0,-62.0,-100.0,-100.0,-100.0,-76.0,-68.0,-76.0,-100.0,-83.0,-63.0,-82.0,-100.0,-100.0,-63.0,-100.0,-100.0,-100.0,-76.0,-67.0,-76.0,-100.0,-100.0,-100.0,-100.0,-100.0,-100.0,-100.0,-100.0,-100.0,-100.0,-100.0,-100.0,-100.0,-100.0,-100.0,-100.0,-100.0,-100.0,-82.0,-84.0,-78.0,-100.0,-61.0,-100.0,-82.0,-100.0,-100.0,-100.0,-100.0,-100.0,-100.0,-45.0,-44.0,-100.0,-100.0,-100.0,-100.0,-100.0,-100.0,-100.0,-100.0,-100.0,-100.0,-100.0,-57.0,-100.0,-100.0,-100.0,-100.0,-100.0,-100.0,-100.0,-75.0,-53.0,-100.0,-100.0,-100.0,-80.0,-100.0,-83.0,-100.0,-100.0,-100.0,-100.0,-100.0,-100.0,-55.0,-100.0,-100.0,-100.0,-100.0,-76.0,-77.0,-81.0,-72.0,-100.0,-100.0,-100.0,-100.0,-100.0,-100.0,-100.0,-100.0,-100.0,-100.0,-100.0,-100.0,-100.0,-100.0
2021.01.16 155949,65.0,24.0,36.7315764834437,17.977867350993378,-23.54363029139073,0.24699520910596026,0.47056660357615887,9.751540125827814,0.0004612043082450333,0.00011452523602649019,0.0048227427764238415,-0.04819641866727377,-0.02531371734857505,-1.0989005818272268,1013.4607424503312,-100.0,-84.0,-84.0,-100.0,-72.0,-100.0,-63.0,-100.0,-82.0,-100.0,-64.0,-100.0,-75.0,-100.0,-77.0,-100.0,-52.0,-34.0,-59.0,-39.0,-61.0,-69.0,-28.0,-47.0,-34.0,-60.0,-40.0,-60.0,-69.0,-47.0,-100.0,-100.0,-100.0,-100.0,-100.0,-100.0,-100.0,-100.0,-100.0,-100.0,-100.0,-100.0,-100.0,-59.0,-77.0,-80.0,-100.0,-67.0,-100.0,-100.0,-100.0,-79.0,-65.0,-80.0,-100.0,-84.0,-58.0,-78.0,-79.0,-100.0,-65.0,-100.0,-100.0,-100.0,-82.0,-61.0,-80.0,-29.0,-100.0,-100.0,-100.0,-100.0,-100.0,-100.0,-100.0,-100.0,-100.0,-100.0,-100.0,-100.0,-100.0,-100.0,-100.0,-100.0,-100.0,-88.0,-87.0,-81.0,-100.0,-100.0,-100.0,-100.0,-100.0,-100.0,-100.0,-100.0,-100.0,-100.0,-55.0,-100.0,-100.0,-100.0,-100.0,-100.0,-100.0,-100.0,-100.0,-75.0,-100.0,-100.0,-100.0,-48.0,-100.0,-100.0,-100.0,-100.0,-100.0,-100.0,-78.0,-81.0,-100.0,-100.0,-100.0,-100.0,-85.0,-100.0,-90.0,-100.0,-100.0,-100.0,-100.0,-100.0,-100.0,-59.0,-100.0,-100.0,-100.0,-100.0,-100.0,-100.0,-100.0,-100.0,-90.0,-100.0,-100.0,-100.0,-100.0,-100.0,-100.0,-100.0,-100.0,-100.0,-100.0,-100.0,-100.0,-100.0
2021.01.16 160005,66.0,24.0,37.95200201360544,15.74952505102041,-25.957263877551018,0.1501629479931973,0.4374886557823129,9.752818221088434,-0.0005476908386802723,-0.0003547132524829933,0.0037515651512925173,-0.0448247693783166,-0.015408282511911887,-1.1563653945922852,1013.4674340136053,-100.0,-100.0,-81.0,-56.0,-69.0,-77.0,-71.0,-73.0,-100.0,-100.0,-100.0,-100.0,-86.0,-73.0,-100.0,-100.0,-53.0,-49.0,-77.0,-45.0,-61.0,-69.0,-100.0,-63.0,-49.0,-77.0,-44.0,-60.0,-70.0,-62.0,-100.0,-100.0,-100.0,-100.0,-100.0,-100.0,-100.0,-100.0,-100.0,-100.0,-100.0,-100.0,-84.0,-62.0,-82.0,-100.0,-100.0,-56.0,-100.0,-100.0,-100.0,-81.0,-64.0,-82.0,-75.0,-83.0,-61.0,-81.0,-81.0,-100.0,-57.0,-100.0,-100.0,-100.0,-81.0,-65.0,-81.0,-100.0,-100.0,-100.0,-100.0,-100.0,-100.0,-100.0,-100.0,-100.0,-100.0,-100.0,-100.0,-100.0,-100.0,-100.0,-100.0,-100.0,-74.0,-85.0,-85.0,-100.0,-100.0,-70.0,-100.0,-100.0,-100.0,-100.0,-100.0,-100.0,-100.0,-100.0,-60.0,-60.0,-100.0,-100.0,-100.0,-100.0,-100.0,-100.0,-100.0,-74.0,-78.0,-100.0,-100.0,-49.0,-100.0,-100.0,-100.0,-100.0,-64.0,-100.0,-73.0,-81.0,-59.0,-100.0,-100.0,-100.0,-100.0,-100.0,-92.0,-100.0,-100.0,-100.0,-100.0,-100.0,-100.0,-100.0,-100.0,-100.0,-76.0,-100.0,-100.0,-100.0,-100.0,-100.0,-87.0,-100.0,-100.0,-100.0,-100.0,-100.0,-100.0,-100.0,-100.0,-100.0,-100.0,-100.0,-100.0,-100.0
2021.01.16 160020,67.0,24.0,40.647160972789116,10.479056965986395,-28.06229758503401,0.09446745029115647,0.2567025242857143,9.759020714285716,0.0003234015153741496,3.832589404081623e-05,-0.0009923486917823132,-0.026295504583438597,-0.009669708858499874,-1.3035791569015607,1013.4597160544216,-100.0,-100.0,-100.0,-60.0,-78.0,-83.0,-73.0,-82.0,-81.0,-100.0,-66.0,-100.0,-87.0,-79.0,-100.0,-100.0,-60.0,-49.0,-75.0,-39.0,-61.0,-70.0,-43.0,-62.0,-49.0,-74.0,-43.0,-61.0,-71.0,-63.0,-100.0,-100.0,-100.0,-100.0,-100.0,-100.0,-100.0,-100.0,-100.0,-100.0,-100.0,-100.0,-84.0,-65.0,-82.0,-80.0,-100.0,-63.0,-100.0,-100.0,-65.0,-79.0,-100.0,-76.0,-73.0,-83.0,-64.0,-82.0,-79.0,-100.0,-63.0,-100.0,-100.0,-65.0,-80.0,-100.0,-75.0,-44.0,-100.0,-100.0,-100.0,-100.0,-100.0,-100.0,-100.0,-100.0,-100.0,-100.0,-100.0,-100.0,-100.0,-100.0,-100.0,-100.0,-73.0,-83.0,-83.0,-100.0,-100.0,-100.0,-100.0,-100.0,-100.0,-100.0,-100.0,-100.0,-100.0,-100.0,-100.0,-67.0,-100.0,-100.0,-100.0,-100.0,-100.0,-100.0,-100.0,-71.0,-74.0,-100.0,-100.0,-52.0,-100.0,-100.0,-100.0,-100.0,-66.0,-100.0,-100.0,-76.0,-61.0,-100.0,-100.0,-100.0,-100.0,-100.0,-100.0,-100.0,-100.0,-100.0,-100.0,-100.0,-100.0,-65.0,-100.0,-100.0,-78.0,-80.0,-93.0,-100.0,-100.0,-100.0,-100.0,-84.0,-87.0,-100.0,-100.0,-100.0,-100.0,-100.0,-100.0,-100.0,-100.0,-100.0,-100.0,-100.0
2021.01.16 160107,70.0,24.0,29.981645620689658,6.488957826896551,-31.295158765517243,0.11682233138689654,0.4256073479310345,9.757011779310346,0.0024195700357931035,4.3474249620689927e-05,-6.919398331034461e-05,-0.04358135168922354,-0.0119852377734536,-1.318397751347772,1013.4930517931033,-100.0,-100.0,-100.0,-100.0,-74.0,-100.0,-68.0,-81.0,-100.0,-100.0,-70.0,-100.0,-100.0,-100.0,-100.0,-65.0,-59.0,-51.0,-73.0,-52.0,-59.0,-71.0,-47.0,-66.0,-50.0,-73.0,-53.0,-59.0,-70.0,-66.0,-100.0,-100.0,-100.0,-100.0,-100.0,-100.0,-100.0,-100.0,-100.0,-100.0,-100.0,-100.0,-100.0,-65.0,-83.0,-100.0,-100.0,-59.0,-100.0,-100.0,-69.0,-78.0,-100.0,-76.0,-100.0,-100.0,-64.0,-82.0,-80.0,-100.0,-60.0,-100.0,-100.0,-71.0,-79.0,-100.0,-76.0,-47.0,-100.0,-100.0,-100.0,-100.0,-100.0,-100.0,-100.0,-100.0,-100.0,-100.0,-100.0,-100.0,-100.0,-100.0,-100.0,-100.0,-79.0,-91.0,-100.0,-100.0,-100.0,-73.0,-100.0,-83.0,-100.0,-100.0,-100.0,-100.0,-100.0,-100.0,-100.0,-59.0,-100.0,-100.0,-100.0,-100.0,-100.0,-100.0,-100.0,-80.0,-71.0,-100.0,-100.0,-46.0,-100.0,-100.0,-100.0,-100.0,-65.0,-100.0,-81.0,-75.0,-55.0,-100.0,-100.0,-100.0,-100.0,-100.0,-100.0,-100.0,-100.0,-100.0,-100.0,-100.0,-100.0,-68.0,-100.0,-100.0,-75.0,-75.0,-100.0,-100.0,-100.0,-100.0,-100.0,-81.0,-80.0,-68.0,-100.0,-100.0,-100.0,-100.0,-100.0,-100.0,-100.0,-100.0,-100.0,-100.0
2021.01.16 160158,73.0,24.0,32.081201510204075,14.471385472789116,-29.084382585034014,0.11917782267482994,0.39381985163265304,9.759232108843538,0.0009357813439959187,-0.00033424233260544243,0.002313149256258503,-0.040314294423173025,-0.012206306280809747,-1.1220517036866169,1013.4856701360546,-100.0,-83.0,-100.0,-100.0,-82.0,-100.0,-74.0,-83.0,-100.0,-100.0,-79.0,-100.0,-91.0,-81.0,-100.0,-100.0,-100.0,-55.0,-90.0,-49.0,-77.0,-72.0,-46.0,-70.0,-54.0,-89.0,-50.0,-77.0,-71.0,-70.0,-100.0,-100.0,-100.0,-100.0,-100.0,-100.0,-100.0,-100.0,-100.0,-100.0,-100.0,-100.0,-100.0,-65.0,-82.0,-100.0,-100.0,-53.0,-100.0,-100.0,-64.0,-81.0,-65.0,-78.0,-81.0,-100.0,-65.0,-82.0,-100.0,-100.0,-55.0,-100.0,-100.0,-65.0,-82.0,-64.0,-78.0,-46.0,-100.0,-100.0,-100.0,-100.0,-100.0,-100.0,-100.0,-100.0,-100.0,-100.0,-100.0,-100.0,-100.0,-100.0,-100.0,-100.0,-81.0,-90.0,-88.0,-100.0,-100.0,-72.0,-100.0,-100.0,-100.0,-100.0,-100.0,-100.0,-100.0,-100.0,-100.0,-70.0,-100.0,-100.0,-100.0,-100.0,-100.0,-100.0,-100.0,-77.0,-75.0,-100.0,-100.0,-62.0,-100.0,-100.0,-100.0,-100.0,-60.0,-100.0,-68.0,-73.0,-100.0,-100.0,-100.0,-100.0,-100.0,-100.0,-100.0,-100.0,-100.0,-100.0,-100.0,-100.0,-100.0,-70.0,-100.0,-100.0,-77.0,-100.0,-100.0,-100.0,-100.0,-100.0,-100.0,-84.0,-87.0,-63.0,-87.0,-100.0,-100.0,-100.0,-100.0,-100.0,-100.0,-100.0,-100.0,-100.0
2021.01.16 160213,74.0,24.0,36.97354193377484,16.604907238410597,-27.150641019867553,0.1469421033642384,0.4727986574172185,9.757578182119206,0.0012697099410596026,-0.0013200787344503314,0.004127794403807947,-0.04840508217473096,-0.0150710508244309,-1.1248150377084087,1013.4917868874174,-100.0,-100.0,-100.0,-70.0,-100.0,-100.0,-100.0,-100.0,-100.0,-100.0,-100.0,-78.0,-100.0,-77.0,-100.0,-73.0,-76.0,-55.0,-100.0,-39.0,-81.0,-72.0,-49.0,-69.0,-56.0,-100.0,-38.0,-80.0,-74.0,-70.0,-100.0,-100.0,-100.0,-100.0,-100.0,-100.0,-100.0,-100.0,-100.0,-100.0,-100.0,-100.0,-100.0,-100.0,-86.0,-100.0,-100.0,-50.0,-100.0,-100.0,-100.0,-82.0,-100.0,-80.0,-100.0,-100.0,-100.0,-84.0,-100.0,-100.0,-50.0,-100.0,-100.0,-100.0,-83.0,-100.0,-80.0,-49.0,-100.0,-100.0,-100.0,-100.0,-100.0,-100.0,-100.0,-100.0,-100.0,-100.0,-100.0,-100.0,-100.0,-100.0,-100.0,-100.0,-100.0,-100.0,-100.0,-81.0,-100.0,-80.0,-100.0,-100.0,-100.0,-100.0,-100.0,-100.0,-100.0,-100.0,-100.0,-100.0,-100.0,-100.0,-100.0,-100.0,-100.0,-100.0,-100.0,-70.0,-63.0,-100.0,-100.0,-72.0,-100.0,-100.0,-100.0,-100.0,-56.0,-100.0,-70.0,-63.0,-100.0,-100.0,-100.0,-100.0,-100.0,-100.0,-100.0,-100.0,-100.0,-100.0,-100.0,-100.0,-100.0,-100.0,-100.0,-100.0,-74.0,-74.0,-100.0,-100.0,-100.0,-100.0,-91.0,-77.0,-79.0,-63.0,-82.0,-89.0,-90.0,-100.0,-100.0,-100.0,-100.0,-100.0,-100.0,-100.0
2021.01.16 160248,75.0,24.0,45.05561854966888,19.718801986754965,-24.002756258278144,0.1738092432913907,0.47296423059602666,9.756534125827814,-0.0014891303956953647,0.0008738250504966884,-0.0014086009376821189,-0.04842624221219127,-0.017813793057421583,-1.1415144220882694,1013.482077218543,-100.0,-100.0,-100.0,-65.0,-100.0,-100.0,-100.0,-100.0,-83.0,-100.0,-100.0,-100.0,-100.0,-100.0,-100.0,-70.0,-68.0,-60.0,-100.0,-40.0,-77.0,-77.0,-50.0,-74.0,-58.0,-100.0,-40.0,-76.0,-77.0,-73.0,-100.0,-100.0,-100.0,-100.0,-100.0,-100.0,-100.0,-100.0,-100.0,-81.0,-100.0,-100.0,-100.0,-68.0,-82.0,-100.0,-100.0,-51.0,-100.0,-100.0,-64.0,-83.0,-67.0,-82.0,-77.0,-100.0,-68.0,-82.0,-84.0,-100.0,-51.0,-100.0,-100.0,-63.0,-82.0,-70.0,-83.0,-52.0,-100.0,-100.0,-100.0,-100.0,-100.0,-100.0,-100.0,-100.0,-100.0,-100.0,-100.0,-100.0,-100.0,-100.0,-100.0,-100.0,-78.0,-100.0,-100.0,-83.0,-100.0,-80.0,-100.0,-100.0,-100.0,-84.0,-100.0,-100.0,-100.0,-100.0,-100.0,-100.0,-100.0,-100.0,-100.0,-100.0,-100.0,-100.0,-100.0,-63.0,-65.0,-100.0,-100.0,-100.0,-100.0,-100.0,-100.0,-100.0,-61.0,-100.0,-62.0,-66.0,-77.0,-100.0,-100.0,-100.0,-100.0,-100.0,-100.0,-100.0,-100.0,-100.0,-100.0,-100.0,-100.0,-74.0,-100.0,-100.0,-70.0,-68.0,-100.0,-100.0,-100.0,-100.0,-92.0,-81.0,-82.0,-69.0,-84.0,-100.0,-100.0,-73.0,-76.0,-100.0,-100.0,-100.0,-100.0,-100.0
2021.01.16 160304,76.0,24.0,39.48150634931507,14.244068150684933,-22.91254802739726,0.027869306195205477,0.4202569742465753,9.755187609589042,7.18869469246576e-05,-0.0006859243826232875,-0.003135155407671233,-0.04304340643144833,-0.0028554511312131985,-1.2035718543888771,1013.5056860273971,-100.0,-100.0,-100.0,-100.0,-100.0,-100.0,-79.0,-100.0,-100.0,-100.0,-100.0,-100.0,-100.0,-100.0,-100.0,-100.0,-67.0,-62.0,-100.0,-35.0,-83.0,-81.0,-56.0,-61.0,-61.0,-100.0,-34.0,-100.0,-82.0,-61.0,-100.0,-100.0,-100.0,-100.0,-100.0,-100.0,-100.0,-100.0,-100.0,-100.0,-100.0,-100.0,-100.0,-66.0,-78.0,-86.0,-100.0,-41.0,-83.0,-100.0,-71.0,-78.0,-72.0,-84.0,-100.0,-100.0,-70.0,-80.0,-87.0,-100.0,-43.0,-100.0,-100.0,-71.0,-75.0,-71.0,-85.0,-56.0,-100.0,-100.0,-100.0,-100.0,-100.0,-100.0,-100.0,-100.0,-100.0,-100.0,-100.0,-100.0,-100.0,-100.0,-100.0,-100.0,-100.0,-90.0,-90.0,-100.0,-100.0,-100.0,-100.0,-100.0,-100.0,-100.0,-100.0,-100.0,-100.0,-100.0,-100.0,-100.0,-100.0,-100.0,-100.0,-100.0,-100.0,-100.0,-100.0,-60.0,-63.0,-100.0,-100.0,-100.0,-100.0,-100.0,-100.0,-100.0,-60.0,-100.0,-60.0,-62.0,-100.0,-100.0,-100.0,-100.0,-100.0,-100.0,-100.0,-100.0,-100.0,-100.0,-100.0,-100.0,-100.0,-100.0,-100.0,-100.0,-68.0,-68.0,-100.0,-100.0,-100.0,-100.0,-90.0,-73.0,-72.0,-66.0,-100.0,-100.0,-100.0,-80.0,-79.0,-88.0,-81.0,-75.0,-79.0,-76.0
2021.01.16 160320,77.0,24.0,34.80864893959732,15.045396255033555,-26.896827389261745,0.05160902787496644,0.3469465022818792,9.755579013422818,-0.0006639176487785237,-2.440367194630874e-05,-0.0004895784992617449,-0.03554434129255725,-0.00528543898250768,-1.1417743783669183,1013.4997880536912,-100.0,-100.0,-100.0,-100.0,-100.0,-100.0,-100.0,-100.0,-100.0,-100.0,-100.0,-100.0,-100.0,-100.0,-100.0,-100.0,-100.0,-59.0,-100.0,-35.0,-79.0,-73.0,-100.0,-71.0,-59.0,-100.0,-35.0,-77.0,-73.0,-72.0,-100.0,-100.0,-100.0,-100.0,-100.0,-100.0,-100.0,-100.0,-100.0,-100.0,-100.0,-100.0,-100.0,-65.0,-83.0,-100.0,-100.0,-46.0,-77.0,-100.0,-67.0,-83.0,-68.0,-81.0,-79.0,-100.0,-65.0,-83.0,-100.0,-100.0,-45.0,-78.0,-100.0,-65.0,-84.0,-68.0,-81.0,-100.0,-100.0,-100.0,-100.0,-100.0,-100.0,-100.0,-100.0,-100.0,-100.0,-100.0,-100.0,-100.0,-100.0,-100.0,-100.0,-100.0,-100.0,-100.0,-100.0,-100.0,-100.0,-79.0,-100.0,-100.0,-100.0,-100.0,-100.0,-100.0,-100.0,-100.0,-100.0,-73.0,-100.0,-100.0,-100.0,-100.0,-100.0,-100.0,-100.0,-63.0,-63.0,-100.0,-100.0,-100.0,-100.0,-100.0,-100.0,-100.0,-100.0,-100.0,-64.0,-63.0,-79.0,-100.0,-100.0,-100.0,-100.0,-100.0,-100.0,-100.0,-100.0,-100.0,-100.0,-100.0,-100.0,-100.0,-100.0,-100.0,-67.0,-65.0,-100.0,-100.0,-100.0,-100.0,-91.0,-74.0,-76.0,-100.0,-78.0,-92.0,-100.0,-100.0,-100.0,-83.0,-82.0,-100.0,-100.0,-100.0
2021.01.16 160407,80.0,24.0,39.83382504,20.42834884666667,-27.351005339999997,-0.019579262192533333,0.33688035746666667,9.759096243333332,-0.002976350817533333,0.0005762031844433332,0.0021929305724,-0.03450026285524165,0.0019937562115470943,-1.0779498847325644,1013.5167751333335,-100.0,-100.0,-100.0,-67.0,-100.0,-100.0,-100.0,-100.0,-100.0,-100.0,-100.0,-100.0,-100.0,-100.0,-100.0,-76.0,-100.0,-100.0,-100.0,-27.0,-79.0,-76.0,-100.0,-76.0,-100.0,-100.0,-28.0,-79.0,-79.0,-76.0,-100.0,-100.0,-100.0,-100.0,-100.0,-100.0,-100.0,-100.0,-100.0,-100.0,-100.0,-100.0,-100.0,-65.0,-86.0,-100.0,-100.0,-48.0,-75.0,-100.0,-100.0,-84.0,-100.0,-83.0,-100.0,-100.0,-65.0,-86.0,-100.0,-100.0,-41.0,-77.0,-100.0,-100.0,-84.0,-100.0,-82.0,-100.0,-100.0,-100.0,-100.0,-100.0,-100.0,-100.0,-100.0,-100.0,-100.0,-100.0,-100.0,-100.0,-100.0,-100.0,-100.0,-100.0,-100.0,-100.0,-100.0,-81.0,-100.0,-77.0,-100.0,-100.0,-100.0,-100.0,-100.0,-100.0,-100.0,-100.0,-100.0,-75.0,-100.0,-100.0,-100.0,-100.0,-100.0,-100.0,-100.0,-60.0,-55.0,-100.0,-100.0,-100.0,-100.0,-100.0,-100.0,-100.0,-56.0,-100.0,-58.0,-55.0,-100.0,-100.0,-100.0,-100.0,-100.0,-100.0,-100.0,-100.0,-100.0,-100.0,-100.0,-100.0,-100.0,-100.0,-100.0,-100.0,-64.0,-64.0,-100.0,-100.0,-100.0,-100.0,-100.0,-56.0,-56.0,-67.0,-78.0,-91.0,-91.0,-100.0,-100.0,-100.0,-100.0,-72.0,-100.0,-73.0
2021.01.16 160422,81.0,24.0,42.20992115333333,23.323550920000002,-25.00045778666667,0.0597895134222,0.24786598169333332,9.766453080000002,-0.001671125357613333,0.001429046247093333,-0.003247637493333333,-0.025374574732656238,-0.006122471558076811,-1.0564013640085856,1013.512673333333,-100.0,-100.0,-100.0,-79.0,-100.0,-100.0,-100.0,-100.0,-100.0,-100.0,-100.0,-100.0,-100.0,-100.0,-100.0,-100.0,-77.0,-67.0,-100.0,-26.0,-79.0,-100.0,-57.0,-75.0,-67.0,-100.0,-26.0,-79.0,-76.0,-74.0,-100.0,-100.0,-100.0,-100.0,-100.0,-100.0,-100.0,-100.0,-100.0,-100.0,-100.0,-100.0,-100.0,-62.0,-86.0,-100.0,-100.0,-46.0,-81.0,-100.0,-68.0,-100.0,-75.0,-83.0,-100.0,-100.0,-62.0,-85.0,-100.0,-100.0,-45.0,-83.0,-100.0,-66.0,-100.0,-73.0,-84.0,-56.0,-100.0,-100.0,-100.0,-100.0,-100.0,-100.0,-100.0,-100.0,-100.0,-100.0,-100.0,-100.0,-100.0,-100.0,-100.0,-100.0,-100.0,-100.0,-100.0,-100.0,-100.0,-79.0,-100.0,-100.0,-100.0,-100.0,-100.0,-100.0,-100.0,-100.0,-100.0,-78.0,-100.0,-100.0,-100.0,-100.0,-100.0,-100.0,-100.0,-77.0,-65.0,-100.0,-100.0,-100.0,-100.0,-100.0,-100.0,-100.0,-68.0,-100.0,-78.0,-65.0,-100.0,-100.0,-100.0,-100.0,-100.0,-100.0,-100.0,-100.0,-100.0,-100.0,-100.0,-100.0,-100.0,-83.0,-100.0,-100.0,-71.0,-71.0,-100.0,-100.0,-100.0,-100.0,-100.0,-77.0,-78.0,-100.0,-88.0,-89.0,-87.0,-100.0,-100.0,-100.0,-80.0,-100.0,-77.0,-100.0
2021.01.16 160456,83.0,24.0,47.01531827027027,12.982830537162164,-22.586588270270273,0.017268697994527026,0.2769139718918919,9.760110364864865,-0.004497726843310811,0.0014694764145945943,-0.005805661344594594,-0.028356434450157543,-0.0017755832174918495,-1.2891408551383663,1013.530695472973,-100.0,-100.0,-100.0,-100.0,-100.0,-100.0,-100.0,-100.0,-100.0,-100.0,-100.0,-100.0,-100.0,-100.0,-100.0,-100.0,-82.0,-66.0,-100.0,-40.0,-80.0,-73.0,-100.0,-79.0,-66.0,-100.0,-41.0,-100.0,-72.0,-80.0,-100.0,-100.0,-100.0,-100.0,-100.0,-100.0,-100.0,-100.0,-100.0,-100.0,-100.0,-100.0,-100.0,-69.0,-82.0,-100.0,-100.0,-52.0,-100.0,-100.0,-100.0,-100.0,-68.0,-83.0,-100.0,-100.0,-69.0,-83.0,-83.0,-100.0,-54.0,-100.0,-100.0,-100.0,-100.0,-68.0,-83.0,-100.0,-100.0,-100.0,-100.0,-100.0,-100.0,-100.0,-100.0,-100.0,-100.0,-100.0,-100.0,-100.0,-100.0,-100.0,-100.0,-100.0,-100.0,-100.0,-100.0,-100.0,-100.0,-100.0,-100.0,-100.0,-100.0,-100.0,-100.0,-100.0,-100.0,-100.0,-100.0,-100.0,-100.0,-100.0,-100.0,-100.0,-100.0,-100.0,-100.0,-100.0,-65.0,-100.0,-100.0,-100.0,-100.0,-100.0,-100.0,-100.0,-69.0,-100.0,-100.0,-65.0,-100.0,-100.0,-100.0,-100.0,-100.0,-100.0,-100.0,-100.0,-100.0,-100.0,-100.0,-100.0,-100.0,-100.0,-100.0,-100.0,-100.0,-100.0,-100.0,-100.0,-100.0,-100.0,-100.0,-83.0,-83.0,-100.0,-100.0,-87.0,-89.0,-100.0,-100.0,-100.0,-100.0,-100.0,-100.0,-100.0
2021.01.16 160511,84.0,24.0,42.63696743624161,13.817570600671138,-24.74134952348993,-0.04913295232577181,0.2631853180536913,9.758463590604027,-0.004041136147261745,0.00013573579593288614,-0.0011910514494630877,-0.02695302790243349,0.005036270221982014,-1.2424062738482584,1013.5287765771812,-100.0,-100.0,-100.0,-100.0,-100.0,-100.0,-100.0,-100.0,-100.0,-100.0,-100.0,-100.0,-100.0,-100.0,-100.0,-100.0,-100.0,-77.0,-100.0,-35.0,-100.0,-79.0,-56.0,-68.0,-75.0,-100.0,-36.0,-100.0,-77.0,-68.0,-100.0,-100.0,-100.0,-100.0,-100.0,-100.0,-100.0,-100.0,-100.0,-100.0,-100.0,-100.0,-100.0,-100.0,-80.0,-100.0,-100.0,-45.0,-100.0,-100.0,-67.0,-74.0,-69.0,-71.0,-100.0,-100.0,-100.0,-78.0,-100.0,-100.0,-45.0,-100.0,-100.0,-68.0,-74.0,-69.0,-72.0,-57.0,-100.0,-100.0,-100.0,-100.0,-100.0,-100.0,-100.0,-100.0,-100.0,-100.0,-100.0,-100.0,-100.0,-100.0,-100.0,-100.0,-100.0,-100.0,-100.0,-100.0,-100.0,-100.0,-100.0,-100.0,-100.0,-100.0,-100.0,-100.0,-100.0,-100.0,-100.0,-100.0,-100.0,-100.0,-100.0,-100.0,-100.0,-100.0,-100.0,-73.0,-72.0,-100.0,-100.0,-81.0,-100.0,-100.0,-100.0,-100.0,-75.0,-100.0,-72.0,-71.0,-100.0,-100.0,-100.0,-100.0,-100.0,-100.0,-100.0,-100.0,-100.0,-100.0,-100.0,-100.0,-100.0,-100.0,-100.0,-100.0,-82.0,-82.0,-100.0,-100.0,-100.0,-100.0,-100.0,-85.0,-84.0,-100.0,-88.0,-86.0,-84.0,-100.0,-100.0,-100.0,-72.0,-88.0,-71.0,-100.0
2021.01.16 160526,85.0,24.0,43.64227572916666,14.31476079513889,-25.76683044444444,0.002247760455694442,0.2434330645138889,9.761404663194444,-0.0006378771830416667,-0.0008672974064583335,-0.0026320661624305557,-0.02493059691429754,-0.0002355551456061091,-1.2407414375080004,1013.5188370138886,-100.0,-100.0,-100.0,-80.0,-100.0,-100.0,-100.0,-100.0,-100.0,-100.0,-100.0,-100.0,-100.0,-100.0,-100.0,-100.0,-100.0,-100.0,-100.0,-40.0,-100.0,-75.0,-100.0,-74.0,-100.0,-100.0,-41.0,-79.0,-72.0,-74.0,-100.0,-100.0,-100.0,-100.0,-100.0,-100.0,-100.0,-100.0,-100.0,-100.0,-100.0,-100.0,-100.0,-63.0,-76.0,-100.0,-100.0,-52.0,-77.0,-100.0,-67.0,-81.0,-100.0,-80.0,-73.0,-100.0,-100.0,-77.0,-100.0,-100.0,-53.0,-75.0,-100.0,-67.0,-82.0,-100.0,-80.0,-100.0,-100.0,-100.0,-100.0,-100.0,-100.0,-100.0,-100.0,-100.0,-100.0,-100.0,-100.0,-100.0,-100.0,-100.0,-100.0,-100.0,-74.0,-100.0,-100.0,-82.0,-100.0,-81.0,-100.0,-100.0,-100.0,-100.0,-100.0,-100.0,-100.0,-100.0,-100.0,-100.0,-100.0,-100.0,-100.0,-100.0,-100.0,-100.0,-100.0,-74.0,-56.0,-100.0,-100.0,-100.0,-100.0,-100.0,-100.0,-100.0,-71.0,-100.0,-100.0,-56.0,-80.0,-100.0,-100.0,-100.0,-100.0,-100.0,-100.0,-100.0,-100.0,-100.0,-100.0,-100.0,-100.0,-100.0,-100.0,-100.0,-79.0,-81.0,-100.0,-100.0,-100.0,-100.0,-100.0,-85.0,-84.0,-100.0,-100.0,-86.0,-85.0,-100.0,-100.0,-82.0,-76.0,-100.0,-76.0,-100.0
2021.01.16 160612,88.0,24.0,40.730584993464056,10.976296124183007,-32.14839440522876,0.016050622783660127,0.3180898855607843,9.758235454248366,-0.0002296353345620907,-0.002309836963993464,-0.0008407242209803923,-0.032569782857690265,-0.0016532862466513323,-1.2843760579240089,1013.585727777778,-100.0,-100.0,-100.0,-80.0,-100.0,-100.0,-100.0,-100.0,-100.0,-81.0,-100.0,-100.0,-100.0,-80.0,-100.0,-81.0,-77.0,-100.0,-100.0,-41.0,-100.0,-75.0,-54.0,-77.0,-100.0,-100.0,-41.0,-100.0,-74.0,-76.0,-100.0,-100.0,-100.0,-100.0,-100.0,-100.0,-100.0,-100.0,-100.0,-100.0,-100.0,-100.0,-100.0,-67.0,-82.0,-80.0,-100.0,-63.0,-75.0,-100.0,-67.0,-85.0,-75.0,-88.0,-100.0,-100.0,-68.0,-83.0,-100.0,-100.0,-63.0,-75.0,-100.0,-67.0,-85.0,-75.0,-87.0,-54.0,-100.0,-100.0,-100.0,-100.0,-100.0,-100.0,-100.0,-100.0,-100.0,-100.0,-100.0,-100.0,-100.0,-100.0,-100.0,-100.0,-100.0,-100.0,-100.0,-100.0,-100.0,-100.0,-100.0,-100.0,-100.0,-100.0,-100.0,-100.0,-100.0,-100.0,-79.0,-81.0,-100.0,-100.0,-100.0,-100.0,-100.0,-100.0,-100.0,-74.0,-68.0,-100.0,-100.0,-74.0,-100.0,-100.0,-100.0,-100.0,-78.0,-100.0,-74.0,-66.0,-100.0,-100.0,-100.0,-100.0,-100.0,-100.0,-100.0,-100.0,-100.0,-100.0,-100.0,-100.0,-100.0,-100.0,-100.0,-100.0,-83.0,-79.0,-100.0,-100.0,-100.0,-100.0,-100.0,-100.0,-100.0,-79.0,-100.0,-100.0,-100.0,-100.0,-100.0,-100.0,-79.0,-100.0,-79.0,-100.0
2021.01.16 160628,89.0,24.0,42.71750319444444,6.270766923611111,-33.18566152083334,-0.012204808037194445,0.42808382326388883,9.75157251736111,-0.0008360121541666665,-0.002132472885765972,-0.0009814518448611111,-0.043872420520832095,0.0012399342358904082,-1.3918146764238675,1013.5871622916667,-100.0,-84.0,-100.0,-80.0,-100.0,-100.0,-100.0,-100.0,-81.0,-100.0,-100.0,-100.0,-100.0,-100.0,-100.0,-80.0,-78.0,-67.0,-100.0,-42.0,-83.0,-78.0,-47.0,-76.0,-66.0,-100.0,-42.0,-84.0,-78.0,-76.0,-100.0,-100.0,-100.0,-100.0,-100.0,-100.0,-100.0,-100.0,-100.0,-100.0,-100.0,-100.0,-100.0,-63.0,-84.0,-81.0,-100.0,-65.0,-100.0,-100.0,-67.0,-85.0,-64.0,-79.0,-78.0,-100.0,-64.0,-86.0,-85.0,-100.0,-66.0,-79.0,-100.0,-67.0,-85.0,-65.0,-79.0,-47.0,-100.0,-100.0,-100.0,-100.0,-100.0,-100.0,-100.0,-100.0,-100.0,-100.0,-100.0,-100.0,-100.0,-100.0,-100.0,-100.0,-77.0,-100.0,-100.0,-84.0,-100.0,-81.0,-100.0,-100.0,-100.0,-100.0,-100.0,-100.0,-100.0,-100.0,-100.0,-83.0,-100.0,-100.0,-100.0,-100.0,-100.0,-100.0,-100.0,-100.0,-68.0,-100.0,-100.0,-78.0,-100.0,-100.0,-100.0,-100.0,-78.0,-100.0,-100.0,-70.0,-100.0,-100.0,-100.0,-100.0,-100.0,-100.0,-100.0,-100.0,-100.0,-100.0,-100.0,-100.0,-100.0,-100.0,-100.0,-100.0,-78.0,-79.0,-100.0,-100.0,-100.0,-100.0,-100.0,-100.0,-100.0,-83.0,-100.0,-100.0,-100.0,-100.0,-100.0,-100.0,-81.0,-100.0,-79.0,-100.0
