Timestamp,True_X,True_Y,Mean_Mag_x,Mean_Mag_y,Mean_Mag_z,Mean_Acc_x,Mean_Acc_y,Mean_Acc_z,Mean_Gyro_x,Mean_Gyro_y,Mean_Gyro_z,Mean_Orn_x,Mean_Orn_y,Mean_Orn_z,Mean_Pressure,00:1a:cs:a0:de:04,00:1a:cs:a0:de:13,00:1a:cs:a0:de:16,00:1a:cs:a0:de:17,00:1a:cs:a0:de:18,00:1a:cs:a0:de:19,00:1a:cs:a0:de:20,00:1a:cs:a0:de:56,00:1a:cs:a0:de:57,00:1a:cs:a0:de:58,00:1a:cs:a0:de:59,00:1a:cs:a0:de:63,00:1a:cs:a0:de:72,00:1a:cs:a0:de:73,00:1a:cs:a0:de:74,00:1a:cs:a0:de:75,00:1a:cs:a0:de:76,00:1a:cs:a0:de:77,00:1a:cs:a0:de:78,00:1a:cs:a0:de:79,00:1a:cs:a0:de:80,00:1a:cs:a0:de:81,00:1a:cs:a0:de:82,00:1a:cs:a0:de:95,00:1a:cs:a0:de:97,00:1a:cs:a0:de:98,00:1a:cs:a0:df:02,00:1a:cs:a0:df:11,00:1a:cs:a0:df:12,00:1a:cs:a0:df:13,00:1a:cs:a0:df:14,00:1a:cs:a0:df:15,00:1a:cs:a0:df:16,00:1a:cs:a0:df:17,00:1a:cs:a0:df:18,00:1a:cs:a0:df:19,00:1a:cs:a0:df:20,00:1a:cs:a0:df:21,00:1a:cs:a0:df:34,00:1a:cs:a0:df:36,00:1a:cs:a0:df:37,00:1a:cs:a0:de:01,00:1a:cs:a0:de:05,00:1a:cs:a0:de:07,00:1a:cs:a0:de:08,00:1a:cs:a0:de:11,00:1a:cs:a0:de:25,00:1a:cs:a0:de:32,00:1a:cs:a0:de:33,00:1a:cs:a0:de:36,00:1a:cs:a0:de:39,00:1a:cs:a0:de:44,00:1a:cs:a0:de:47,00:1a:cs:a0:de:48,00:1a:cs:a0:de:61,00:1a:cs:a0:de:62,00:1a:cs:a0:de:64,00:1a:cs:a0:de:67,00:1a:cs:a0:de:71,00:1a:cs:a0:de:84,00:1a:cs:a0:de:85,00:1a:cs:a0:de:87,00:1a:cs:a0:de:88,00:1a:cs:a0:de:89,00:1a:cs:a0:de:90,00:1a:cs:a0:de:91,00:1a:cs:a0:de:92,00:1a:cs:a0:de:93,00:1a:cs:a0:de:94,00:1a:cs:a0:de:96,00:1a:cs:a0:de:99,00:1a:cs:a0:df:01,00:1a:cs:a0:df:03,00:1a:cs:a0:df:06,00:1a:cs:a0:df:10,00:1a:cs:a0:df:23,00:1a:cs:a0:df:24,00:1a:cs:a0:df:25,00:1a:cs:a0:df:26,00:1a:cs:a0:df:27,00:1a:cs:a0:df:28,00:1a:cs:a0:df:29,00:1a:cs:a0:df:30,00:1a:cs:a0:df:32,00:1a:cs:a0:df:33,00:1a:cs:a0:df:35,70:5d:cc:6d:14:f8,00:1a:cs:a0:de:23,00:1a:cs:a0:de:24,00:1a:cs:a0:de:34,00:1a:cs:a0:de:37,00:1a:cs:a0:de:40,00:1a:cs:a0:de:43,00:1a:cs:a0:de:54,00:1a:cs:a0:de:65,00:1a:cs:a0:de:66,00:1a:cs:a0:de:68,00:1a:cs:a0:de:69,00:1a:cs:a0:de:70,00:1a:cs:a0:de:86,00:1a:cs:a0:df:04,00:1a:cs:a0:df:05,00:1a:cs:a0:df:07,00:1a:cs:a0:df:08,00:1a:cs:a0:df:09,00:1a:cs:a0:de:28,00:1a:cs:a0:de:31,00:1a:cs:a0:de:55,00:1a:cs:a0:de:60,00:1a:cs:a0:de:02,00:1a:cs:a0:de:29,00:1a:cs:a0:de:51,00:1a:cs:a0:de:14,00:1a:cs:a0:de:49,00:1a:cs:a0:de:21,00:1a:cs:a0:de:22,00:1a:cs:a0:de:10,00:1a:cs:a0:de:27,00:1a:cs:a0:de:30,00:1a:cs:a0:de:42,00:1a:cs:a0:de:15,00:1a:cs:a0:de:45,00:1a:cs:a0:df:31,86:25:19:93:1e:ca,f0:b0:52:29:88:9c,f0:b0:52:69:88:9c,f4:28:53:71:29:24,9c:d6:43:c8:11:b6,00:1a:cs:a0:de:12,00:1a:cs:a0:de:26,00:1a:cs:a0:de:83,00:1a:cs:a0:df:22,90:9f:33:3d:46:6c,00:1a:cs:a0:de:46,88:36:6c:da:57:98,00:1a:cs:a0:de:06,00:1a:cs:a0:de:41,00:1a:cs:a0:de:35,00:1a:cs:a0:de:50,00:1a:cs:a0:de:52
2021.02.11 150031,43.0,24.0,25.872676762886602,2.8219287378350515,-31.137418175257736,-0.011563263766597939,0.48402798113402057,9.747409567010308,0.00816497972,-0.008730698995257732,0.009164770025051547,-0.049686854570796773,0.0011235898757487092,-1.403402571825637,1016.3716176288661,-57.0,-79.0,-76.0,-88.0,-70.0,-74.0,-87.0,-41.0,-63.0,-61.0,-74.0,-69.0,-35.0,-60.0,-62.0,-90.0,-63.0,-74.0,-51.0,-72.0,-48.0,-49.0,-70.0,-80.0,-38.0,-70.0,-68.0,-35.0,-60.0,-63.0,-89.0,-63.0,-73.0,-51.0,-72.0,-48.0,-48.0,-59.0,-80.0,-40.0,-70.0,-100.0,-100.0,-100.0,-100.0,-100.0,-100.0,-100.0,-100.0,-100.0,-100.0,-100.0,-100.0,-100.0,-100.0,-100.0,-100.0,-100.0,-100.0,-100.0,-100.0,-100.0,-100.0,-100.0,-100.0,-100.0,-100.0,-100.0,-100.0,-100.0,-100.0,-100.0,-100.0,-100.0,-100.0,-100.0,-100.0,-100.0,-100.0,-100.0,-100.0,-100.0,-100.0,-100.0,-100.0,-100.0,-100.0,-100.0,-100.0,-100.0,-100.0,-100.0,-100.0,-100.0,-100.0,-100.0,-100.0,-100.0,-100.0,-100.0,-100.0,-100.0,-100.0,-100.0,-100.0,-100.0,-100.0,-100.0,-100.0,-100.0,-100.0,-100.0,-100.0,-100.0,-100.0,-100.0,-100.0,-100.0,-100.0,-100.0,-100.0,-100.0,-100.0,-100.0,-100.0,-100.0,-100.0,-100.0,-100.0,-100.0,-100.0,-100.0,-100.0,-100.0,-100.0,-100.0,-100.0,-100.0,-100.0,-100.0
2021.02.11 150043,44.0,24.0,27.91646401,3.1675616635599995,-32.83759048,-0.12966667954699998,0.5272080564999999,9.748178465,0.0020108217626000004,-0.00847176204086,-0.0026778262769999984,-0.05402563733048732,0.013311272886930929,-1.392334669828415,1016.3724567000002,-100.0,-100.0,-100.0,-100.0,-100.0,-100.0,-100.0,-100.0,-100.0,-100.0,-89.0,-47.0,-100.0,-100.0,-100.0,-100.0,-100.0,-100.0,-68.0,-100.0,-100.0,-100.0,-67.0,-57.0,-100.0,-100.0,-46.0,-100.0,-100.0,-100.0,-100.0,-100.0,-100.0,-68.0,-100.0,-100.0,-100.0,-66.0,-59.0,-100.0,-100.0,-67.0,-80.0,-64.0,-64.0,-57.0,-76.0,-68.0,-78.0,-56.0,-66.0,-67.0,-75.0,-52.0,-59.0,-81.0,-69.0,-61.0,-78.0,-51.0,-61.0,-79.0,-57.0,-88.0,-58.0,-84.0,-80.0,-57.0,-79.0,-80.0,-59.0,-82.0,-70.0,-62.0,-79.0,-50.0,-60.0,-61.0,-80.0,-56.0,-88.0,-56.0,-84.0,-59.0,-80.0,-80.0,-85.0,-100.0,-100.0,-100.0,-100.0,-100.0,-100.0,-100.0,-100.0,-100.0,-100.0,-100.0,-100.0,-100.0,-100.0,-100.0,-100.0,-100.0,-100.0,-100.0,-100.0,-100.0,-100.0,-100.0,-100.0,-100.0,-100.0,-100.0,-100.0,-100.0,-100.0,-100.0,-100.0,-100.0,-100.0,-100.0,-100.0,-100.0,-100.0,-100.0,-100.0,-100.0,-100.0,-100.0,-100.0,-100.0,-100.0,-100.0,-100.0,-100.0,-100.0,-100.0,-100.0,-100.0
2021.02.11 150055,45.0,24.0,28.05674691919192,7.057457809090908,-32.75249182828283,-0.06721838678080809,0.6569679996969696,9.732169570707072,0.007025643439353534,-0.007480550908282828,-0.005877483887939394,-0.06740063545529285,0.00690089221638059,-1.2497032447294756,1016.3693935353534,-100.0,-100.0,-100.0,-100.0,-100.0,-100.0,-100.0,-81.0,-100.0,-78.0,-83.0,-53.0,-100.0,-100.0,-84.0,-100.0,-100.0,-100.0,-81.0,-100.0,-100.0,-100.0,-77.0,-70.0,-100.0,-100.0,-53.0,-100.0,-100.0,-100.0,-100.0,-100.0,-100.0,-83.0,-100.0,-100.0,-100.0,-76.0,-71.0,-100.0,-100.0,-74.0,-84.0,-68.0,-65.0,-68.0,-100.0,-75.0,-100.0,-59.0,-79.0,-76.0,-75.0,-54.0,-70.0,-76.0,-57.0,-63.0,-77.0,-52.0,-59.0,-75.0,-61.0,-85.0,-57.0,-78.0,-86.0,-71.0,-81.0,-86.0,-70.0,-76.0,-57.0,-63.0,-77.0,-52.0,-59.0,-68.0,-75.0,-56.0,-85.0,-57.0,-78.0,-71.0,-79.0,-85.0,-100.0,-94.0,-86.0,-81.0,-76.0,-81.0,-88.0,-83.0,-77.0,-60.0,-82.0,-82.0,-69.0,-57.0,-80.0,-61.0,-82.0,-82.0,-63.0,-100.0,-100.0,-100.0,-100.0,-100.0,-100.0,-100.0,-100.0,-100.0,-100.0,-100.0,-100.0,-100.0,-100.0,-100.0,-100.0,-100.0,-100.0,-100.0,-100.0,-100.0,-100.0,-100.0,-100.0,-100.0,-100.0,-100.0,-100.0,-100.0,-100.0,-100.0,-100.0,-100.0,-100.0,-100.0
2021.02.11 150114,45.0,23.0,10.390434123809523,-24.245953999999998,-26.110201257142858,-0.15722717916761905,0.5833227127619048,9.74123911904762,0.007759792202666667,-0.00696457763047619,-0.0013709834055999999,-0.05980625120656826,0.01617708428446866,-2.7267882097335088,1016.3689140000001,-100.0,-100.0,-100.0,-100.0,-100.0,-100.0,-100.0,-85.0,-89.0,-75.0,-85.0,-54.0,-100.0,-100.0,-82.0,-100.0,-100.0,-100.0,-80.0,-100.0,-100.0,-100.0,-81.0,-77.0,-100.0,-100.0,-56.0,-100.0,-100.0,-100.0,-100.0,-100.0,-100.0,-79.0,-100.0,-100.0,-100.0,-82.0,-78.0,-100.0,-100.0,-72.0,-82.0,-74.0,-77.0,-63.0,-100.0,-74.0,-86.0,-65.0,-70.0,-82.0,-78.0,-61.0,-70.0,-74.0,-60.0,-68.0,-74.0,-49.0,-53.0,-75.0,-68.0,-81.0,-59.0,-76.0,-89.0,-72.0,-82.0,-83.0,-70.0,-75.0,-60.0,-68.0,-74.0,-49.0,-53.0,-70.0,-75.0,-68.0,-81.0,-60.0,-76.0,-73.0,-82.0,-82.0,-100.0,-100.0,-100.0,-100.0,-100.0,-85.0,-100.0,-100.0,-78.0,-57.0,-85.0,-73.0,-73.0,-70.0,-77.0,-56.0,-84.0,-73.0,-100.0,-86.0,-85.0,-86.0,-89.0,-100.0,-100.0,-100.0,-100.0,-100.0,-100.0,-100.0,-100.0,-100.0,-100.0,-100.0,-100.0,-100.0,-100.0,-100.0,-100.0,-100.0,-100.0,-100.0,-100.0,-100.0,-100.0,-100.0,-100.0,-100.0,-100.0,-100.0,-100.0,-100.0,-100.0,-100.0
2021.02.11 150126,45.0,22.0,1.6698750647083334,-31.70287861458333,-24.143756822916668,-0.10751495785416665,0.344053266875,9.762749088541668,-0.0024538219008020837,-0.007632280183156251,-0.0015916869245833336,-0.03521298659810171,0.011017369025770024,-2.8342112377285957,1016.3668311458335,-100.0,-100.0,-100.0,-100.0,-100.0,-100.0,-100.0,-77.0,-100.0,-74.0,-85.0,-51.0,-100.0,-100.0,-82.0,-100.0,-100.0,-100.0,-78.0,-100.0,-100.0,-100.0,-83.0,-74.0,-100.0,-100.0,-52.0,-100.0,-100.0,-83.0,-100.0,-100.0,-100.0,-79.0,-100.0,-100.0,-100.0,-81.0,-73.0,-100.0,-100.0,-73.0,-100.0,-62.0,-71.0,-66.0,-82.0,-72.0,-88.0,-67.0,-72.0,-74.0,-78.0,-61.0,-68.0,-77.0,-65.0,-60.0,-74.0,-57.0,-63.0,-79.0,-66.0,-86.0,-63.0,-77.0,-100.0,-79.0,-77.0,-77.0,-67.0,-77.0,-65.0,-60.0,-74.0,-57.0,-64.0,-80.0,-79.0,-65.0,-86.0,-63.0,-77.0,-78.0,-78.0,-78.0,-100.0,-100.0,-100.0,-81.0,-77.0,-76.0,-100.0,-81.0,-78.0,-72.0,-100.0,-79.0,-72.0,-80.0,-81.0,-66.0,-100.0,-80.0,-72.0,-100.0,-100.0,-100.0,-100.0,-91.0,-86.0,-88.0,-100.0,-100.0,-100.0,-100.0,-100.0,-100.0,-100.0,-100.0,-100.0,-100.0,-100.0,-100.0,-100.0,-100.0,-100.0,-100.0,-100.0,-100.0,-100.0,-100.0,-100.0,-100.0,-100.0,-100.0,-100.0,-100.0,-100.0,-100.0
2021.02.11 150237,46.0,17.0,23.258628457943928,5.952678914953271,-18.63294334579439,0.0666838323859813,0.3638163105046729,9.76328253738318,0.004187860796682244,-0.003524887938130841,-0.0035795948400934577,-0.03728841839218943,-0.006789804176235924,-1.2944405613658585,1016.3404406542057,-100.0,-100.0,-100.0,-100.0,-100.0,-100.0,-100.0,-100.0,-100.0,-73.0,-87.0,-100.0,-100.0,-100.0,-100.0,-100.0,-100.0,-100.0,-80.0,-100.0,-100.0,-100.0,-100.0,-56.0,-100.0,-100.0,-100.0,-100.0,-100.0,-100.0,-100.0,-100.0,-100.0,-78.0,-100.0,-100.0,-100.0,-100.0,-56.0,-100.0,-100.0,-67.0,-100.0,-74.0,-100.0,-57.0,-73.0,-100.0,-81.0,-54.0,-64.0,-69.0,-100.0,-53.0,-66.0,-84.0,-59.0,-63.0,-81.0,-55.0,-66.0,-80.0,-100.0,-89.0,-53.0,-83.0,-100.0,-100.0,-86.0,-85.0,-66.0,-84.0,-60.0,-64.0,-82.0,-56.0,-67.0,-100.0,-80.0,-100.0,-89.0,-55.0,-83.0,-64.0,-87.0,-86.0,-100.0,-100.0,-100.0,-72.0,-100.0,-100.0,-100.0,-100.0,-75.0,-100.0,-100.0,-100.0,-61.0,-75.0,-73.0,-100.0,-100.0,-100.0,-64.0,-100.0,-100.0,-79.0,-100.0,-100.0,-100.0,-100.0,-84.0,-76.0,-100.0,-100.0,-100.0,-100.0,-100.0,-100.0,-100.0,-100.0,-100.0,-100.0,-100.0,-100.0,-100.0,-100.0,-100.0,-100.0,-100.0,-100.0,-100.0,-100.0,-100.0,-100.0,-100.0,-100.0,-100.0,-100.0
2021.02.11 150256,47.0,17.0,-19.52944809090909,20.30191929292929,-9.637133464646464,-0.018832448514141422,0.33281739929292936,9.758896505050503,0.0024753672763131312,-0.0032924498486363637,-0.0014363044550505047,-0.03410224504580698,0.0019447647222238739,0.758858505523566,1016.3315627272729,-100.0,-100.0,-100.0,-100.0,-100.0,-100.0,-100.0,-100.0,-100.0,-100.0,-100.0,-69.0,-100.0,-100.0,-100.0,-100.0,-100.0,-100.0,-100.0,-100.0,-100.0,-100.0,-100.0,-76.0,-100.0,-100.0,-70.0,-100.0,-100.0,-100.0,-100.0,-100.0,-100.0,-100.0,-100.0,-100.0,-100.0,-100.0,-76.0,-100.0,-100.0,-56.0,-100.0,-83.0,-100.0,-58.0,-75.0,-100.0,-77.0,-62.0,-70.0,-72.0,-79.0,-100.0,-67.0,-100.0,-100.0,-88.0,-100.0,-50.0,-57.0,-100.0,-78.0,-100.0,-57.0,-80.0,-100.0,-77.0,-100.0,-100.0,-65.0,-100.0,-100.0,-87.0,-100.0,-50.0,-59.0,-81.0,-100.0,-79.0,-100.0,-53.0,-79.0,-77.0,-100.0,-100.0,-100.0,-82.0,-100.0,-75.0,-100.0,-100.0,-100.0,-66.0,-100.0,-100.0,-100.0,-100.0,-100.0,-100.0,-100.0,-100.0,-100.0,-100.0,-100.0,-77.0,-100.0,-100.0,-100.0,-100.0,-100.0,-100.0,-83.0,-80.0,-83.0,-84.0,-100.0,-100.0,-100.0,-100.0,-100.0,-100.0,-100.0,-100.0,-100.0,-100.0,-100.0,-100.0,-100.0,-100.0,-100.0,-100.0,-100.0,-100.0,-100.0,-100.0,-100.0,-100.0,-100.0,-100.0
2021.02.11 150308,47.0,18.0,-8.006658038793104,11.22670515086207,-15.180533297413794,-0.18038585526724132,0.29912691568965516,9.754303284482758,0.005003581782241379,-0.006527568535534483,-5.510504387931022e-05,-0.030740776412381658,0.018485493454198986,0.6166460285412854,1016.3336100862068,-100.0,-100.0,-100.0,-100.0,-100.0,-100.0,-100.0,-100.0,-100.0,-100.0,-100.0,-67.0,-100.0,-100.0,-100.0,-100.0,-100.0,-100.0,-100.0,-100.0,-100.0,-100.0,-100.0,-100.0,-100.0,-100.0,-67.0,-100.0,-100.0,-100.0,-100.0,-100.0,-100.0,-100.0,-100.0,-100.0,-100.0,-100.0,-100.0,-100.0,-100.0,-58.0,-73.0,-80.0,-74.0,-58.0,-77.0,-61.0,-100.0,-60.0,-75.0,-71.0,-73.0,-52.0,-64.0,-100.0,-82.0,-79.0,-100.0,-48.0,-68.0,-100.0,-70.0,-100.0,-59.0,-85.0,-100.0,-65.0,-100.0,-100.0,-65.0,-100.0,-82.0,-80.0,-100.0,-49.0,-69.0,-100.0,-100.0,-72.0,-100.0,-60.0,-85.0,-66.0,-100.0,-100.0,-100.0,-100.0,-77.0,-100.0,-92.0,-89.0,-81.0,-100.0,-100.0,-59.0,-100.0,-100.0,-75.0,-100.0,-100.0,-59.0,-100.0,-100.0,-74.0,-100.0,-91.0,-100.0,-100.0,-100.0,-100.0,-100.0,-100.0,-100.0,-100.0,-100.0,-83.0,-83.0,-80.0,-100.0,-100.0,-100.0,-100.0,-100.0,-100.0,-100.0,-100.0,-100.0,-100.0,-100.0,-100.0,-100.0,-100.0,-100.0,-100.0,-100.0,-100.0,-100.0,-100.0,-100.0
2021.02.11 150328,47.0,19.0,2.028074837475728,11.9754416407767,-16.678243577669903,-0.09623512110194177,0.59955938592233,9.736748708737862,-0.007206211456116504,-0.002587483754951456,-0.0032117748224271842,-0.06151260075710926,0.009865476874305687,-0.14284665291242804,1016.3239826213593,-100.0,-100.0,-100.0,-100.0,-100.0,-100.0,-100.0,-100.0,-100.0,-100.0,-100.0,-66.0,-100.0,-100.0,-100.0,-100.0,-100.0,-100.0,-100.0,-100.0,-100.0,-100.0,-100.0,-100.0,-100.0,-100.0,-72.0,-100.0,-100.0,-100.0,-100.0,-100.0,-100.0,-100.0,-100.0,-100.0,-100.0,-100.0,-100.0,-100.0,-100.0,-50.0,-76.0,-81.0,-66.0,-59.0,-69.0,-67.0,-76.0,-60.0,-100.0,-74.0,-83.0,-53.0,-68.0,-100.0,-75.0,-76.0,-100.0,-49.0,-64.0,-100.0,-75.0,-100.0,-57.0,-87.0,-100.0,-77.0,-100.0,-100.0,-68.0,-100.0,-73.0,-76.0,-100.0,-49.0,-65.0,-80.0,-100.0,-77.0,-100.0,-56.0,-89.0,-77.0,-100.0,-100.0,-100.0,-100.0,-100.0,-85.0,-89.0,-90.0,-100.0,-100.0,-100.0,-63.0,-100.0,-78.0,-72.0,-83.0,-100.0,-63.0,-100.0,-76.0,-71.0,-100.0,-100.0,-100.0,-100.0,-100.0,-100.0,-100.0,-100.0,-100.0,-100.0,-100.0,-100.0,-100.0,-69.0,-100.0,-100.0,-100.0,-100.0,-100.0,-100.0,-100.0,-100.0,-100.0,-100.0,-100.0,-100.0,-100.0,-100.0,-100.0,-100.0,-100.0,-100.0,-100.0,-100.0,-100.0
2021.02.11 150446,50.0,21.0,29.179675659999997,-3.1256902554000003,-16.033822205000003,-0.20861637335500002,0.7904009927,9.720988300000002,-0.0069101411570000005,-0.00848331049944,-0.005739238566499999,-0.0811904171109199,0.02147654199739914,-1.6318097138404846,1016.2996122,-100.0,-100.0,-77.0,-100.0,-100.0,-100.0,-100.0,-100.0,-100.0,-100.0,-100.0,-65.0,-100.0,-100.0,-100.0,-100.0,-100.0,-100.0,-100.0,-100.0,-100.0,-100.0,-100.0,-100.0,-100.0,-100.0,-73.0,-100.0,-100.0,-100.0,-100.0,-100.0,-100.0,-100.0,-100.0,-100.0,-100.0,-100.0,-100.0,-100.0,-100.0,-51.0,-100.0,-81.0,-100.0,-62.0,-68.0,-60.0,-76.0,-66.0,-67.0,-78.0,-85.0,-52.0,-65.0,-100.0,-83.0,-79.0,-100.0,-52.0,-68.0,-100.0,-66.0,-100.0,-58.0,-82.0,-100.0,-61.0,-100.0,-100.0,-66.0,-100.0,-83.0,-79.0,-100.0,-51.0,-68.0,-81.0,-100.0,-71.0,-100.0,-59.0,-82.0,-73.0,-100.0,-100.0,-100.0,-100.0,-100.0,-85.0,-100.0,-100.0,-100.0,-100.0,-76.0,-51.0,-84.0,-100.0,-100.0,-83.0,-100.0,-52.0,-100.0,-100.0,-100.0,-100.0,-89.0,-100.0,-100.0,-100.0,-100.0,-100.0,-100.0,-79.0,-100.0,-100.0,-100.0,-100.0,-71.0,-78.0,-100.0,-100.0,-100.0,-100.0,-100.0,-100.0,-100.0,-100.0,-100.0,-100.0,-100.0,-100.0,-100.0,-100.0,-100.0,-100.0,-100.0,-100.0,-100.0,-100.0
2021.02.11 150505,50.0,22.0,1.157462644130841,24.681623140186918,-24.395576392523363,-0.21220098936448598,0.5184419939626168,9.746484626168222,-0.007573160084112149,-0.00795266718317757,-0.007122028795981308,-0.05333700299123733,0.02204145135784466,-0.023561093027629473,1016.29307,-100.0,-79.0,-100.0,-100.0,-100.0,-100.0,-100.0,-70.0,-100.0,-70.0,-100.0,-54.0,-100.0,-100.0,-100.0,-100.0,-100.0,-100.0,-100.0,-100.0,-100.0,-100.0,-100.0,-100.0,-100.0,-100.0,-54.0,-100.0,-100.0,-100.0,-100.0,-100.0,-100.0,-100.0,-100.0,-100.0,-100.0,-100.0,-100.0,-100.0,-100.0,-100.0,-72.0,-80.0,-74.0,-61.0,-80.0,-58.0,-100.0,-57.0,-62.0,-57.0,-100.0,-61.0,-63.0,-100.0,-79.0,-80.0,-86.0,-48.0,-52.0,-86.0,-70.0,-100.0,-50.0,-74.0,-100.0,-65.0,-100.0,-89.0,-62.0,-100.0,-79.0,-80.0,-86.0,-48.0,-52.0,-83.0,-85.0,-69.0,-100.0,-50.0,-74.0,-65.0,-100.0,-89.0,-100.0,-100.0,-83.0,-70.0,-81.0,-77.0,-100.0,-100.0,-100.0,-60.0,-100.0,-83.0,-100.0,-80.0,-100.0,-60.0,-100.0,-78.0,-100.0,-100.0,-79.0,-100.0,-100.0,-100.0,-85.0,-80.0,-100.0,-100.0,-100.0,-100.0,-100.0,-100.0,-100.0,-100.0,-83.0,-89.0,-100.0,-100.0,-100.0,-100.0,-100.0,-100.0,-100.0,-100.0,-100.0,-100.0,-100.0,-100.0,-100.0,-100.0,-100.0,-100.0,-100.0,-100.0
2021.02.11 150517,50.0,23.0,2.342774648811881,29.763925425742574,-27.697136841584157,-0.29267043178861385,0.5392756075247525,9.748686574257427,-0.0007187610092079223,-0.001121746432494059,-0.009069420683564358,-0.05528249519665048,0.03000894207153655,-0.048570957266504254,1016.2864259405943,-100.0,-100.0,-100.0,-100.0,-100.0,-100.0,-100.0,-100.0,-100.0,-100.0,-100.0,-100.0,-100.0,-100.0,-81.0,-100.0,-100.0,-100.0,-100.0,-100.0,-100.0,-100.0,-100.0,-100.0,-100.0,-100.0,-100.0,-100.0,-100.0,-100.0,-100.0,-100.0,-100.0,-100.0,-100.0,-100.0,-100.0,-100.0,-100.0,-100.0,-100.0,-76.0,-68.0,-100.0,-62.0,-54.0,-80.0,-67.0,-100.0,-57.0,-57.0,-64.0,-100.0,-67.0,-55.0,-83.0,-72.0,-62.0,-71.0,-46.0,-60.0,-79.0,-62.0,-86.0,-49.0,-79.0,-100.0,-64.0,-85.0,-85.0,-55.0,-78.0,-71.0,-62.0,-73.0,-48.0,-59.0,-78.0,-80.0,-62.0,-88.0,-48.0,-80.0,-56.0,-85.0,-84.0,-100.0,-100.0,-67.0,-100.0,-86.0,-81.0,-100.0,-100.0,-100.0,-52.0,-82.0,-100.0,-100.0,-77.0,-100.0,-52.0,-73.0,-100.0,-100.0,-100.0,-93.0,-84.0,-100.0,-100.0,-100.0,-81.0,-100.0,-79.0,-100.0,-100.0,-100.0,-100.0,-100.0,-84.0,-100.0,-93.0,-100.0,-100.0,-100.0,-100.0,-100.0,-100.0,-100.0,-100.0,-100.0,-100.0,-100.0,-100.0,-100.0,-100.0,-100.0,-100.0,-100.0,-100.0
2021.02.11 150615,50.0,24.0,34.846593920000004,-1.4098255799000001,-28.590694499999998,0.025780279205300002,0.6513034402000001,9.749114224999998,-0.0015995696638799995,-0.0015457819685000007,0.002128294082499999,-0.0667515110224485,-0.0026687747308460547,-1.5565307652950287,1016.2563337000001,-100.0,-74.0,-100.0,-100.0,-100.0,-100.0,-100.0,-100.0,-89.0,-100.0,-81.0,-51.0,-100.0,-100.0,-79.0,-100.0,-100.0,-100.0,-100.0,-100.0,-100.0,-100.0,-71.0,-54.0,-100.0,-100.0,-52.0,-100.0,-100.0,-78.0,-89.0,-100.0,-100.0,-73.0,-100.0,-100.0,-100.0,-72.0,-55.0,-100.0,-100.0,-100.0,-74.0,-79.0,-62.0,-50.0,-79.0,-66.0,-78.0,-57.0,-59.0,-73.0,-86.0,-56.0,-54.0,-90.0,-50.0,-69.0,-61.0,-40.0,-58.0,-61.0,-62.0,-75.0,-52.0,-78.0,-73.0,-61.0,-82.0,-76.0,-54.0,-91.0,-50.0,-69.0,-62.0,-40.0,-58.0,-66.0,-62.0,-62.0,-74.0,-51.0,-78.0,-61.0,-83.0,-76.0,-100.0,-100.0,-78.0,-80.0,-87.0,-78.0,-100.0,-100.0,-74.0,-51.0,-69.0,-73.0,-100.0,-66.0,-72.0,-51.0,-70.0,-74.0,-100.0,-100.0,-100.0,-100.0,-100.0,-100.0,-82.0,-100.0,-100.0,-100.0,-100.0,-100.0,-100.0,-84.0,-100.0,-82.0,-100.0,-100.0,-75.0,-83.0,-89.0,-88.0,-84.0,-100.0,-100.0,-100.0,-100.0,-100.0,-100.0,-100.0,-100.0,-100.0,-100.0,-100.0,-100.0,-100.0
2021.02.11 150649,53.0,24.0,27.653264049504948,-0.9306205614653466,-20.8061458019802,0.07987095709752476,0.4331484936633664,9.763115247524752,-0.002338630731584158,-0.004437133706653466,-0.006685373006831684,-0.04435267461703552,-0.008165143864557214,-1.5712031385686138,1016.2370920792079,-100.0,-73.0,-77.0,-100.0,-100.0,-100.0,-100.0,-65.0,-100.0,-64.0,-86.0,-45.0,-100.0,-100.0,-72.0,-100.0,-100.0,-100.0,-72.0,-100.0,-100.0,-100.0,-76.0,-100.0,-85.0,-100.0,-45.0,-100.0,-100.0,-72.0,-100.0,-100.0,-100.0,-71.0,-100.0,-100.0,-100.0,-100.0,-100.0,-100.0,-100.0,-71.0,-81.0,-100.0,-76.0,-49.0,-82.0,-65.0,-100.0,-50.0,-100.0,-63.0,-88.0,-58.0,-75.0,-100.0,-61.0,-73.0,-76.0,-42.0,-50.0,-80.0,-54.0,-83.0,-50.0,-80.0,-100.0,-100.0,-100.0,-76.0,-75.0,-100.0,-62.0,-74.0,-76.0,-42.0,-50.0,-64.0,-81.0,-53.0,-82.0,-50.0,-79.0,-100.0,-91.0,-76.0,-100.0,-100.0,-100.0,-65.0,-83.0,-80.0,-100.0,-100.0,-70.0,-58.0,-100.0,-100.0,-100.0,-64.0,-69.0,-58.0,-100.0,-100.0,-100.0,-100.0,-94.0,-77.0,-100.0,-100.0,-100.0,-100.0,-100.0,-76.0,-100.0,-100.0,-100.0,-100.0,-100.0,-100.0,-100.0,-100.0,-100.0,-100.0,-100.0,-100.0,-100.0,-100.0,-100.0,-100.0,-100.0,-100.0,-100.0,-100.0,-100.0,-100.0,-100.0,-100.0,-100.0,-100.0
2021.02.11 150716,55.0,24.0,27.033155490000002,1.2265617175199999,-19.75921083,-0.11738201291500001,0.42964888974999993,9.75880521,0.003637175201500001,-0.0016114173862000001,0.0029019988605,-0.043972567170858345,0.011992497228420647,-1.4921618485450745,1016.2244309,-100.0,-73.0,-100.0,-100.0,-100.0,-100.0,-100.0,-62.0,-100.0,-100.0,-84.0,-41.0,-100.0,-100.0,-70.0,-89.0,-100.0,-100.0,-64.0,-100.0,-100.0,-100.0,-100.0,-47.0,-100.0,-100.0,-41.0,-83.0,-100.0,-70.0,-90.0,-100.0,-100.0,-70.0,-100.0,-80.0,-100.0,-100.0,-49.0,-100.0,-100.0,-100.0,-100.0,-100.0,-81.0,-100.0,-84.0,-57.0,-100.0,-50.0,-45.0,-62.0,-92.0,-100.0,-69.0,-100.0,-54.0,-77.0,-79.0,-69.0,-81.0,-77.0,-46.0,-81.0,-64.0,-88.0,-100.0,-72.0,-100.0,-71.0,-70.0,-100.0,-55.0,-78.0,-79.0,-70.0,-81.0,-65.0,-78.0,-44.0,-81.0,-66.0,-86.0,-72.0,-100.0,-71.0,-100.0,-100.0,-100.0,-73.0,-80.0,-81.0,-100.0,-100.0,-100.0,-57.0,-75.0,-100.0,-68.0,-65.0,-100.0,-57.0,-73.0,-76.0,-68.0,-100.0,-83.0,-75.0,-100.0,-100.0,-100.0,-100.0,-100.0,-100.0,-100.0,-100.0,-100.0,-100.0,-100.0,-100.0,-100.0,-88.0,-100.0,-100.0,-100.0,-100.0,-100.0,-100.0,-100.0,-100.0,-100.0,-100.0,-100.0,-100.0,-100.0,-100.0,-100.0,-100.0,-100.0,-100.0
2021.02.11 150729,56.0,24.0,26.78072114,1.0683211958930001,-21.319740049999997,-0.14257291385999998,0.47750316647000013,9.75125038,0.010267667781999999,-0.004105342295400001,-0.0024933027667999996,-0.0489703905722126,0.014586681931978061,-1.4905226194858552,1016.2185747999997,-100.0,-68.0,-100.0,-100.0,-100.0,-100.0,-100.0,-100.0,-87.0,-100.0,-80.0,-39.0,-86.0,-100.0,-68.0,-100.0,-100.0,-100.0,-66.0,-100.0,-100.0,-100.0,-66.0,-43.0,-100.0,-100.0,-39.0,-100.0,-100.0,-72.0,-100.0,-100.0,-100.0,-66.0,-100.0,-100.0,-100.0,-67.0,-44.0,-100.0,-100.0,-100.0,-100.0,-100.0,-100.0,-76.0,-100.0,-62.0,-100.0,-58.0,-55.0,-79.0,-100.0,-100.0,-100.0,-100.0,-54.0,-80.0,-77.0,-65.0,-81.0,-82.0,-42.0,-65.0,-61.0,-100.0,-100.0,-60.0,-100.0,-69.0,-100.0,-100.0,-54.0,-81.0,-78.0,-66.0,-81.0,-66.0,-81.0,-42.0,-66.0,-59.0,-100.0,-71.0,-100.0,-69.0,-100.0,-100.0,-100.0,-66.0,-77.0,-69.0,-100.0,-100.0,-100.0,-62.0,-77.0,-100.0,-67.0,-64.0,-100.0,-62.0,-76.0,-100.0,-67.0,-100.0,-100.0,-66.0,-100.0,-100.0,-70.0,-100.0,-100.0,-70.0,-100.0,-100.0,-100.0,-100.0,-100.0,-100.0,-100.0,-100.0,-100.0,-100.0,-100.0,-100.0,-100.0,-89.0,-100.0,-100.0,-100.0,-100.0,-100.0,-100.0,-100.0,-100.0,-100.0,-100.0,-100.0,-100.0
2021.02.11 150802,59.0,24.0,29.792172860000004,1.9788511411000003,-15.323826550000001,-0.13037247653300002,0.4218185454020001,9.75391527,-0.0002999350890000003,-0.0029777755528000004,0.0024435613854999995,-0.04325913448694333,0.013346512726857296,-1.4811498630046844,1016.2027229999999,-100.0,-68.0,-100.0,-100.0,-100.0,-100.0,-100.0,0.0,-80.0,-64.0,-70.0,-43.0,-100.0,-100.0,-73.0,-100.0,-100.0,-100.0,-72.0,-85.0,-100.0,-100.0,-68.0,0.0,-100.0,-100.0,-43.0,-100.0,-100.0,-100.0,-100.0,-100.0,-100.0,-71.0,-86.0,-100.0,-100.0,-72.0,0.0,-100.0,-100.0,-100.0,-100.0,-91.0,-100.0,-86.0,-100.0,-71.0,-100.0,-59.0,-59.0,-75.0,-100.0,-81.0,-77.0,-100.0,-47.0,-75.0,-80.0,-82.0,-82.0,-75.0,-49.0,-64.0,-76.0,-100.0,-100.0,-83.0,-100.0,-72.0,-76.0,-100.0,-47.0,-76.0,-81.0,-81.0,-83.0,-72.0,-76.0,-48.0,-64.0,-77.0,-100.0,-83.0,-100.0,-72.0,-100.0,-100.0,-100.0,-65.0,-66.0,-55.0,-100.0,-100.0,-80.0,-71.0,-83.0,-81.0,-65.0,-72.0,-83.0,-71.0,-83.0,-77.0,-65.0,-100.0,-82.0,-72.0,-88.0,-100.0,-74.0,-100.0,-100.0,-77.0,-100.0,-100.0,-100.0,-100.0,-100.0,-100.0,-100.0,-100.0,-100.0,-100.0,-100.0,-100.0,-100.0,-100.0,-71.0,-91.0,-89.0,-89.0,-100.0,-100.0,-100.0,-100.0,-100.0,-100.0,-100.0,-100.0
2021.02.11 150813,60.0,24.0,27.51520957575758,2.782735128282829,-12.399715530303029,-0.19144444867373742,0.41879981787878795,9.763185116161617,6.666874292929239e-05,-0.007503576562121213,0.001733581997979798,-0.04289123132846061,0.019507353484581748,-1.4488376102062186,1016.2022983838385,-100.0,-68.0,-100.0,-100.0,-100.0,-100.0,-100.0,-72.0,-78.0,-56.0,-68.0,-36.0,-100.0,-100.0,-69.0,-86.0,-100.0,-100.0,-67.0,-86.0,-100.0,-100.0,-66.0,-56.0,-91.0,-100.0,-36.0,-100.0,-100.0,-64.0,-87.0,-100.0,-100.0,-66.0,-85.0,-100.0,-100.0,-65.0,-49.0,-100.0,-100.0,-100.0,-100.0,-100.0,-90.0,-100.0,-100.0,-75.0,-100.0,-60.0,-55.0,-100.0,-100.0,-78.0,-100.0,-100.0,-45.0,-81.0,-80.0,-82.0,-84.0,-74.0,-48.0,-56.0,-81.0,-100.0,-100.0,-82.0,-100.0,-62.0,-100.0,-100.0,-45.0,-80.0,-81.0,-83.0,-84.0,-68.0,-75.0,-49.0,-56.0,-83.0,-100.0,-100.0,-100.0,-62.0,-100.0,-100.0,-100.0,-61.0,-68.0,-53.0,-100.0,-100.0,-100.0,-69.0,-100.0,-100.0,-72.0,-68.0,-100.0,-69.0,-100.0,-100.0,-70.0,-100.0,-100.0,-69.0,-100.0,-100.0,-81.0,-100.0,-100.0,-73.0,-100.0,-100.0,-100.0,-100.0,-100.0,-100.0,-100.0,-100.0,-100.0,-100.0,-100.0,-100.0,-100.0,-100.0,-63.0,-89.0,-84.0,-84.0,-85.0,-100.0,-100.0,-100.0,-100.0,-100.0,-100.0,-100.0
2021.02.11 150824,61.0,24.0,26.921898138613866,5.310818405940594,-13.38455704950495,-0.24397257685346532,0.4035812411881189,9.754019475247524,0.0007577415811881197,-0.0035495560192079206,-0.0012826360592079202,-0.041359701350626346,0.0249616330184646,-1.352898124420997,1016.1931177227723,-100.0,-63.0,-100.0,-100.0,-100.0,-100.0,-100.0,-63.0,-85.0,-57.0,-79.0,-39.0,-100.0,-100.0,-100.0,-88.0,-100.0,-100.0,-62.0,-100.0,-100.0,-100.0,-69.0,-43.0,-82.0,-100.0,-38.0,-81.0,-100.0,-72.0,-89.0,-100.0,-100.0,-61.0,-100.0,-88.0,-100.0,-68.0,-43.0,-100.0,-100.0,-79.0,-100.0,-100.0,-83.0,-78.0,-100.0,-73.0,-100.0,-45.0,-47.0,-72.0,-100.0,-71.0,-72.0,-100.0,-48.0,-74.0,-78.0,-71.0,-89.0,-80.0,-40.0,-65.0,-70.0,-100.0,-100.0,-75.0,-100.0,-74.0,-73.0,-100.0,-48.0,-74.0,-79.0,-70.0,-87.0,-68.0,-79.0,-40.0,-67.0,-68.0,-100.0,-76.0,-100.0,-74.0,-100.0,-100.0,-100.0,-71.0,-71.0,-70.0,-100.0,-69.0,-100.0,-65.0,-100.0,-100.0,-64.0,-68.0,-100.0,-66.0,-100.0,-100.0,-64.0,-100.0,-90.0,-67.0,-100.0,-100.0,-69.0,-100.0,-100.0,-67.0,-100.0,-100.0,-100.0,-82.0,-100.0,-85.0,-100.0,-92.0,-100.0,-100.0,-100.0,-100.0,-100.0,-85.0,-85.0,-100.0,-100.0,-100.0,-100.0,-81.0,-100.0,-100.0,-100.0,-100.0,-100.0,-100.0
2021.02.11 150909,64.21678321678321,24.0,28.152166643356644,5.976887937762237,-17.013091678321675,-0.16325218204335662,0.5501239815384616,9.754846874125874,-0.0002173234873146858,-0.0002180389637062943,0.0007794622713986019,-0.05634064164820246,0.016761890054990545,-1.3262874363185642,1016.1694134965037,-100.0,-58.0,-100.0,-100.0,-100.0,-100.0,-100.0,-69.0,-77.0,-60.0,-66.0,-37.0,-100.0,-91.0,-70.0,-79.0,-100.0,-100.0,-68.0,-82.0,-100.0,-100.0,-100.0,-54.0,-100.0,-100.0,-38.0,-86.0,-100.0,-100.0,-79.0,-100.0,-100.0,-68.0,-82.0,-100.0,-100.0,-100.0,-54.0,-100.0,-100.0,-100.0,-100.0,-100.0,-100.0,-100.0,-100.0,-100.0,-100.0,-62.0,-59.0,-83.0,-100.0,-83.0,-80.0,-100.0,-38.0,-78.0,-85.0,-82.0,-85.0,-75.0,-55.0,-74.0,-100.0,-100.0,-100.0,-83.0,-100.0,-68.0,-79.0,-100.0,-38.0,-78.0,-84.0,-100.0,-86.0,-72.0,-75.0,-55.0,-73.0,-100.0,-100.0,-84.0,-100.0,-68.0,-100.0,-100.0,-100.0,-67.0,-65.0,-65.0,-100.0,-100.0,-85.0,-100.0,-100.0,-83.0,-65.0,-72.0,-84.0,-100.0,-100.0,-100.0,-70.0,-100.0,-100.0,-72.0,-100.0,-100.0,-74.0,-100.0,-100.0,-76.0,-100.0,-100.0,-100.0,-76.0,-100.0,-100.0,-100.0,-100.0,-100.0,-100.0,-100.0,-100.0,-100.0,-100.0,-65.0,-86.0,-86.0,-84.0,-100.0,-100.0,-87.0,-100.0,-100.0,-100.0,-100.0,-100.0
2021.02.11 150929,65.0,24.0,28.24934744,6.547044026000001,-17.04132134,-0.16483604905000004,0.3775493581,9.76401736,-0.0031848930159000003,-0.0005983123508900001,0.0017183292192,-0.03864789361134167,0.016892235962441143,-1.318108069896698,1016.1598766999999,-100.0,-56.0,-74.0,-100.0,-100.0,-81.0,-100.0,-68.0,-100.0,-49.0,-68.0,-34.0,-100.0,-100.0,-68.0,-89.0,-100.0,-100.0,-100.0,-85.0,-80.0,-100.0,-59.0,-48.0,-100.0,-100.0,-34.0,-100.0,-100.0,-67.0,-91.0,-100.0,-100.0,-100.0,-85.0,-80.0,-100.0,-59.0,-100.0,-100.0,-100.0,-100.0,-100.0,-100.0,-100.0,-100.0,-100.0,-77.0,-100.0,-46.0,-100.0,-100.0,-100.0,-100.0,-73.0,-100.0,-49.0,-78.0,-75.0,-76.0,-91.0,-77.0,-53.0,-78.0,-81.0,-100.0,-100.0,-77.0,-100.0,-77.0,-72.0,-100.0,-49.0,-79.0,-76.0,-77.0,-90.0,-63.0,-77.0,-53.0,-79.0,-81.0,-100.0,-100.0,-100.0,-76.0,-100.0,-100.0,-100.0,-61.0,-77.0,-100.0,-100.0,-100.0,-100.0,-66.0,-100.0,-100.0,-63.0,-62.0,-100.0,-66.0,-100.0,-100.0,-63.0,-100.0,-100.0,-69.0,-100.0,-100.0,-61.0,-100.0,-100.0,-100.0,-100.0,-100.0,-100.0,-100.0,-100.0,-100.0,-100.0,-100.0,-100.0,-100.0,-100.0,-100.0,-100.0,-100.0,-71.0,-100.0,-100.0,-100.0,-100.0,-100.0,-100.0,-100.0,-100.0,-100.0,-100.0,-100.0
2021.02.11 150941,66.0,24.0,33.75377240196079,6.116697412745098,-14.748172441176472,-0.14144521692156864,0.4531058700000001,9.751896965686274,-1.8078733460783264e-05,-0.0018618476911764705,0.003644110323039216,-0.04642237248081782,0.01449702701910267,-1.3702518320551105,1016.1510414705882,-100.0,-49.0,-100.0,-100.0,-100.0,-100.0,-100.0,-51.0,-100.0,-48.0,-65.0,-37.0,-100.0,-100.0,-58.0,-100.0,-100.0,-100.0,-57.0,-81.0,-100.0,-100.0,-51.0,-46.0,-100.0,-100.0,-37.0,-100.0,-100.0,-57.0,-90.0,-100.0,-100.0,-57.0,-81.0,-100.0,-100.0,-53.0,-45.0,-100.0,-100.0,-100.0,-100.0,-100.0,-100.0,-100.0,-100.0,-80.0,-100.0,-54.0,-50.0,-79.0,-100.0,-100.0,-75.0,-100.0,-57.0,-87.0,-77.0,-100.0,-100.0,-80.0,-53.0,-74.0,-76.0,-100.0,-100.0,-100.0,-100.0,-68.0,-74.0,-100.0,-57.0,-87.0,-77.0,-76.0,-92.0,-67.0,-80.0,-53.0,-74.0,-77.0,-100.0,-69.0,-100.0,-69.0,-100.0,-100.0,-100.0,-54.0,-79.0,-74.0,-100.0,-100.0,-100.0,-62.0,-100.0,-100.0,-100.0,-67.0,-100.0,-66.0,-100.0,-100.0,-100.0,-100.0,-100.0,-100.0,-100.0,-100.0,-59.0,-100.0,-100.0,-67.0,-100.0,-100.0,-100.0,-64.0,-100.0,-100.0,-100.0,-100.0,-100.0,-100.0,-100.0,-100.0,-100.0,-100.0,-100.0,-100.0,-100.0,-100.0,-100.0,-100.0,-100.0,-79.0,-100.0,-100.0,-100.0,-100.0
2021.02.11 150952,67.0,24.0,31.579494019801977,4.268878145544555,-14.024012460396039,-0.249298270049505,0.699518296930693,9.744513698019801,0.003794279695247524,0.0009420959013861385,-8.542342891089141e-05,-0.07161632515858893,0.025519704990236442,-1.4018097407747023,1016.141381188119,-100.0,-61.0,-100.0,-100.0,-100.0,-100.0,-100.0,-62.0,-74.0,-59.0,-61.0,-47.0,-100.0,-87.0,-67.0,-82.0,-100.0,-100.0,-57.0,-79.0,-88.0,-100.0,-69.0,-56.0,-79.0,-100.0,-47.0,-100.0,-85.0,-68.0,-82.0,-100.0,-100.0,-57.0,-79.0,-100.0,-100.0,-69.0,-56.0,-79.0,-100.0,-100.0,-100.0,-90.0,-100.0,-100.0,-100.0,-100.0,-100.0,-66.0,-66.0,-83.0,-100.0,-100.0,-100.0,-100.0,-51.0,-81.0,-79.0,-86.0,-100.0,-76.0,-61.0,-76.0,-100.0,-100.0,-100.0,-85.0,-100.0,-72.0,-100.0,-100.0,-52.0,-81.0,-79.0,-84.0,-100.0,-75.0,-75.0,-60.0,-76.0,-100.0,-100.0,-86.0,-100.0,-72.0,-100.0,-100.0,-100.0,-72.0,-71.0,-66.0,-100.0,-100.0,-83.0,-75.0,-100.0,-86.0,-74.0,-75.0,-100.0,-100.0,-100.0,-86.0,-74.0,-100.0,-100.0,-100.0,-100.0,-100.0,-61.0,-100.0,-100.0,-100.0,-100.0,-100.0,-100.0,-78.0,-100.0,-100.0,-100.0,-100.0,-100.0,-100.0,-100.0,-100.0,-100.0,-100.0,-73.0,-84.0,-86.0,-86.0,-100.0,-100.0,-92.0,-84.0,-100.0,-100.0,-100.0,-100.0
2021.02.11 151028,70.0,24.0,18.173968584158416,3.8104450158415832,-9.665196648514852,-0.17231598567326728,0.5518748699009901,9.739147004950494,0.0011686900383564365,-0.0035925662701980204,-0.0003321624824752482,-0.056661664886344734,0.01765286532924552,-1.332541034953429,1016.1170856435643,-100.0,-55.0,-100.0,-100.0,-100.0,-100.0,-100.0,-52.0,-100.0,-44.0,-67.0,-44.0,-100.0,-100.0,-58.0,-83.0,-100.0,-100.0,-54.0,-81.0,-100.0,-100.0,-59.0,-100.0,-100.0,-100.0,-100.0,-100.0,-100.0,-59.0,-83.0,-100.0,-100.0,-53.0,-82.0,-80.0,-100.0,-61.0,-100.0,-100.0,-100.0,-100.0,-100.0,-100.0,-83.0,-83.0,-100.0,-81.0,-100.0,-100.0,-100.0,-80.0,-100.0,-100.0,-100.0,-100.0,-55.0,-80.0,-80.0,-74.0,-100.0,-78.0,-100.0,-82.0,-81.0,-100.0,-100.0,-70.0,-100.0,-74.0,-77.0,-100.0,-100.0,-79.0,-82.0,-73.0,-100.0,-64.0,-79.0,-100.0,-83.0,-80.0,-100.0,-71.0,-100.0,-74.0,-100.0,-100.0,-100.0,-57.0,-78.0,-74.0,-100.0,-100.0,-100.0,-65.0,-100.0,-74.0,-67.0,-63.0,-100.0,-65.0,-100.0,-100.0,-68.0,-100.0,-100.0,-80.0,-100.0,-100.0,-58.0,-100.0,-100.0,-76.0,-100.0,-100.0,-100.0,-100.0,-100.0,-100.0,-100.0,-100.0,-100.0,-100.0,-100.0,-100.0,-100.0,-100.0,-72.0,-89.0,-85.0,-84.0,-100.0,-100.0,-100.0,-100.0,-100.0,-100.0,-100.0,-100.0
2021.02.11 151051,72.0,24.0,14.783781836633667,6.474077944554455,-8.903001356435643,-0.06252848980990099,0.5490396039207921,9.755689514851484,0.004713948612871286,-0.001226744237415841,-0.000910146524455445,-0.05620252360857207,0.006399270626289819,-1.1284154919114444,1016.1093994059407,-100.0,-76.0,-100.0,-100.0,-100.0,-100.0,-100.0,-56.0,-68.0,-48.0,-47.0,-52.0,-75.0,-75.0,-60.0,-73.0,-90.0,-100.0,-60.0,-69.0,-83.0,-100.0,-57.0,-68.0,-73.0,-100.0,-51.0,-74.0,-73.0,-60.0,-73.0,-88.0,-100.0,-53.0,-69.0,-83.0,-100.0,-56.0,-68.0,-74.0,-91.0,-100.0,-100.0,-100.0,-100.0,-100.0,-100.0,-100.0,-100.0,-74.0,-74.0,-100.0,-100.0,-90.0,-79.0,-100.0,-60.0,-83.0,-81.0,-89.0,-100.0,-79.0,-65.0,-81.0,-91.0,-100.0,-100.0,-100.0,-100.0,-81.0,-78.0,-100.0,-61.0,-82.0,-81.0,-89.0,-100.0,-77.0,-79.0,-64.0,-81.0,-100.0,-100.0,-100.0,-100.0,-81.0,-100.0,-100.0,-100.0,-68.0,-79.0,-76.0,-100.0,-100.0,-100.0,-76.0,-90.0,-84.0,-67.0,-78.0,-100.0,-75.0,-100.0,-100.0,-67.0,-100.0,-100.0,-100.0,-100.0,-100.0,-76.0,-100.0,-100.0,-82.0,-100.0,-100.0,-100.0,-100.0,-100.0,-100.0,-100.0,-100.0,-100.0,-100.0,-100.0,-100.0,-100.0,-100.0,-77.0,-100.0,-78.0,-78.0,-100.0,-100.0,-100.0,-100.0,-100.0,-100.0,-100.0,-100.0
2021.02.11 151102,73.0,24.0,21.2992075625,3.66206356875,-10.80603503125,-0.09672299847604167,0.6636445020833334,9.742478708333332,-0.0011851255479166667,-0.00047125397302083365,0.0025733159921874998,-0.06799945658228046,0.009886339365948486,-1.3661410547792912,1016.1040680208331,-100.0,-62.0,-100.0,-100.0,-100.0,-100.0,-100.0,-52.0,-64.0,-47.0,-63.0,-54.0,-64.0,-77.0,-57.0,-80.0,-100.0,-100.0,-50.0,-74.0,-100.0,-100.0,-53.0,-64.0,-70.0,-100.0,-54.0,-66.0,-79.0,-56.0,-80.0,-100.0,-100.0,-50.0,-73.0,-100.0,-100.0,-51.0,-64.0,-70.0,-90.0,-100.0,-100.0,-100.0,-100.0,-100.0,-100.0,-100.0,-100.0,-68.0,-73.0,-100.0,-100.0,-80.0,-77.0,-100.0,-67.0,-85.0,-83.0,-80.0,-100.0,-77.0,-63.0,-90.0,-81.0,-100.0,-80.0,-79.0,-100.0,-82.0,-78.0,-100.0,-69.0,-86.0,-85.0,-80.0,-100.0,-68.0,-78.0,-63.0,-88.0,-82.0,-100.0,-79.0,-100.0,-82.0,-100.0,-100.0,-100.0,-74.0,-100.0,-86.0,-100.0,-100.0,-100.0,-67.0,-84.0,-75.0,-69.0,-68.0,-100.0,-67.0,-83.0,-76.0,-100.0,-100.0,-100.0,-83.0,-100.0,-100.0,-100.0,-100.0,-100.0,-100.0,-100.0,-100.0,-100.0,-100.0,-100.0,-100.0,-100.0,-100.0,-79.0,-100.0,-100.0,-100.0,-100.0,-100.0,-90.0,-100.0,-100.0,-100.0,-100.0,-100.0,-100.0,-100.0,-85.0,-100.0,-100.0,-100.0
2021.02.11 151135,76.0,24.0,41.67253684848485,7.161959278787879,-15.820759994949492,-0.11266425522070708,0.7070282995959596,9.749358636363636,0.0018514714507070712,-0.0014296516758585856,-0.00020542911606060552,-0.07230613886783215,0.011438122360590478,-1.3727107902969977,1016.0960711111112,-100.0,-71.0,-100.0,-100.0,-100.0,-100.0,-100.0,-67.0,-66.0,-52.0,-61.0,-60.0,-70.0,-83.0,-63.0,-70.0,-81.0,-100.0,-53.0,-71.0,-79.0,-86.0,-51.0,-67.0,-71.0,-100.0,-59.0,-70.0,-83.0,-63.0,-70.0,-82.0,-100.0,-53.0,-71.0,-79.0,-86.0,-50.0,-100.0,-75.0,-100.0,-100.0,-100.0,-100.0,-100.0,-100.0,-100.0,-100.0,-100.0,-79.0,-79.0,-100.0,-100.0,-90.0,-88.0,-100.0,-68.0,-82.0,-82.0,-100.0,-100.0,-77.0,-75.0,-88.0,-100.0,-100.0,-90.0,-89.0,-100.0,-86.0,-87.0,-100.0,-68.0,-83.0,-82.0,-100.0,-100.0,-77.0,-77.0,-75.0,-89.0,-100.0,-100.0,-89.0,-100.0,-86.0,-100.0,-100.0,-100.0,-80.0,-100.0,-82.0,-100.0,-100.0,-80.0,-78.0,-89.0,-100.0,-67.0,-78.0,-100.0,-74.0,-100.0,-100.0,-72.0,-100.0,-100.0,-100.0,-100.0,-100.0,-81.0,-100.0,-100.0,-91.0,-100.0,-100.0,-100.0,-100.0,-100.0,-100.0,-100.0,-100.0,-92.0,-100.0,-100.0,-100.0,-100.0,-100.0,-84.0,-100.0,-72.0,-73.0,-100.0,-100.0,-100.0,-100.0,-100.0,-100.0,-100.0,-100.0
2021.02.11 151146,77.0,24.0,40.19252706862745,12.236344328431377,-16.510453068627452,-0.125193392754902,0.5284128599019609,9.744016176470588,0.00564805600254902,-0.0019115757168529418,0.0019395330855882353,-0.05418587041397885,0.012827061389472438,-1.2531370999766331,1016.0945384313725,-90.0,-71.0,-100.0,-100.0,-100.0,-100.0,-100.0,-55.0,-70.0,-55.0,-61.0,-57.0,-77.0,-81.0,-51.0,-66.0,-80.0,-100.0,-45.0,-63.0,-79.0,-84.0,-54.0,-100.0,-100.0,-87.0,-58.0,-77.0,-80.0,-51.0,-66.0,-80.0,-100.0,-44.0,-63.0,-77.0,-85.0,-54.0,-78.0,-100.0,-87.0,-100.0,-100.0,-100.0,-100.0,-91.0,-100.0,-100.0,-100.0,-84.0,-79.0,-100.0,-100.0,-100.0,-86.0,-100.0,-66.0,-82.0,-83.0,-100.0,-100.0,-76.0,-79.0,-100.0,-100.0,-100.0,-100.0,-87.0,-100.0,-100.0,-85.0,-100.0,-66.0,-83.0,-83.0,-100.0,-100.0,-76.0,-77.0,-79.0,-100.0,-100.0,-100.0,-88.0,-100.0,-100.0,-100.0,-100.0,-100.0,-82.0,-100.0,-84.0,-100.0,-100.0,-100.0,-75.0,-100.0,-85.0,-69.0,-76.0,-100.0,-75.0,-100.0,-100.0,-70.0,-100.0,-100.0,-100.0,-100.0,-100.0,-88.0,-100.0,-100.0,-100.0,-100.0,-100.0,-100.0,-100.0,-100.0,-100.0,-100.0,-100.0,-100.0,-100.0,-100.0,-100.0,-100.0,-100.0,-85.0,-100.0,-74.0,-74.0,-100.0,-100.0,-100.0,-100.0,-100.0,-100.0,-100.0,-100.0
2021.02.11 151239,78.0,21.0,10.538047357142856,-38.17537776530612,-13.314759066326532,-0.1415218720765306,0.5696444959183673,9.751104331632654,0.00227566964622449,-0.004286794115693878,-0.0002833886251020407,-0.058367692846424686,0.01450972067493921,-2.871267318725586,1016.0798260204082,-78.0,-66.0,-72.0,-100.0,-100.0,-71.0,-100.0,-50.0,-64.0,-47.0,-64.0,-54.0,-68.0,-75.0,-43.0,-64.0,-68.0,-100.0,-52.0,-67.0,-67.0,-76.0,-47.0,-69.0,-66.0,-76.0,-54.0,-100.0,-75.0,-43.0,-64.0,-68.0,-100.0,-52.0,-66.0,-68.0,-76.0,-49.0,-69.0,-100.0,-75.0,-100.0,-100.0,-100.0,-84.0,-100.0,-100.0,-100.0,-100.0,-100.0,-76.0,-100.0,-100.0,-100.0,-73.0,-100.0,-75.0,-85.0,-83.0,-100.0,-100.0,-79.0,-65.0,-90.0,-81.0,-100.0,-100.0,-79.0,-100.0,-100.0,-73.0,-100.0,-75.0,-84.0,-83.0,-80.0,-100.0,-64.0,-79.0,-65.0,-92.0,-100.0,-100.0,-79.0,-100.0,-100.0,-100.0,-100.0,-100.0,-100.0,-100.0,-95.0,-100.0,-100.0,-75.0,-65.0,-73.0,-77.0,-59.0,-65.0,-76.0,-66.0,-73.0,-78.0,-58.0,-100.0,-100.0,-100.0,-100.0,-100.0,-100.0,-100.0,-100.0,-100.0,-100.0,-100.0,-100.0,-100.0,-100.0,-100.0,-100.0,-100.0,-100.0,-100.0,-100.0,-100.0,-100.0,-100.0,-100.0,-100.0,-81.0,-81.0,-100.0,-83.0,-100.0,-82.0,-100.0,-100.0,-100.0,-100.0
2021.02.11 151302,78.0,19.0,10.898270705882354,-30.761339215686277,-18.264411009803926,-0.08332250434607844,0.5917212812745098,9.758458421568628,-0.0025726506575490193,-0.0033325935372549016,0.002054111301764707,-0.06060362105056932,0.008606324533877106,-2.7934137793148266,1016.074181764706,-100.0,-75.0,-69.0,-100.0,-79.0,-69.0,-100.0,-54.0,-53.0,-58.0,-68.0,-75.0,-64.0,-74.0,-65.0,-75.0,-60.0,-85.0,-63.0,-75.0,-65.0,-68.0,-57.0,-85.0,-58.0,-69.0,-75.0,-64.0,-74.0,-66.0,-75.0,-61.0,-85.0,-63.0,-76.0,-64.0,-68.0,-56.0,-81.0,-58.0,-69.0,-100.0,-100.0,-100.0,-100.0,-100.0,-100.0,-100.0,-100.0,-67.0,-84.0,-100.0,-100.0,-100.0,-100.0,-100.0,-85.0,-100.0,-100.0,-100.0,-100.0,-100.0,-87.0,-100.0,-100.0,-100.0,-100.0,-100.0,-100.0,-100.0,-100.0,-100.0,-85.0,-100.0,-100.0,-100.0,-100.0,-100.0,-100.0,-87.0,-100.0,-100.0,-100.0,-100.0,-100.0,-100.0,-100.0,-100.0,-100.0,-79.0,-100.0,-83.0,-100.0,-100.0,-100.0,-100.0,-100.0,-100.0,-100.0,-100.0,-100.0,-100.0,-100.0,-100.0,-100.0,-100.0,-100.0,-100.0,-100.0,-100.0,-83.0,-100.0,-100.0,-100.0,-100.0,-100.0,-100.0,-100.0,-100.0,-100.0,-100.0,-100.0,-100.0,-100.0,-100.0,-100.0,-100.0,-100.0,-89.0,-100.0,-74.0,-74.0,-100.0,-100.0,-100.0,-100.0,-100.0,-100.0,-100.0,-100.0
2021.02.11 151336,78.0,16.0,11.708943175000002,-29.544149789999995,-19.77196684,-0.041089763072,0.39810801320000005,9.7692256,0.0040823644132,-0.0061001144715,0.0007054632381000006,-0.04071663202252235,0.004198838552983919,-2.756628603935242,1016.0597752000001,-78.0,-74.0,-65.0,-100.0,-100.0,-66.0,-100.0,-42.0,-52.0,-60.0,-72.0,-68.0,-49.0,-80.0,-64.0,-75.0,-71.0,-87.0,-54.0,-76.0,-56.0,-70.0,-61.0,-100.0,-60.0,-75.0,-69.0,-49.0,-80.0,-63.0,-75.0,-74.0,-88.0,-57.0,-75.0,-56.0,-70.0,-61.0,-100.0,-61.0,-75.0,-100.0,-100.0,-100.0,-100.0,-100.0,-100.0,-100.0,-100.0,-68.0,-82.0,-100.0,-100.0,-100.0,-100.0,-100.0,-89.0,-100.0,-100.0,-100.0,-100.0,-100.0,-100.0,-100.0,-100.0,-100.0,-100.0,-100.0,-100.0,-100.0,-100.0,-100.0,-90.0,-100.0,-100.0,-100.0,-100.0,-100.0,-100.0,-100.0,-100.0,-100.0,-100.0,-100.0,-100.0,-100.0,-100.0,-100.0,-100.0,-84.0,-100.0,-89.0,-100.0,-100.0,-100.0,-84.0,-100.0,-100.0,-100.0,-100.0,-100.0,-100.0,-100.0,-100.0,-100.0,-100.0,-100.0,-100.0,-100.0,-100.0,-67.0,-100.0,-100.0,-100.0,-100.0,-100.0,-100.0,-84.0,-100.0,-100.0,-100.0,-100.0,-100.0,-100.0,-100.0,-100.0,-100.0,-100.0,-100.0,-100.0,-100.0,-100.0,-100.0,-100.0,-100.0,-100.0,-100.0,-100.0,-100.0,-100.0
2021.02.11 151349,78.0,15.0,11.445675066666668,-29.670135476190474,-21.134670047619046,-0.10789252832380954,0.5113921164761905,9.751672504761904,0.0022433086410476198,-0.003693406913142858,0.0007441150479333335,-0.05233333909085813,0.010990002944267184,-2.767112586611793,1016.0523144761905,-62.0,-80.0,-73.0,-92.0,-73.0,-73.0,-91.0,-46.0,-60.0,-58.0,-81.0,-100.0,-45.0,-58.0,-69.0,-100.0,-100.0,-78.0,-54.0,-78.0,-55.0,-57.0,-100.0,-100.0,-43.0,-66.0,-100.0,-46.0,-59.0,-69.0,-90.0,-100.0,-78.0,-57.0,-76.0,-56.0,-57.0,-65.0,-100.0,-40.0,-66.0,-100.0,-100.0,-100.0,-100.0,-100.0,-100.0,-100.0,-100.0,-73.0,-100.0,-100.0,-100.0,-100.0,-100.0,-100.0,-100.0,-100.0,-100.0,-100.0,-100.0,-100.0,-100.0,-100.0,-100.0,-100.0,-100.0,-100.0,-100.0,-100.0,-100.0,-100.0,-100.0,-100.0,-100.0,-100.0,-100.0,-100.0,-100.0,-100.0,-100.0,-100.0,-100.0,-100.0,-100.0,-100.0,-100.0,-100.0,-100.0,-100.0,-100.0,-100.0,-100.0,-100.0,-100.0,-100.0,-100.0,-100.0,-100.0,-100.0,-100.0,-100.0,-100.0,-100.0,-100.0,-100.0,-100.0,-100.0,-100.0,-100.0,-80.0,-100.0,-100.0,-100.0,-100.0,-100.0,-100.0,-100.0,-100.0,-100.0,-100.0,-100.0,-100.0,-100.0,-100.0,-100.0,-100.0,-100.0,-100.0,-100.0,-100.0,-100.0,-100.0,-100.0,-100.0,-100.0,-100.0,-100.0,-100.0,-100.0
2021.02.11 151423,78.0,13.0,8.191544896116502,-29.774190242718447,-23.26529690291262,-0.2779722792330097,0.5252288210679612,9.748954504854368,0.004320146352427184,-0.003405382776203884,-9.265207281553648e-06,-0.053845567429817956,0.028504632612310527,-2.883186599583302,1016.0361238834948,-67.0,-100.0,-79.0,-82.0,-76.0,-80.0,-83.0,-55.0,-62.0,-75.0,-77.0,-78.0,-55.0,-61.0,-74.0,-100.0,-54.0,-78.0,-64.0,-75.0,-59.0,-64.0,-74.0,-100.0,-55.0,-66.0,-79.0,-50.0,-61.0,-75.0,-100.0,-53.0,-78.0,-63.0,-76.0,-58.0,-64.0,-74.0,-100.0,-55.0,-66.0,-100.0,-100.0,-100.0,-100.0,-100.0,-100.0,-100.0,-100.0,-84.0,-89.0,-100.0,-100.0,-100.0,-100.0,-100.0,-100.0,-100.0,-100.0,-100.0,-100.0,-100.0,-85.0,-100.0,-100.0,-100.0,-100.0,-100.0,-100.0,-100.0,-100.0,-100.0,-100.0,-100.0,-100.0,-100.0,-100.0,-100.0,-100.0,-84.0,-100.0,-100.0,-100.0,-100.0,-100.0,-100.0,-100.0,-100.0,-100.0,-100.0,-100.0,-100.0,-100.0,-100.0,-100.0,-100.0,-100.0,-100.0,-100.0,-100.0,-100.0,-100.0,-100.0,-100.0,-100.0,-100.0,-100.0,-100.0,-100.0,-100.0,-100.0,-100.0,-100.0,-100.0,-100.0,-100.0,-100.0,-100.0,-100.0,-100.0,-100.0,-100.0,-100.0,-100.0,-100.0,-100.0,-100.0,-100.0,-100.0,-100.0,-100.0,-100.0,-100.0,-100.0,-100.0,-100.0,-100.0,-100.0,-100.0,-100.0
2021.02.11 151440,78.0,12.0,7.522208244444445,-33.560942949494944,-21.91394705050505,-0.25898357681818185,0.7833209126262626,9.737107808080808,0.0012816618475757584,-0.006053335912828283,0.004562780184343434,-0.08028632485204269,0.026594931128049098,-2.926096160002429,1016.0255781818182,-61.0,-100.0,-69.0,-92.0,-61.0,-71.0,-94.0,-51.0,-61.0,-70.0,-77.0,-78.0,-33.0,-62.0,-100.0,-100.0,-57.0,-82.0,-65.0,-75.0,-50.0,-69.0,-70.0,-83.0,-46.0,-64.0,-78.0,-45.0,-62.0,-100.0,-100.0,-57.0,-82.0,-64.0,-75.0,-50.0,-69.0,-71.0,-81.0,-45.0,-63.0,-100.0,-100.0,-100.0,-100.0,-100.0,-100.0,-100.0,-100.0,-79.0,-80.0,-100.0,-100.0,-100.0,-100.0,-100.0,-100.0,-100.0,-100.0,-100.0,-100.0,-100.0,-100.0,-100.0,-100.0,-100.0,-100.0,-100.0,-100.0,-100.0,-100.0,-100.0,-100.0,-100.0,-100.0,-100.0,-100.0,-100.0,-100.0,-100.0,-100.0,-100.0,-100.0,-100.0,-100.0,-100.0,-100.0,-100.0,-100.0,-100.0,-100.0,-100.0,-100.0,-100.0,-100.0,-100.0,-100.0,-100.0,-100.0,-100.0,-100.0,-100.0,-100.0,-100.0,-100.0,-100.0,-100.0,-100.0,-100.0,-100.0,-81.0,-100.0,-100.0,-81.0,-100.0,-100.0,-100.0,-100.0,-100.0,-100.0,-100.0,-100.0,-100.0,-100.0,-100.0,-100.0,-100.0,-100.0,-100.0,-100.0,-100.0,-100.0,-100.0,-100.0,-100.0,-100.0,-100.0,-100.0,-100.0,-100.0
2021.02.11 151504,78.0,11.0,7.0010042750000006,-32.67271836538462,-21.878737798076923,-0.21665163282692307,0.6916461500000002,9.737230274038463,0.006856246582211538,-0.011157627897663464,0.004281547341461538,-0.07095326289821124,0.022172347284280285,-2.934665015110603,1016.0113151923077,-64.0,-82.0,-71.0,-88.0,-62.0,-70.0,-89.0,-55.0,-74.0,-100.0,-82.0,-77.0,-31.0,-49.0,-75.0,-100.0,-55.0,-82.0,-61.0,-82.0,-38.0,-48.0,-75.0,-100.0,-48.0,-67.0,-77.0,-34.0,-49.0,-81.0,-100.0,-57.0,-83.0,-61.0,-81.0,-38.0,-48.0,-77.0,-100.0,-48.0,-67.0,-100.0,-100.0,-100.0,-100.0,-100.0,-100.0,-100.0,-100.0,-74.0,-100.0,-100.0,-100.0,-100.0,-100.0,-100.0,-100.0,-100.0,-100.0,-100.0,-100.0,-100.0,-100.0,-100.0,-100.0,-100.0,-100.0,-100.0,-100.0,-100.0,-100.0,-100.0,-100.0,-100.0,-100.0,-100.0,-100.0,-100.0,-100.0,-100.0,-100.0,-100.0,-100.0,-100.0,-100.0,-100.0,-100.0,-100.0,-100.0,-100.0,-100.0,-100.0,-100.0,-100.0,-100.0,-100.0,-100.0,-100.0,-100.0,-100.0,-100.0,-100.0,-100.0,-100.0,-100.0,-100.0,-100.0,-100.0,-100.0,-100.0,-100.0,-100.0,-100.0,-79.0,-100.0,-84.0,-100.0,-100.0,-100.0,-100.0,-100.0,-100.0,-100.0,-100.0,-100.0,-100.0,-100.0,-100.0,-100.0,-100.0,-100.0,-100.0,-100.0,-100.0,-100.0,-100.0,-100.0,-100.0,-100.0,-100.0
2021.02.11 151541,81.0,11.0,29.12133455454546,-0.7715009530272727,-16.170485250000002,-0.07124071258818183,0.7086455777727272,9.730827136363636,0.004508052297636365,-0.006018552300090908,-0.00017168555645454597,-0.0727845420018473,0.007304371389909618,-1.556043821031397,1015.9972130909091,-65.0,-100.0,-73.0,-90.0,-60.0,-73.0,-91.0,-61.0,-70.0,-66.0,-79.0,-78.0,-47.0,-56.0,-67.0,-100.0,-54.0,-79.0,-70.0,-78.0,-43.0,-50.0,-65.0,-82.0,-47.0,-64.0,-81.0,-48.0,-56.0,-67.0,-100.0,-54.0,-79.0,-59.0,-78.0,-41.0,-50.0,-66.0,-100.0,-49.0,-64.0,-100.0,-100.0,-100.0,-100.0,-100.0,-100.0,-100.0,-100.0,-100.0,-81.0,-100.0,-100.0,-100.0,-100.0,-100.0,-91.0,-100.0,-100.0,-100.0,-100.0,-100.0,-100.0,-100.0,-100.0,-100.0,-100.0,-100.0,-100.0,-100.0,-100.0,-100.0,-91.0,-100.0,-100.0,-100.0,-100.0,-100.0,-100.0,-100.0,-100.0,-100.0,-100.0,-100.0,-100.0,-100.0,-100.0,-100.0,-100.0,-100.0,-100.0,-100.0,-100.0,-82.0,-100.0,-100.0,-100.0,-100.0,-100.0,-100.0,-100.0,-100.0,-100.0,-100.0,-100.0,-100.0,-100.0,-100.0,-100.0,-100.0,-82.0,-100.0,-100.0,-100.0,-100.0,-100.0,-100.0,-82.0,-100.0,-100.0,-100.0,-100.0,-100.0,-100.0,-100.0,-100.0,-100.0,-100.0,-100.0,-100.0,-100.0,-100.0,-100.0,-100.0,-100.0,-100.0,-100.0,-100.0,-100.0,-100.0
2021.02.11 151552,82.0,11.0,27.531615320754717,3.25725235754717,-13.571411301886792,-0.07083100743679245,0.37380463658490565,9.758010297169811,-0.0017515558033018874,-0.0012346534564150946,-0.0003190102333962261,-0.03834375541136631,0.007228078781135623,-1.4337730576407235,1015.994333301887,-65.0,-100.0,-73.0,-90.0,-60.0,-73.0,-91.0,-61.0,-70.0,-66.0,-79.0,-78.0,-47.0,-56.0,-67.0,-100.0,-54.0,-79.0,-70.0,-78.0,-43.0,-50.0,-65.0,-82.0,-47.0,-64.0,-81.0,-48.0,-56.0,-67.0,-100.0,-54.0,-79.0,-59.0,-78.0,-41.0,-50.0,-66.0,-100.0,-49.0,-64.0,-100.0,-100.0,-100.0,-100.0,-100.0,-100.0,-100.0,-100.0,-100.0,-81.0,-100.0,-100.0,-100.0,-100.0,-100.0,-91.0,-100.0,-100.0,-100.0,-100.0,-100.0,-100.0,-100.0,-100.0,-100.0,-100.0,-100.0,-100.0,-100.0,-100.0,-100.0,-91.0,-100.0,-100.0,-100.0,-100.0,-100.0,-100.0,-100.0,-100.0,-100.0,-100.0,-100.0,-100.0,-100.0,-100.0,-100.0,-100.0,-100.0,-100.0,-100.0,-100.0,-82.0,-100.0,-100.0,-100.0,-100.0,-100.0,-100.0,-100.0,-100.0,-100.0,-100.0,-100.0,-100.0,-100.0,-100.0,-100.0,-100.0,-82.0,-100.0,-100.0,-100.0,-100.0,-100.0,-100.0,-82.0,-100.0,-100.0,-100.0,-100.0,-100.0,-100.0,-100.0,-100.0,-100.0,-100.0,-100.0,-100.0,-100.0,-100.0,-100.0,-100.0,-100.0,-100.0,-100.0,-100.0,-100.0,-100.0
2021.02.11 151649,87.0,11.0,30.600156058252427,4.576840916504854,-18.092459349514563,-0.054598264494368935,0.44895031932038837,9.760510820388347,0.003864498568446602,-0.005352967414640776,0.001947749657786407,-0.045993373855876075,0.005505366145406521,-1.3950854146364824,1015.9827733009708,-79.0,-100.0,-78.0,-85.0,-67.0,-78.0,-85.0,-75.0,-76.0,-84.0,-100.0,-100.0,-57.0,-56.0,-82.0,-100.0,-78.0,-100.0,-85.0,-100.0,-34.0,-42.0,-100.0,-100.0,-68.0,-88.0,-100.0,-56.0,-58.0,-82.0,-100.0,-78.0,-100.0,-85.0,-100.0,-34.0,-43.0,-100.0,-100.0,-68.0,-89.0,-100.0,-100.0,-100.0,-100.0,-100.0,-100.0,-100.0,-100.0,-84.0,-100.0,-100.0,-100.0,-91.0,-100.0,-100.0,-100.0,-100.0,-100.0,-100.0,-100.0,-100.0,-100.0,-100.0,-100.0,-100.0,-100.0,-100.0,-100.0,-100.0,-100.0,-100.0,-100.0,-100.0,-100.0,-100.0,-100.0,-100.0,-100.0,-100.0,-100.0,-100.0,-100.0,-100.0,-100.0,-100.0,-100.0,-100.0,-100.0,-100.0,-100.0,-100.0,-100.0,-100.0,-100.0,-100.0,-100.0,-100.0,-100.0,-100.0,-100.0,-100.0,-100.0,-100.0,-100.0,-100.0,-100.0,-100.0,-100.0,-100.0,-100.0,-100.0,-100.0,-100.0,-100.0,-100.0,-100.0,-100.0,-100.0,-100.0,-100.0,-100.0,-100.0,-100.0,-100.0,-100.0,-100.0,-100.0,-100.0,-100.0,-100.0,-100.0,-100.0,-100.0,-100.0,-100.0,-100.0,-88.0,-100.0,-100.0
2021.02.11 151700,88.0,11.0,32.777592009259266,5.028541730555556,-17.079546231481483,-0.14190948627777777,0.43965577550925933,9.75493498148148,-1.055501824074102e-05,-0.006986283359842593,-0.001956844252888889,-0.04504700039547898,0.014505698108459194,-1.3939147933765694,1015.9818119444442,-100.0,-100.0,-77.0,-100.0,-59.0,-77.0,-100.0,-75.0,-76.0,-86.0,-100.0,-100.0,-58.0,-56.0,-83.0,-100.0,-78.0,-100.0,-83.0,-100.0,-40.0,-38.0,-66.0,-100.0,-70.0,-86.0,-100.0,-58.0,-56.0,-85.0,-100.0,-78.0,-100.0,-83.0,-100.0,-39.0,-38.0,-63.0,-100.0,-71.0,-86.0,-100.0,-100.0,-100.0,-100.0,-100.0,-100.0,-100.0,-100.0,-100.0,-100.0,-100.0,-100.0,-100.0,-100.0,-100.0,-100.0,-100.0,-100.0,-100.0,-100.0,-100.0,-100.0,-100.0,-100.0,-100.0,-100.0,-100.0,-100.0,-100.0,-100.0,-100.0,-100.0,-100.0,-100.0,-100.0,-100.0,-100.0,-100.0,-100.0,-100.0,-100.0,-100.0,-100.0,-100.0,-100.0,-100.0,-100.0,-100.0,-100.0,-100.0,-100.0,-100.0,-100.0,-100.0,-100.0,-100.0,-100.0,-100.0,-100.0,-100.0,-100.0,-100.0,-100.0,-100.0,-100.0,-100.0,-100.0,-100.0,-100.0,-100.0,-100.0,-100.0,-100.0,-100.0,-100.0,-100.0,-100.0,-100.0,-100.0,-100.0,-100.0,-100.0,-100.0,-100.0,-100.0,-100.0,-100.0,-100.0,-100.0,-100.0,-100.0,-100.0,-100.0,-100.0,-100.0,-100.0,-100.0,-100.0,-100.0
2021.02.11 151712,89.0,11.0,32.32820148039216,4.3986235578431385,-17.663597039215684,-0.061741040944607854,0.4595168275490196,9.757263671568627,0.00217699765627451,-0.004061325974509804,0.0008771343676470593,-0.04707708761242086,0.006356044493633576,-1.4097769038349974,1015.9783827450979,-74.0,-100.0,-71.0,-100.0,-53.0,-72.0,-100.0,-67.0,-84.0,-77.0,-100.0,-100.0,-48.0,-67.0,-79.0,-100.0,-100.0,-100.0,-77.0,-100.0,-37.0,-49.0,-100.0,-100.0,-67.0,-90.0,-100.0,-47.0,-68.0,-78.0,-100.0,-100.0,-100.0,-78.0,-100.0,-31.0,-48.0,-80.0,-100.0,-68.0,-100.0,-100.0,-100.0,-100.0,-100.0,-100.0,-100.0,-100.0,-100.0,-77.0,-100.0,-100.0,-100.0,-100.0,-100.0,-100.0,-100.0,-100.0,-100.0,-100.0,-100.0,-100.0,-100.0,-100.0,-100.0,-100.0,-100.0,-100.0,-100.0,-100.0,-100.0,-100.0,-100.0,-100.0,-100.0,-100.0,-100.0,-100.0,-100.0,-100.0,-100.0,-100.0,-100.0,-100.0,-100.0,-100.0,-100.0,-100.0,-100.0,-100.0,-100.0,-100.0,-100.0,-100.0,-100.0,-100.0,-100.0,-100.0,-100.0,-100.0,-100.0,-100.0,-100.0,-100.0,-100.0,-100.0,-100.0,-100.0,-100.0,-100.0,-100.0,-100.0,-100.0,-100.0,-84.0,-100.0,-100.0,-83.0,-100.0,-100.0,-100.0,-100.0,-100.0,-100.0,-100.0,-100.0,-100.0,-100.0,-100.0,-100.0,-100.0,-100.0,-100.0,-100.0,-100.0,-100.0,-100.0,-100.0,-82.0,-82.0
