Timestamp,True_X,True_Y,Mean_Mag_x,Mean_Mag_y,Mean_Mag_z,Mean_Acc_x,Mean_Acc_y,Mean_Acc_z,Mean_Gyro_x,Mean_Gyro_y,Mean_Gyro_z,Mean_Orn_x,Mean_Orn_y,Mean_Orn_z,Mean_Pressure,00:1a:cs:a0:de:07,00:1a:cs:a0:de:08,00:1a:cs:a0:de:13,00:1a:cs:a0:de:29,00:1a:cs:a0:de:34,00:1a:cs:a0:de:36,00:1a:cs:a0:de:39,00:1a:cs:a0:de:40,00:1a:cs:a0:de:48,00:1a:cs:a0:de:55,00:1a:cs:a0:de:56,00:1a:cs:a0:de:57,00:1a:cs:a0:de:58,00:1a:cs:a0:de:59,00:1a:cs:a0:de:61,00:1a:cs:a0:de:63,00:1a:cs:a0:de:64,00:1a:cs:a0:de:65,00:1a:cs:a0:de:66,00:1a:cs:a0:de:67,00:1a:cs:a0:de:69,00:1a:cs:a0:de:70,00:1a:cs:a0:de:71,00:1a:cs:a0:de:73,00:1a:cs:a0:de:74,00:1a:cs:a0:de:75,00:1a:cs:a0:de:76,00:1a:cs:a0:de:78,00:1a:cs:a0:de:79,00:1a:cs:a0:de:82,00:1a:cs:a0:de:83,00:1a:cs:a0:de:85,00:1a:cs:a0:de:86,00:1a:cs:a0:de:87,00:1a:cs:a0:de:88,00:1a:cs:a0:de:89,00:1a:cs:a0:de:90,00:1a:cs:a0:de:92,00:1a:cs:a0:de:93,00:1a:cs:a0:de:95,00:1a:cs:a0:de:96,00:1a:cs:a0:de:97,00:1a:cs:a0:de:99,00:1a:cs:a0:df:02,00:1a:cs:a0:df:03,00:1a:cs:a0:df:04,00:1a:cs:a0:df:05,00:1a:cs:a0:df:06,00:1a:cs:a0:df:08,00:1a:cs:a0:df:09,00:1a:cs:a0:df:10,00:1a:cs:a0:df:11,00:1a:cs:a0:df:12,00:1a:cs:a0:df:13,00:1a:cs:a0:df:14,00:1a:cs:a0:df:15,00:1a:cs:a0:df:17,00:1a:cs:a0:df:18,00:1a:cs:a0:df:21,00:1a:cs:a0:df:22,00:1a:cs:a0:df:24,00:1a:cs:a0:df:25,00:1a:cs:a0:df:26,00:1a:cs:a0:df:27,00:1a:cs:a0:df:28,00:1a:cs:a0:df:29,00:1a:cs:a0:df:31,00:1a:cs:a0:df:32,00:1a:cs:a0:df:34,00:1a:cs:a0:df:35,00:1a:cs:a0:df:36,00:1a:cs:a0:df:37,00:1a:cs:a0:de:01,00:1a:cs:a0:de:05,00:1a:cs:a0:de:09,00:1a:cs:a0:de:11,00:1a:cs:a0:de:25,00:1a:cs:a0:de:30,00:1a:cs:a0:de:32,00:1a:cs:a0:de:33,00:1a:cs:a0:de:37,00:1a:cs:a0:de:44,00:1a:cs:a0:de:47,00:1a:cs:a0:de:62,00:1a:cs:a0:de:84,00:1a:cs:a0:de:91,00:1a:cs:a0:de:94,00:1a:cs:a0:df:01,00:1a:cs:a0:df:23,00:1a:cs:a0:df:30,00:1a:cs:a0:df:33,00:1a:cs:a0:de:23,00:1a:cs:a0:de:24,00:1a:cs:a0:de:43,00:1a:cs:a0:de:54,00:1a:cs:a0:de:68,00:1a:cs:a0:df:07,00:1a:cs:a0:de:28,00:1a:cs:a0:de:31,00:1a:cs:a0:de:60,00:1a:cs:a0:de:02,00:1a:cs:a0:de:51,00:1a:cs:a0:de:49,00:1a:cs:a0:de:27,00:1a:cs:a0:de:42,00:1a:cs:a0:de:50,00:1a:cs:a0:de:46,44:1e:98:03:8c:7c,44:1e:98:43:8c:7c,00:1a:cs:a0:de:15,00:1a:cs:a0:de:14,90:9f:33:a4:06:5e,00:1a:cs:a0:de:10,00:1a:cs:a0:de:45,00:1a:cs:a0:de:72,9c:d6:43:c8:11:b6,f0:b0:52:29:88:9c,f0:b0:52:69:88:9c,f0:b0:52:2a:1f:ac,00:1a:cs:a0:de:12,00:1a:cs:a0:de:06,00:1a:cs:a0:de:26,90:9f:33:3d:46:6c,88:36:6c:da:57:98,00:1a:cs:a0:de:80,00:1a:cs:a0:de:04,00:1a:cs:a0:de:16,00:1a:cs:a0:de:19,00:1a:cs:a0:df:19,00:1a:cs:a0:de:81,00:1a:cs:a0:de:98,00:1a:cs:a0:df:20,00:1a:cs:a0:de:18,00:1a:cs:a0:de:77,00:1a:cs:a0:df:16,00:1a:cs:a0:de:17,00:1a:cs:a0:de:20,00:1a:cs:a0:de:41,00:1a:cs:a0:de:35
2021.02.11 150030,43.0,24.0,22.861061707964602,1.6529203346017702,-47.94902591150442,-0.15959006884070795,0.2844737482654867,10.028917933628318,0.0002888690495575218,-0.0033835934134513277,-0.002667945687699115,-0.028382116786525663,0.015898623367754976,-1.4329768166077876,1017.6920619469026,-88.0,-86.0,-71.0,-79.0,-76.0,-72.0,-68.0,-75.0,-81.0,-86.0,-56.0,-65.0,-50.0,-58.0,-79.0,-51.0,-58.0,-78.0,-69.0,-75.0,-77.0,-60.0,-73.0,-84.0,-57.0,-74.0,-83.0,-54.0,-68.0,-59.0,-73.0,-89.0,-65.0,-69.0,-65.0,-83.0,-85.0,-81.0,-82.0,-67.0,-75.0,-76.0,-79.0,-53.0,-58.0,-78.0,-76.0,-75.0,-77.0,-60.0,-73.0,-77.0,-85.0,-57.0,-75.0,-83.0,-55.0,-68.0,-60.0,-73.0,-90.0,-65.0,-69.0,-65.0,-83.0,-84.0,-81.0,-81.0,-66.0,-75.0,-76.0,-92.0,-100.0,-100.0,-100.0,-100.0,-100.0,-100.0,-100.0,-100.0,-100.0,-100.0,-100.0,-100.0,-100.0,-100.0,-100.0,-100.0,-100.0,-100.0,-100.0,-100.0,-100.0,-100.0,-100.0,-100.0,-100.0,-100.0,-100.0,-100.0,-100.0,-100.0,-100.0,-100.0,-100.0,-100.0,-100.0,-100.0,-100.0,-100.0,-100.0,-100.0,-100.0,-100.0,-100.0,-100.0,-100.0,-100.0,-100.0,-100.0,-100.0,-100.0,-100.0,-100.0,-100.0,-100.0,-100.0,-100.0,-100.0,-100.0,-100.0,-100.0,-100.0,-100.0,-100.0,-100.0,-100.0,-100.0,-100.0
2021.02.11 150042,44.0,24.0,24.418918630630632,3.401081028828828,-50.85837773873873,-0.17432909031351349,0.14954511033873877,10.009902049549545,0.0002591609916216215,0.0037855870347747746,0.000306412257927928,-0.014964276765644526,0.017450650426326278,-1.393626819859754,1017.6869364864866,-65.0,-65.0,-100.0,-100.0,-100.0,-67.0,-76.0,-82.0,-60.0,-100.0,-85.0,-91.0,-77.0,-79.0,-59.0,-55.0,-60.0,-75.0,-55.0,-64.0,-100.0,-62.0,-73.0,-100.0,-82.0,-100.0,-100.0,-72.0,-100.0,-73.0,-100.0,-64.0,-70.0,-75.0,-67.0,-88.0,-64.0,-87.0,-65.0,-68.0,-82.0,-100.0,-59.0,-55.0,-60.0,-75.0,-55.0,-64.0,-100.0,-62.0,-73.0,-100.0,-100.0,-83.0,-100.0,-100.0,-82.0,-100.0,-76.0,-100.0,-64.0,-71.0,-74.0,-67.0,-88.0,-63.0,-87.0,-65.0,-68.0,-83.0,-100.0,-100.0,-71.0,-83.0,-90.0,-66.0,-85.0,-82.0,-77.0,-79.0,-77.0,-78.0,-72.0,-72.0,-57.0,-82.0,-81.0,-72.0,-57.0,-82.0,-81.0,-100.0,-100.0,-100.0,-100.0,-100.0,-100.0,-100.0,-100.0,-100.0,-100.0,-100.0,-100.0,-100.0,-100.0,-100.0,-100.0,-100.0,-100.0,-100.0,-100.0,-100.0,-100.0,-100.0,-100.0,-100.0,-100.0,-100.0,-100.0,-100.0,-100.0,-100.0,-100.0,-100.0,-100.0,-100.0,-100.0,-100.0,-100.0,-100.0,-100.0,-100.0,-100.0,-100.0,-100.0,-100.0,-100.0,-100.0,-100.0
2021.02.11 150055,45.0,24.0,25.250973185840706,7.804778591150443,-50.01132677876107,-0.2976316645132744,0.18077834105663718,10.008280579646016,0.003375630428672567,0.000968145755752212,-0.004689747547787611,-0.018081735959817394,0.029739731150077595,-1.217824935913086,1017.6829273451327,-68.0,-65.0,-100.0,-100.0,-81.0,-59.0,-79.0,-81.0,-54.0,-100.0,-81.0,-100.0,-78.0,-83.0,-70.0,-53.0,-57.0,-77.0,-60.0,-63.0,-82.0,-69.0,-77.0,-100.0,-84.0,-100.0,-100.0,-81.0,-100.0,-77.0,-100.0,-59.0,-57.0,-75.0,-61.0,-85.0,-57.0,-86.0,-71.0,-70.0,-86.0,-100.0,-70.0,-53.0,-57.0,-80.0,-61.0,-63.0,-82.0,-63.0,-77.0,-100.0,-100.0,-100.0,-100.0,-100.0,-83.0,-100.0,-76.0,-100.0,-59.0,-68.0,-75.0,-56.0,-85.0,-57.0,-100.0,-71.0,-71.0,-85.0,-100.0,-100.0,-74.0,-84.0,-100.0,-68.0,-100.0,-100.0,-75.0,-100.0,-76.0,-76.0,-75.0,-76.0,-52.0,-78.0,-81.0,-76.0,-52.0,-78.0,-79.0,-94.0,-86.0,-88.0,-83.0,-82.0,-82.0,-100.0,-100.0,-100.0,-100.0,-100.0,-100.0,-100.0,-100.0,-100.0,-100.0,-100.0,-100.0,-100.0,-100.0,-100.0,-100.0,-100.0,-100.0,-100.0,-100.0,-100.0,-100.0,-100.0,-100.0,-100.0,-100.0,-100.0,-100.0,-100.0,-100.0,-100.0,-100.0,-100.0,-100.0,-100.0,-100.0,-100.0,-100.0,-100.0,-100.0,-100.0,-100.0
2021.02.11 150114,45.0,23.0,8.150655589344261,-27.287212770491802,-41.565737245901644,-0.15456810306557375,0.373977873442623,10.01966718442623,0.0031644020660655733,-0.0013917011755737708,0.000874018041229508,-0.037310099442962694,0.01537544804922927,-2.8589279221706705,1017.6735871311474,-74.0,-77.0,-100.0,-100.0,-100.0,-65.0,-70.0,-85.0,-61.0,-86.0,-85.0,-89.0,-75.0,-85.0,-70.0,-54.0,-60.0,-78.0,-57.0,-68.0,-73.0,-73.0,-74.0,-100.0,-82.0,-100.0,-100.0,-80.0,-100.0,-81.0,-100.0,-53.0,-70.0,-75.0,-68.0,-81.0,-59.0,-89.0,-72.0,-77.0,-83.0,-100.0,-70.0,-56.0,-60.0,-77.0,-56.0,-68.0,-73.0,-100.0,-74.0,-100.0,-100.0,-100.0,-100.0,-100.0,-79.0,-100.0,-82.0,-100.0,-53.0,-70.0,-75.0,-68.0,-81.0,-60.0,-100.0,-73.0,-78.0,-82.0,-100.0,-100.0,-72.0,-82.0,-100.0,-63.0,-100.0,-100.0,-74.0,-86.0,-100.0,-82.0,-78.0,-74.0,-49.0,-76.0,-82.0,-75.0,-49.0,-76.0,-82.0,-100.0,-100.0,-100.0,-100.0,-85.0,-84.0,-86.0,-85.0,-89.0,-100.0,-100.0,-100.0,-100.0,-100.0,-100.0,-100.0,-100.0,-100.0,-100.0,-100.0,-100.0,-100.0,-100.0,-100.0,-100.0,-100.0,-100.0,-100.0,-100.0,-100.0,-100.0,-100.0,-100.0,-100.0,-100.0,-100.0,-100.0,-100.0,-100.0,-100.0,-100.0,-100.0,-100.0,-100.0,-100.0,-100.0,-100.0,-100.0
2021.02.11 150126,45.0,22.0,3.8905554962962956,-31.154444046296295,-38.35388845370371,-0.23763177476851852,0.1468266851574074,10.002260375,0.0005123122984259258,-0.0006303449729629633,0.003868722672592593,-0.014702151932632846,0.023853611078165013,-2.9871864605832985,1017.670426759259,-62.0,-71.0,-100.0,-86.0,-81.0,-67.0,-72.0,-76.0,-61.0,-100.0,-77.0,-100.0,-74.0,-85.0,-68.0,-51.0,-65.0,-78.0,-72.0,-60.0,-79.0,-72.0,-74.0,-100.0,-82.0,-100.0,-100.0,-78.0,-100.0,-83.0,-100.0,-63.0,-80.0,-79.0,-66.0,-86.0,-63.0,-100.0,-79.0,-74.0,-77.0,-100.0,-67.0,-52.0,-65.0,-81.0,-66.0,-60.0,-80.0,-72.0,-74.0,-100.0,-100.0,-83.0,-100.0,-100.0,-79.0,-100.0,-81.0,-100.0,-64.0,-80.0,-79.0,-65.0,-86.0,-63.0,-100.0,-78.0,-73.0,-78.0,-100.0,-100.0,-73.0,-100.0,-100.0,-66.0,-82.0,-100.0,-72.0,-88.0,-77.0,-74.0,-78.0,-77.0,-57.0,-77.0,-77.0,-77.0,-57.0,-77.0,-78.0,-100.0,-100.0,-100.0,-81.0,-100.0,-100.0,-100.0,-100.0,-100.0,-91.0,-88.0,-100.0,-100.0,-100.0,-100.0,-100.0,-100.0,-100.0,-100.0,-100.0,-100.0,-100.0,-100.0,-100.0,-100.0,-100.0,-100.0,-100.0,-100.0,-100.0,-100.0,-100.0,-100.0,-100.0,-100.0,-100.0,-100.0,-100.0,-100.0,-100.0,-100.0,-100.0,-100.0,-100.0,-100.0,-100.0,-100.0,-100.0
2021.02.11 150137,45.0,21.0,7.269026438053097,-29.907610185840706,-36.69504349557523,-0.19427527133805308,0.06901020411681415,10.01531503982301,0.003829725206371681,-0.00011303181079646038,-0.003305840425309734,-0.006897937607914348,0.01938579204882206,-2.9249513128162485,1017.6663891150442,-79.0,-77.0,-100.0,-100.0,-100.0,-65.0,-70.0,-73.0,-54.0,-100.0,-70.0,-100.0,-81.0,-100.0,-74.0,-59.0,-70.0,-84.0,-65.0,-76.0,-85.0,-72.0,-82.0,-100.0,-100.0,-100.0,-100.0,-100.0,-100.0,-100.0,-100.0,-60.0,-100.0,-81.0,-75.0,-84.0,-60.0,-91.0,-76.0,-71.0,-79.0,-92.0,-100.0,-59.0,-70.0,-84.0,-66.0,-76.0,-82.0,-69.0,-82.0,-100.0,-100.0,-100.0,-100.0,-100.0,-100.0,-100.0,-100.0,-100.0,-60.0,-100.0,-82.0,-76.0,-84.0,-60.0,-90.0,-77.0,-72.0,-80.0,-100.0,-100.0,-70.0,-84.0,-100.0,-69.0,-87.0,-100.0,-70.0,-100.0,-100.0,-76.0,-69.0,-84.0,-58.0,-78.0,-100.0,-84.0,-59.0,-78.0,-100.0,-100.0,-100.0,-100.0,-100.0,-100.0,-100.0,-100.0,-100.0,-91.0,-89.0,-100.0,-84.0,-100.0,-100.0,-100.0,-100.0,-100.0,-100.0,-100.0,-100.0,-100.0,-100.0,-100.0,-100.0,-100.0,-100.0,-100.0,-100.0,-100.0,-100.0,-100.0,-100.0,-100.0,-100.0,-100.0,-100.0,-100.0,-100.0,-100.0,-100.0,-100.0,-100.0,-100.0,-100.0,-100.0,-100.0,-100.0,-100.0
2021.02.11 150148,45.0,20.0,12.010526039473683,-32.40526272807018,-34.851578657894734,-0.18908470302982455,0.287018943431579,9.983138793859649,0.0012946483631578953,-0.005448500139649123,0.003377827829385965,-0.028774971276824927,0.018835251434530468,-2.795659851609615,1017.6645179824561,-80.0,-77.0,-100.0,-100.0,-83.0,-68.0,-72.0,-80.0,-52.0,-100.0,-85.0,-100.0,-87.0,-100.0,-72.0,-64.0,-72.0,-100.0,-69.0,-77.0,-100.0,-81.0,-84.0,-100.0,-100.0,-100.0,-100.0,-100.0,-100.0,-100.0,-100.0,-65.0,-87.0,-89.0,-73.0,-90.0,-62.0,-100.0,-69.0,-73.0,-100.0,-100.0,-100.0,-66.0,-72.0,-100.0,-69.0,-77.0,-100.0,-81.0,-85.0,-100.0,-100.0,-100.0,-100.0,-100.0,-100.0,-100.0,-100.0,-100.0,-65.0,-87.0,-89.0,-74.0,-88.0,-62.0,-100.0,-80.0,-74.0,-89.0,-100.0,-100.0,-65.0,-74.0,-100.0,-68.0,-80.0,-80.0,-56.0,-77.0,-100.0,-77.0,-69.0,-89.0,-61.0,-78.0,-100.0,-100.0,-61.0,-78.0,-100.0,-89.0,-100.0,-100.0,-100.0,-100.0,-100.0,-84.0,-100.0,-79.0,-100.0,-100.0,-100.0,-95.0,-86.0,-91.0,-100.0,-100.0,-100.0,-100.0,-100.0,-100.0,-100.0,-100.0,-100.0,-100.0,-100.0,-100.0,-100.0,-100.0,-100.0,-100.0,-100.0,-100.0,-100.0,-100.0,-100.0,-100.0,-100.0,-100.0,-100.0,-100.0,-100.0,-100.0,-100.0,-100.0,-100.0,-100.0,-100.0
2021.02.11 150159,45.0,19.0,16.018406769911504,-22.49893778761062,-33.41415882300885,-0.1670271526106195,0.2510174648672566,9.998978911504425,0.0013376109044247785,0.000773533870265486,-0.00022989074141592858,-0.025132297187944654,0.016665375276635554,-2.522592215411431,1017.6563511504426,-74.0,-77.0,-100.0,-100.0,-100.0,-68.0,-72.0,-100.0,-50.0,-100.0,-91.0,-100.0,-100.0,-100.0,-80.0,-73.0,-83.0,-100.0,-100.0,-81.0,-100.0,-82.0,-100.0,-100.0,-100.0,-100.0,-100.0,-100.0,-100.0,-100.0,-100.0,-61.0,-100.0,-92.0,-74.0,-100.0,-59.0,-100.0,-82.0,-80.0,-87.0,-100.0,-81.0,-74.0,-83.0,-88.0,-71.0,-80.0,-100.0,-100.0,-100.0,-100.0,-100.0,-100.0,-100.0,-100.0,-100.0,-100.0,-100.0,-100.0,-62.0,-89.0,-100.0,-75.0,-100.0,-59.0,-100.0,-82.0,-80.0,-87.0,-100.0,-100.0,-65.0,-77.0,-100.0,-70.0,-84.0,-76.0,-68.0,-84.0,-86.0,-79.0,-66.0,-100.0,-59.0,-77.0,-100.0,-100.0,-59.0,-77.0,-100.0,-91.0,-100.0,-100.0,-100.0,-100.0,-100.0,-100.0,-100.0,-100.0,-100.0,-100.0,-100.0,-100.0,-85.0,-100.0,-100.0,-100.0,-100.0,-100.0,-100.0,-100.0,-100.0,-100.0,-100.0,-100.0,-100.0,-100.0,-100.0,-100.0,-100.0,-100.0,-100.0,-100.0,-100.0,-100.0,-100.0,-100.0,-100.0,-100.0,-100.0,-100.0,-100.0,-100.0,-100.0,-100.0,-100.0,-100.0,-100.0
2021.02.11 150211,45.0,18.0,12.801428254464284,-19.2701783125,-31.530535276785717,-0.14872294489285712,0.032835768942857134,9.996567575892856,0.001795856771428572,0.006632164063571429,0.0016230254883928595,-0.003423830355917539,0.014958357385298549,-2.57196658211095,1017.65026625,-78.0,-80.0,-100.0,-100.0,-86.0,-69.0,-72.0,-85.0,-51.0,-100.0,-100.0,-100.0,-100.0,-100.0,-80.0,-72.0,-80.0,-100.0,-68.0,-82.0,-100.0,-80.0,-89.0,-100.0,-100.0,-100.0,-100.0,-100.0,-100.0,-100.0,-100.0,-59.0,-100.0,-90.0,-81.0,-100.0,-65.0,-100.0,-79.0,-80.0,-100.0,-90.0,-79.0,-73.0,-81.0,-100.0,-68.0,-82.0,-100.0,-80.0,-88.0,-100.0,-100.0,-100.0,-100.0,-100.0,-100.0,-100.0,-100.0,-100.0,-59.0,-100.0,-92.0,-100.0,-100.0,-65.0,-100.0,-79.0,-80.0,-100.0,-100.0,-100.0,-67.0,-85.0,-100.0,-70.0,-83.0,-100.0,-59.0,-100.0,-85.0,-78.0,-68.0,-100.0,-59.0,-75.0,-100.0,-100.0,-60.0,-75.0,-100.0,-100.0,-100.0,-100.0,-78.0,-100.0,-100.0,-100.0,-84.0,-100.0,-100.0,-100.0,-85.0,-100.0,-100.0,-100.0,-100.0,-100.0,-100.0,-100.0,-100.0,-100.0,-100.0,-100.0,-100.0,-100.0,-100.0,-100.0,-100.0,-100.0,-100.0,-100.0,-100.0,-100.0,-100.0,-100.0,-100.0,-100.0,-100.0,-100.0,-100.0,-100.0,-100.0,-100.0,-100.0,-100.0,-100.0,-100.0,-100.0
2021.02.11 150223,45.0,17.0,0.5957522073451327,-22.229734203539824,-32.08407037168141,-0.1617724624938053,0.33369410484070794,9.993618274336283,0.0007267459527433627,0.0008546223424778758,0.0014729633229203544,-0.0333724199728298,0.016213220945879386,0.4740039078535232,1017.6472981415931,-79.0,-76.0,-100.0,-100.0,-100.0,-67.0,0.0,-100.0,-52.0,-100.0,-100.0,-100.0,-100.0,-100.0,-75.0,-76.0,-85.0,-100.0,-63.0,-82.0,-100.0,-80.0,-100.0,-100.0,-100.0,-100.0,-100.0,-100.0,-100.0,-100.0,-100.0,-64.0,-100.0,-100.0,-83.0,-100.0,-100.0,-100.0,-81.0,-100.0,-100.0,-100.0,-76.0,-77.0,-84.0,-73.0,-64.0,-81.0,-100.0,-80.0,-100.0,-100.0,-100.0,-100.0,-100.0,-89.0,-100.0,-100.0,-100.0,-100.0,-63.0,-100.0,-100.0,-83.0,-100.0,-69.0,-100.0,-100.0,-100.0,-100.0,-100.0,-100.0,-74.0,-84.0,-100.0,-65.0,-78.0,-100.0,-59.0,-86.0,-83.0,-74.0,-61.0,-100.0,-57.0,-79.0,-100.0,-100.0,-56.0,-80.0,-100.0,-100.0,-100.0,-100.0,0.0,-100.0,-100.0,-76.0,-82.0,-100.0,-86.0,-100.0,-100.0,-100.0,-100.0,-100.0,-100.0,-100.0,-100.0,-100.0,-100.0,-100.0,-100.0,-100.0,-100.0,-100.0,-100.0,-100.0,-100.0,-100.0,-100.0,-100.0,-100.0,-100.0,-100.0,-100.0,-100.0,-100.0,-100.0,-100.0,-100.0,-100.0,-100.0,-100.0,-100.0,-100.0,-100.0,-100.0,-100.0
2021.02.11 150236,46.0,17.0,18.914237110169488,5.533220243220339,-34.2645758559322,-0.20738883790508475,0.22875469637966103,10.003970080508475,-0.0007749910988135586,0.0034975971322033905,-0.0036032559449152546,-0.02299869741484326,0.020635420157398433,-1.2341401152691598,1017.6473229661016,-82.0,-76.0,-100.0,-100.0,-100.0,-66.0,-100.0,-100.0,-47.0,-100.0,-82.0,-100.0,-100.0,-100.0,-100.0,-83.0,-84.0,-100.0,-70.0,-82.0,-100.0,-83.0,-100.0,-100.0,-100.0,-100.0,-89.0,-100.0,-100.0,-100.0,-100.0,-65.0,-100.0,-91.0,-79.0,-100.0,-65.0,-100.0,-85.0,-86.0,-100.0,-100.0,-100.0,-84.0,-83.0,-100.0,-70.0,-81.0,-100.0,-83.0,-100.0,-100.0,-100.0,-100.0,-100.0,-100.0,-100.0,-100.0,-100.0,-100.0,-65.0,-100.0,-91.0,-80.0,-100.0,-62.0,-100.0,-85.0,-87.0,-100.0,-100.0,-100.0,-68.0,-86.0,-100.0,-66.0,-81.0,-76.0,-62.0,-83.0,-85.0,-75.0,-59.0,-100.0,-58.0,-74.0,-100.0,-100.0,-60.0,-74.0,-100.0,-100.0,-100.0,-100.0,-72.0,-100.0,-100.0,-100.0,-83.0,-100.0,-89.0,-100.0,-100.0,-100.0,-100.0,-91.0,-93.0,-86.0,-87.0,-100.0,-100.0,-100.0,-100.0,-100.0,-100.0,-100.0,-100.0,-100.0,-100.0,-100.0,-100.0,-100.0,-100.0,-100.0,-100.0,-100.0,-100.0,-100.0,-100.0,-100.0,-100.0,-100.0,-100.0,-100.0,-100.0,-100.0,-100.0,-100.0,-100.0
2021.02.11 150255,47.0,17.0,-19.612363427272722,15.629999781818182,-29.456726927272722,-0.25551265446545457,0.22042564617272728,10.011311800000001,-0.002593844888909091,-0.0033499295947272715,-0.0024113625525454545,-0.02202433502216903,0.025489298286064138,0.8961535150354559,1017.640345,-74.0,-75.0,-100.0,-100.0,-87.0,-65.0,-80.0,-81.0,-64.0,-100.0,-100.0,-100.0,-100.0,-100.0,-100.0,-75.0,-78.0,-100.0,-62.0,-75.0,-100.0,-92.0,-88.0,-100.0,-100.0,-100.0,-92.0,-100.0,-100.0,-100.0,-100.0,-59.0,-100.0,-91.0,-81.0,-100.0,-60.0,-100.0,-78.0,-83.0,-100.0,-100.0,-100.0,-76.0,-78.0,-100.0,-63.0,-76.0,-100.0,-100.0,-88.0,-100.0,-100.0,-100.0,-100.0,-89.0,-100.0,-100.0,-100.0,-100.0,-59.0,-100.0,-89.0,-81.0,-100.0,-60.0,-100.0,-78.0,-83.0,-100.0,-100.0,-100.0,-70.0,-83.0,-100.0,-62.0,-86.0,-87.0,-68.0,-100.0,-86.0,-76.0,-73.0,-100.0,-61.0,-69.0,-100.0,-100.0,-61.0,-69.0,-100.0,-100.0,-100.0,-100.0,-77.0,-100.0,-100.0,-100.0,-100.0,-86.0,-100.0,-100.0,-100.0,-100.0,-88.0,-100.0,-100.0,-100.0,-100.0,-93.0,-100.0,-100.0,-100.0,-100.0,-100.0,-100.0,-100.0,-100.0,-100.0,-100.0,-100.0,-100.0,-100.0,-100.0,-100.0,-100.0,-100.0,-100.0,-100.0,-100.0,-100.0,-100.0,-100.0,-100.0,-100.0,-100.0,-100.0,-100.0,-100.0
2021.02.11 150307,47.0,18.0,-13.346956271739133,8.028695489855073,-30.284782202898555,-0.17747128328985506,0.2917892296202898,10.006073405797101,0.001849133417028985,-0.0018026457028985506,0.0013232049123188406,-0.029156477438147553,0.017708080979278833,0.9994290652482406,1017.6297728985509,-78.0,-73.0,-100.0,-100.0,-100.0,-67.0,-70.0,-80.0,-50.0,-100.0,-91.0,-100.0,-100.0,-100.0,-72.0,-75.0,-82.0,-100.0,-69.0,-81.0,-100.0,-81.0,-87.0,-100.0,-100.0,-100.0,-100.0,-100.0,-100.0,-100.0,-100.0,-63.0,-100.0,-88.0,-84.0,-100.0,-62.0,-100.0,-66.0,-80.0,-100.0,-100.0,-71.0,-75.0,-81.0,-100.0,-69.0,-81.0,-100.0,-100.0,-88.0,-100.0,-100.0,-100.0,-100.0,-100.0,-100.0,-100.0,-100.0,-100.0,-63.0,-88.0,-88.0,-83.0,-100.0,-63.0,-100.0,-73.0,-78.0,-100.0,-100.0,-100.0,-66.0,-85.0,-100.0,-64.0,-78.0,-100.0,-70.0,-100.0,-79.0,-81.0,-100.0,-100.0,-52.0,-79.0,-100.0,-100.0,-52.0,-79.0,-100.0,-100.0,-83.0,-100.0,-78.0,-100.0,-100.0,-100.0,-100.0,-100.0,-100.0,-100.0,-100.0,-100.0,-100.0,-100.0,-100.0,-100.0,-100.0,-100.0,-91.0,-88.0,-100.0,-100.0,-100.0,-100.0,-100.0,-100.0,-100.0,-100.0,-100.0,-100.0,-100.0,-100.0,-100.0,-100.0,-100.0,-100.0,-100.0,-100.0,-100.0,-100.0,-100.0,-100.0,-100.0,-100.0,-100.0,-100.0,-100.0
2021.02.11 150327,47.0,19.0,-5.077699062831858,10.055043955752213,-32.83380489380531,-0.2437922670318584,0.3285241669911505,10.013365765486727,0.0002672453819469027,0.00014645084690265473,-0.0025922634784955752,-0.03280593802641446,0.0242968264784853,0.4800783269173276,1017.6269012389381,-74.0,-75.0,-100.0,-100.0,-100.0,-67.0,-100.0,-100.0,-53.0,-100.0,-100.0,-100.0,-94.0,-100.0,-71.0,-77.0,-76.0,-100.0,-67.0,-73.0,-100.0,-100.0,-100.0,-100.0,-100.0,-100.0,-100.0,-100.0,-100.0,-100.0,-100.0,-60.0,-89.0,-89.0,-78.0,-100.0,-66.0,-100.0,-79.0,-89.0,-100.0,-100.0,-66.0,-77.0,-76.0,-100.0,-66.0,-73.0,-100.0,-100.0,-100.0,-100.0,-100.0,-100.0,-100.0,-100.0,-100.0,-100.0,-100.0,-100.0,-60.0,-90.0,-88.0,-77.0,-100.0,-62.0,-100.0,-79.0,-88.0,-100.0,-100.0,-100.0,-59.0,-82.0,-100.0,-65.0,-81.0,-82.0,-66.0,-82.0,-83.0,-74.0,-71.0,-100.0,-50.0,-78.0,-100.0,-100.0,-51.0,-78.0,-100.0,-100.0,-80.0,-100.0,-100.0,-100.0,-100.0,-100.0,-100.0,-100.0,-100.0,-100.0,-100.0,-100.0,-100.0,-100.0,-100.0,-100.0,-100.0,-100.0,-100.0,-100.0,-100.0,-100.0,-100.0,-100.0,-100.0,-100.0,-100.0,-100.0,-100.0,-100.0,-100.0,-100.0,-100.0,-100.0,-100.0,-100.0,-100.0,-100.0,-100.0,-100.0,-100.0,-100.0,-100.0,-100.0,-100.0,-100.0,-100.0
2021.02.11 150340,47.0,20.0,1.7282050975213676,17.901025384615384,-37.69794811111111,-0.15311080425641027,0.31017114009059826,10.005224243589746,0.0004444381956410253,0.0035687007205128206,-0.004615081694957264,-0.031084795160573258,0.015303244638161186,-0.06285791547046615,1017.6243896581198,-72.0,-74.0,-100.0,-100.0,-100.0,-63.0,-77.0,-88.0,-59.0,-100.0,-100.0,-100.0,-100.0,-100.0,-100.0,-71.0,-83.0,-85.0,-66.0,-73.0,-100.0,-76.0,-87.0,-100.0,-100.0,-100.0,-100.0,-100.0,-100.0,-100.0,-100.0,-63.0,-100.0,-90.0,-100.0,-100.0,-64.0,-100.0,-78.0,-80.0,-100.0,-100.0,-100.0,-71.0,-83.0,-100.0,-66.0,-74.0,-100.0,-78.0,-87.0,-100.0,-100.0,-100.0,-100.0,-100.0,-100.0,-100.0,-100.0,-100.0,-63.0,-100.0,-91.0,-73.0,-100.0,-61.0,-100.0,-78.0,-81.0,-100.0,-100.0,-100.0,-62.0,-80.0,-100.0,-69.0,-100.0,-85.0,-74.0,-100.0,-84.0,-100.0,-71.0,-100.0,-54.0,-76.0,-100.0,-100.0,-54.0,-77.0,-100.0,-94.0,-100.0,-100.0,-80.0,-100.0,-100.0,-89.0,-85.0,-100.0,-100.0,-100.0,-100.0,-100.0,-100.0,-100.0,-100.0,-100.0,-100.0,-92.0,-100.0,-100.0,-100.0,-100.0,-100.0,-100.0,-100.0,-100.0,-100.0,-100.0,-100.0,-100.0,-100.0,-100.0,-100.0,-100.0,-100.0,-100.0,-100.0,-100.0,-100.0,-100.0,-100.0,-100.0,-100.0,-100.0,-100.0,-100.0,-100.0
2021.02.11 150352,47.0,21.0,-9.266315604385962,24.17157864912281,-40.27842043859649,-0.27191820886842105,0.1709596227140351,9.998302644736842,-0.00084337964991228,-0.0020512317070175436,-0.008250045966403509,-0.01708375340387397,0.02724554530128408,0.39334601908922195,1017.6216708771929,-74.0,-71.0,-100.0,-100.0,-100.0,-68.0,-69.0,-80.0,-56.0,-100.0,-87.0,-100.0,-91.0,-100.0,-75.0,-69.0,-81.0,-100.0,-67.0,-74.0,-84.0,-83.0,-87.0,-100.0,-100.0,-100.0,-100.0,-100.0,-100.0,-100.0,-100.0,-61.0,-100.0,-84.0,-78.0,-100.0,-61.0,-100.0,-74.0,-77.0,-87.0,-100.0,-75.0,-69.0,-81.0,-79.0,-66.0,-74.0,-84.0,-82.0,-85.0,-100.0,-100.0,-100.0,-100.0,-100.0,-88.0,-100.0,-100.0,-100.0,-62.0,-85.0,-84.0,-78.0,-100.0,-61.0,-100.0,-73.0,-78.0,-88.0,-100.0,-100.0,-74.0,-81.0,-100.0,-65.0,-77.0,-83.0,-77.0,-78.0,-88.0,-76.0,-72.0,-100.0,-57.0,-77.0,-84.0,-100.0,-57.0,-77.0,-85.0,-100.0,-100.0,-100.0,-81.0,-100.0,-100.0,-100.0,-100.0,-100.0,-100.0,-100.0,-100.0,-100.0,-100.0,-100.0,-100.0,-100.0,-100.0,-100.0,-100.0,-100.0,-94.0,-100.0,-100.0,-100.0,-100.0,-100.0,-100.0,-100.0,-100.0,-100.0,-100.0,-100.0,-100.0,-100.0,-100.0,-100.0,-100.0,-100.0,-100.0,-100.0,-100.0,-100.0,-100.0,-100.0,-100.0,-100.0,-100.0
2021.02.11 150419,48.0,21.0,28.901128532258063,7.418709554838709,-38.0196768548387,-0.11791803473225805,0.4390597987338711,10.000422475806452,0.0014203997730645173,0.001705831406129032,0.0009377371298387098,-0.04389841750925102,0.01180703877311783,-1.2607470568149322,1017.6058836290322,-72.0,-75.0,-100.0,-100.0,-100.0,-64.0,-72.0,-75.0,-56.0,-100.0,-100.0,-100.0,-100.0,-86.0,-65.0,-60.0,-71.0,-72.0,-58.0,-62.0,-82.0,-60.0,-79.0,-100.0,-100.0,-100.0,-100.0,-100.0,-100.0,-100.0,-100.0,-59.0,-79.0,-84.0,-59.0,-86.0,-62.0,-100.0,-71.0,-73.0,-83.0,-100.0,-64.0,-60.0,-71.0,-72.0,-58.0,-62.0,-81.0,-74.0,-80.0,-100.0,-100.0,-88.0,-100.0,-100.0,-100.0,-100.0,-100.0,-100.0,-59.0,-100.0,-83.0,-63.0,-85.0,-62.0,-100.0,-70.0,-72.0,-82.0,-100.0,-100.0,-72.0,-80.0,-100.0,-61.0,-82.0,-70.0,-71.0,-87.0,-77.0,-73.0,-100.0,-83.0,-54.0,-74.0,-79.0,-83.0,-54.0,-73.0,-79.0,-100.0,-68.0,-100.0,-100.0,-100.0,-100.0,-84.0,-100.0,-100.0,-87.0,-100.0,-100.0,-100.0,-100.0,-100.0,-100.0,-100.0,-100.0,-100.0,-100.0,-100.0,-100.0,-100.0,-100.0,-100.0,-100.0,-100.0,-100.0,-100.0,-100.0,-100.0,-100.0,-100.0,-100.0,-100.0,-100.0,-100.0,-100.0,-100.0,-100.0,-100.0,-100.0,-100.0,-100.0,-100.0,-100.0,-100.0,-100.0
2021.02.11 150432,49.0,21.0,24.65624970535714,2.6716071026785713,-36.75803514285714,-0.21206433955357143,0.38094622494642855,10.000800330357142,0.003944793346339285,0.0012761845298214288,0.0031774591470535704,-0.03809791723532331,0.021159173771073726,-1.3998426411833083,1017.599897857143,-76.0,-75.0,-86.0,-100.0,-81.0,-63.0,-68.0,-71.0,-66.0,-88.0,-85.0,-100.0,-81.0,-100.0,-100.0,-66.0,-76.0,-84.0,-65.0,-69.0,-77.0,-70.0,-84.0,-100.0,-100.0,-100.0,-100.0,-100.0,-100.0,-100.0,-100.0,-59.0,-84.0,-80.0,-72.0,-87.0,-62.0,-100.0,-71.0,-69.0,-78.0,-100.0,-100.0,-100.0,-76.0,-83.0,-64.0,-69.0,-79.0,-65.0,-85.0,-100.0,-100.0,-100.0,-100.0,-100.0,-100.0,-100.0,-86.0,-100.0,-59.0,-83.0,-80.0,-73.0,-86.0,-62.0,-100.0,-71.0,-70.0,-78.0,-100.0,-100.0,-100.0,-76.0,-100.0,-66.0,-100.0,-100.0,-60.0,-90.0,-72.0,-65.0,-86.0,-100.0,-59.0,-64.0,-87.0,-100.0,-59.0,-64.0,-86.0,-100.0,-76.0,-100.0,-70.0,-100.0,-100.0,-100.0,-63.0,-100.0,-100.0,-89.0,-79.0,-100.0,-100.0,-100.0,-100.0,-100.0,-100.0,-100.0,-100.0,-82.0,-94.0,-77.0,-92.0,-88.0,-100.0,-100.0,-100.0,-100.0,-100.0,-100.0,-100.0,-100.0,-100.0,-100.0,-100.0,-100.0,-100.0,-100.0,-100.0,-100.0,-100.0,-100.0,-100.0,-100.0,-100.0,-100.0,-100.0
2021.02.11 150445,50.0,21.0,25.592347539130444,-1.891304313217391,-33.22695633913044,-0.18492129363130436,0.5039219779130435,10.002010082608697,-0.005403342250956522,-0.0036423235723478256,-0.008162912324,-0.05038052896118677,0.01843674334940375,-1.5767360158588575,1017.5923760869565,-75.0,-76.0,-100.0,-100.0,-74.0,-58.0,-64.0,-78.0,-68.0,-85.0,-85.0,-100.0,-92.0,-100.0,-60.0,-62.0,-79.0,-83.0,-64.0,-75.0,-82.0,-76.0,-81.0,-100.0,-100.0,-100.0,-100.0,-100.0,-100.0,-100.0,-100.0,-58.0,-100.0,-84.0,-72.0,-87.0,-56.0,-100.0,-76.0,-75.0,-83.0,-100.0,-69.0,-59.0,-79.0,-83.0,-63.0,-75.0,-81.0,-76.0,-81.0,-100.0,-100.0,-100.0,-100.0,-100.0,-100.0,-100.0,-100.0,-100.0,-59.0,-100.0,-83.0,-72.0,-87.0,-56.0,-100.0,-76.0,-75.0,-83.0,-100.0,-100.0,-76.0,-76.0,-100.0,-64.0,-88.0,-81.0,-61.0,-100.0,-73.0,-68.0,-82.0,-84.0,-57.0,-66.0,-100.0,-86.0,-57.0,-66.0,-100.0,-100.0,-100.0,-100.0,-73.0,-100.0,-100.0,-100.0,-66.0,-100.0,-100.0,-100.0,-100.0,-100.0,-100.0,-100.0,-100.0,-100.0,-100.0,-88.0,-100.0,-100.0,-100.0,-83.0,-100.0,-90.0,-100.0,-100.0,-100.0,-100.0,-100.0,-100.0,-100.0,-100.0,-100.0,-100.0,-100.0,-100.0,-100.0,-100.0,-100.0,-100.0,-100.0,-100.0,-100.0,-100.0,-100.0,-100.0,-100.0
2021.02.11 150504,50.0,22.0,-5.124406711016949,21.706270966101695,-42.08694867796609,-0.15047408355423728,0.2575671546101695,10.001352567796609,0.005090350490593221,0.0026589517320339006,0.002303500443220342,-0.02597266808053539,0.014923674479655704,0.24544798507023666,1017.593666016949,-77.0,-79.0,-89.0,-100.0,-100.0,-60.0,-63.0,-68.0,-66.0,-82.0,-85.0,-100.0,-100.0,-100.0,-66.0,-63.0,-76.0,-83.0,-68.0,-70.0,-82.0,-76.0,-76.0,-100.0,-100.0,-100.0,-100.0,-100.0,-100.0,-100.0,-100.0,-60.0,-100.0,-78.0,-100.0,-100.0,-56.0,-100.0,-75.0,-70.0,-82.0,-100.0,-70.0,-63.0,-76.0,-83.0,-70.0,-70.0,-81.0,-77.0,-76.0,-100.0,-100.0,-100.0,-100.0,-100.0,-80.0,-100.0,-100.0,-100.0,-60.0,-100.0,-78.0,-100.0,-100.0,-55.0,-100.0,-73.0,-69.0,-82.0,-100.0,-100.0,-78.0,-83.0,-100.0,-67.0,-100.0,-100.0,-61.0,-100.0,-71.0,-69.0,-100.0,-100.0,-53.0,-63.0,-86.0,-100.0,-52.0,-63.0,-85.0,-100.0,-87.0,-86.0,-77.0,-90.0,-100.0,-100.0,-77.0,-100.0,-100.0,-88.0,-100.0,-100.0,-100.0,-100.0,-100.0,-100.0,-100.0,-100.0,-100.0,-100.0,-100.0,-82.0,-100.0,-100.0,-100.0,-100.0,-100.0,-100.0,-100.0,-100.0,-100.0,-100.0,-100.0,-100.0,-100.0,-100.0,-100.0,-100.0,-100.0,-100.0,-100.0,-100.0,-100.0,-100.0,-100.0,-100.0,-100.0
2021.02.11 150516,50.0,23.0,-4.724999920535715,26.36892825,-43.685892419642855,-0.2910754088732143,0.21311183478571433,10.008325272321429,-0.002976527913392858,-0.004799742899107143,-0.0028002934947321434,-0.0213360020484937,0.029090335794535304,0.21485762504328573,1017.5813000892857,-76.0,-69.0,-89.0,-100.0,-81.0,-61.0,-65.0,-81.0,-69.0,-100.0,-82.0,-100.0,-87.0,-100.0,-69.0,-63.0,-70.0,-78.0,-65.0,-63.0,-79.0,-66.0,-67.0,-100.0,-100.0,-100.0,-100.0,-100.0,-100.0,-100.0,-100.0,-49.0,-72.0,-77.0,-65.0,-87.0,-55.0,-100.0,-72.0,-71.0,-83.0,-100.0,-69.0,-63.0,-70.0,-77.0,-63.0,-63.0,-77.0,-64.0,-67.0,-100.0,-100.0,-100.0,-100.0,-100.0,-100.0,-100.0,-100.0,-100.0,-49.0,-72.0,-78.0,-64.0,-87.0,-56.0,-100.0,-64.0,-71.0,-84.0,-100.0,-100.0,-76.0,-79.0,-100.0,-57.0,-87.0,-100.0,-72.0,-87.0,-73.0,-68.0,-80.0,-75.0,-49.0,-68.0,-79.0,-75.0,-50.0,-68.0,-79.0,-100.0,-83.0,-89.0,-100.0,-86.0,-86.0,-84.0,-84.0,-100.0,-100.0,-89.0,-100.0,-100.0,-100.0,-100.0,-100.0,-100.0,-100.0,-87.0,-100.0,-100.0,-100.0,-100.0,-100.0,-100.0,-86.0,-86.0,-100.0,-100.0,-100.0,-100.0,-100.0,-100.0,-100.0,-100.0,-100.0,-100.0,-100.0,-100.0,-100.0,-100.0,-100.0,-100.0,-100.0,-100.0,-100.0,-100.0,-100.0
2021.02.11 150614,50.0,24.0,32.267102532710275,-1.5392523106542053,-45.68467228037383,-0.21915446196822433,0.4403004253271028,9.991286364485982,0.0029995423926168227,0.003993168910467289,-0.0013297110486915882,-0.044047428503911024,0.02204870707605674,-1.5537228105224181,1017.5489389719625,-73.0,-77.0,-100.0,-90.0,-100.0,-60.0,-63.0,-74.0,-55.0,-82.0,-77.0,-91.0,-76.0,-81.0,-100.0,-50.0,-53.0,-81.0,-55.0,-61.0,-77.0,-56.0,-63.0,-100.0,-83.0,-100.0,-100.0,-80.0,-100.0,-69.0,-89.0,-54.0,-71.0,-62.0,-64.0,-84.0,-58.0,-100.0,-69.0,-60.0,-73.0,-100.0,-100.0,-49.0,-53.0,-81.0,-56.0,-61.0,-76.0,-56.0,-63.0,-100.0,-100.0,-82.0,-100.0,-100.0,-80.0,-100.0,-79.0,-90.0,-54.0,-73.0,-62.0,-64.0,-84.0,-58.0,-100.0,-61.0,-59.0,-73.0,-100.0,-100.0,-76.0,-84.0,-100.0,-55.0,-86.0,-100.0,-71.0,-89.0,-74.0,-76.0,-77.0,-84.0,-48.0,-77.0,-80.0,-84.0,-48.0,-76.0,-81.0,-100.0,-100.0,-100.0,-100.0,-78.0,-78.0,-100.0,-86.0,-100.0,-100.0,-100.0,-84.0,-93.0,-100.0,-100.0,-87.0,-100.0,-100.0,-100.0,-100.0,-100.0,-100.0,-84.0,-100.0,-100.0,-100.0,-100.0,-88.0,-100.0,-100.0,-100.0,-100.0,-100.0,-100.0,-100.0,-100.0,-100.0,-100.0,-100.0,-100.0,-100.0,-100.0,-100.0,-100.0,-100.0,-100.0,-100.0,-100.0
2021.02.11 150625,51.0,24.0,34.15061917699115,-2.633628279646018,-43.360353486725664,-0.24493643102654866,0.4026407486725664,10.005949853982301,0.002310670632035398,-0.0007022733794690264,0.0029433649989380525,-0.04023330568014516,0.024467690637648323,-1.59621720081937,1017.5446050442478,-82.0,-100.0,-79.0,-90.0,-100.0,-58.0,0.0,-72.0,-65.0,-100.0,-79.0,-87.0,0.0,-84.0,-70.0,-45.0,-54.0,-100.0,-67.0,-74.0,-80.0,-70.0,-77.0,-100.0,-77.0,-100.0,-100.0,-100.0,-100.0,-79.0,-100.0,-59.0,-74.0,-77.0,-59.0,-79.0,-60.0,-100.0,-81.0,-58.0,-74.0,-100.0,-71.0,-45.0,-54.0,-100.0,-100.0,-74.0,-100.0,-69.0,-77.0,-100.0,-100.0,-75.0,-100.0,-100.0,-100.0,-100.0,-80.0,-100.0,-59.0,-74.0,-78.0,-59.0,-79.0,-60.0,-100.0,-79.0,-59.0,-75.0,-100.0,-100.0,-76.0,-79.0,-100.0,-59.0,-100.0,-100.0,-70.0,-100.0,-73.0,-72.0,-100.0,-85.0,-46.0,-75.0,-100.0,-84.0,-46.0,-76.0,-100.0,-100.0,-100.0,-100.0,-100.0,-100.0,-100.0,-100.0,-83.0,-100.0,-100.0,-100.0,-100.0,-100.0,-100.0,-100.0,-100.0,-100.0,-100.0,-100.0,-100.0,-88.0,-100.0,-82.0,-100.0,-100.0,-100.0,-100.0,-100.0,-100.0,-100.0,-100.0,-100.0,-100.0,-100.0,-100.0,-100.0,-100.0,-100.0,-100.0,-100.0,-100.0,-100.0,-100.0,-100.0,-100.0,-100.0,-100.0,-100.0
2021.02.11 150637,52.0,24.0,27.848035285714282,-0.6889285587499999,-39.69964216071428,-0.21441585993749998,0.1763426145892857,10.003921441964284,0.0033666528997321437,-0.003659824492857143,-0.001125868347857143,-0.01760738274398521,0.021445657901946674,-1.569301259304796,1017.5357316964286,-84.0,-100.0,-82.0,-100.0,-78.0,-58.0,-56.0,-72.0,-63.0,-82.0,-76.0,-89.0,-74.0,-78.0,-100.0,-48.0,-52.0,-84.0,-67.0,-70.0,-100.0,-69.0,-75.0,-100.0,-75.0,-100.0,-100.0,-77.0,-100.0,-74.0,-100.0,-55.0,-66.0,-74.0,-58.0,-79.0,-63.0,-100.0,-80.0,-58.0,-70.0,-100.0,-71.0,-48.0,-52.0,-84.0,-67.0,-70.0,-100.0,-72.0,-75.0,-100.0,-100.0,-74.0,-100.0,-100.0,-76.0,-100.0,-100.0,-100.0,-55.0,-69.0,-74.0,-58.0,-78.0,-64.0,-100.0,-80.0,-60.0,-70.0,-100.0,-100.0,-75.0,-83.0,-100.0,-63.0,-100.0,-100.0,-69.0,-100.0,-62.0,-71.0,-84.0,-86.0,-56.0,-76.0,-88.0,-86.0,-55.0,-76.0,-86.0,-100.0,-100.0,-100.0,-100.0,-100.0,-86.0,-100.0,-81.0,-100.0,-100.0,-100.0,-100.0,-100.0,-100.0,-100.0,-100.0,-100.0,-100.0,-100.0,-100.0,-82.0,-100.0,-83.0,-100.0,-91.0,-100.0,-100.0,-100.0,-89.0,-100.0,-100.0,-100.0,-100.0,-100.0,-100.0,-100.0,-100.0,-100.0,-100.0,-100.0,-100.0,-100.0,-100.0,-100.0,-100.0,-100.0,-100.0,-100.0
2021.02.11 150648,53.0,24.0,24.458035366071424,-1.549821391875,-36.35089247321429,-0.2775221034285714,0.2262589693357143,9.996054638392858,0.0010540917420535719,-0.0012981758076785715,-0.002663939498839285,-0.022642402190285744,0.02780099767343403,-1.5997146559613091,1017.5306332142857,-87.0,-85.0,-76.0,-83.0,-79.0,-52.0,-68.0,-67.0,-68.0,-81.0,-69.0,-89.0,-79.0,-79.0,-71.0,-48.0,-51.0,-100.0,-76.0,-77.0,-78.0,-68.0,-75.0,-100.0,-76.0,-87.0,-100.0,-70.0,-100.0,-76.0,-92.0,-68.0,-71.0,-74.0,-58.0,-73.0,-61.0,-100.0,-81.0,-59.0,-69.0,-100.0,-71.0,-48.0,-51.0,-100.0,-73.0,-77.0,-79.0,-71.0,-75.0,-100.0,-100.0,-76.0,-100.0,-100.0,-71.0,-100.0,-78.0,-91.0,-68.0,-100.0,-74.0,-57.0,-72.0,-63.0,-100.0,-80.0,-59.0,-69.0,-100.0,-100.0,-100.0,-100.0,-100.0,-70.0,-100.0,-100.0,-68.0,-100.0,-65.0,-74.0,-100.0,-100.0,-63.0,-78.0,-100.0,-100.0,-63.0,-79.0,-100.0,-100.0,-100.0,-100.0,-100.0,-87.0,-86.0,-100.0,-77.0,-84.0,-100.0,-100.0,-100.0,-82.0,-100.0,-100.0,-100.0,-100.0,-100.0,-100.0,-100.0,-100.0,-100.0,-77.0,-100.0,-91.0,-100.0,-100.0,-100.0,-87.0,-100.0,-100.0,-100.0,-100.0,-100.0,-100.0,-100.0,-100.0,-100.0,-100.0,-100.0,-100.0,-100.0,-100.0,-100.0,-100.0,-100.0,-100.0,-100.0
2021.02.11 150702,54.0,24.0,23.432920097345132,0.15663716637168143,-34.87592871681416,-0.1624504871699115,0.1342277071858407,9.997326305309732,0.00026183964398230117,0.0004221512143362835,0.002056799367522124,-0.01343004171096765,0.016267540475736794,-1.5415148165373675,1017.5210264601768,-86.0,-86.0,-80.0,-84.0,-100.0,-55.0,-59.0,-66.0,-72.0,-76.0,-72.0,-86.0,-70.0,-80.0,-80.0,-47.0,-55.0,-84.0,-66.0,-76.0,-100.0,-69.0,-77.0,-100.0,-73.0,-86.0,-100.0,-80.0,-100.0,-80.0,-100.0,-73.0,-71.0,-75.0,-57.0,-76.0,-70.0,-100.0,-84.0,-54.0,-68.0,-100.0,-79.0,-47.0,-55.0,-84.0,-73.0,-76.0,-100.0,-70.0,-77.0,-100.0,-100.0,-73.0,-85.0,-100.0,-76.0,-100.0,-78.0,-100.0,-73.0,-71.0,-75.0,-58.0,-76.0,-70.0,-89.0,-83.0,-54.0,-68.0,-100.0,-100.0,-85.0,-100.0,-100.0,-78.0,-100.0,-100.0,-65.0,-100.0,-67.0,-71.0,-100.0,-100.0,-65.0,-85.0,-100.0,-100.0,-68.0,-87.0,-100.0,-100.0,-100.0,-100.0,-100.0,-100.0,-100.0,-100.0,-83.0,-88.0,-100.0,-100.0,-75.0,-81.0,-100.0,-100.0,-100.0,-100.0,-100.0,-100.0,-100.0,-100.0,-100.0,-78.0,-100.0,-89.0,-100.0,-100.0,-100.0,-88.0,-92.0,-100.0,-100.0,-100.0,-100.0,-100.0,-100.0,-100.0,-100.0,-100.0,-100.0,-100.0,-100.0,-100.0,-100.0,-100.0,-100.0,-100.0,-100.0
2021.02.11 150715,55.0,24.0,24.17999972972973,0.5697297197297299,-37.27081025225225,-0.1215471948036036,0.03785542561621621,10.003625247747742,0.005300175181531533,0.0008908560418018016,-0.0035899174930630624,-0.003781505184251644,0.012190012561093333,-1.539641607989062,1017.5192909009007,-89.0,-89.0,-70.0,-86.0,-72.0,-52.0,-55.0,-64.0,-63.0,-72.0,-68.0,-100.0,-69.0,-81.0,-78.0,-46.0,-56.0,-100.0,-70.0,-76.0,-83.0,-66.0,-77.0,-100.0,-100.0,-100.0,-100.0,-69.0,-100.0,-75.0,-100.0,-79.0,-100.0,-77.0,-66.0,-74.0,-100.0,-100.0,-100.0,-51.0,-68.0,-100.0,-100.0,-45.0,-57.0,-100.0,-70.0,-76.0,-83.0,-69.0,-77.0,-84.0,-100.0,-100.0,-100.0,-100.0,-76.0,-100.0,-75.0,-100.0,-80.0,-100.0,-77.0,-65.0,-74.0,-100.0,-100.0,-100.0,-51.0,-68.0,-100.0,-100.0,-100.0,-89.0,-100.0,-78.0,-100.0,-100.0,-70.0,-100.0,-66.0,-70.0,-100.0,-87.0,-72.0,-86.0,-100.0,-86.0,-72.0,-87.0,-100.0,-100.0,-100.0,-100.0,-100.0,-100.0,-100.0,-100.0,-79.0,-85.0,-100.0,-100.0,-80.0,-86.0,-100.0,-100.0,-100.0,-100.0,-100.0,-100.0,-100.0,-100.0,-100.0,-81.0,-100.0,-100.0,-100.0,-100.0,-100.0,-87.0,-100.0,-100.0,-100.0,-100.0,-100.0,-100.0,-100.0,-100.0,-100.0,-100.0,-100.0,-100.0,-100.0,-100.0,-100.0,-100.0,-100.0,-100.0,-100.0
2021.02.11 150728,56.0,24.0,22.663008557522122,1.167610601061947,-37.69592862831858,-0.2115649008265487,0.2844525588849558,10.00099178318584,0.003721607366017699,0.0006708222014159298,-0.006187178243362832,-0.02853135698252412,0.02117591417101991,-1.4660239230215022,1017.5070823008851,-89.0,-100.0,-75.0,-82.0,-68.0,-57.0,-55.0,-65.0,-81.0,-75.0,-74.0,-100.0,-71.0,-73.0,-77.0,-43.0,-51.0,-100.0,-71.0,-77.0,-80.0,-64.0,-76.0,-100.0,-77.0,-100.0,-100.0,-69.0,-100.0,-71.0,-89.0,-82.0,-74.0,-73.0,-56.0,-71.0,-77.0,-90.0,-100.0,-54.0,-62.0,-100.0,-77.0,-43.0,-51.0,-100.0,-72.0,-77.0,-80.0,-66.0,-76.0,-100.0,-100.0,-78.0,-100.0,-100.0,-69.0,-100.0,-71.0,-89.0,-82.0,-73.0,-72.0,-55.0,-71.0,-76.0,-89.0,-80.0,-55.0,-62.0,-100.0,-100.0,-100.0,-100.0,-100.0,-82.0,-100.0,-100.0,-67.0,-100.0,-66.0,-76.0,-100.0,-100.0,-73.0,-87.0,-100.0,-100.0,-73.0,-87.0,-100.0,-100.0,-100.0,-100.0,-100.0,-80.0,-85.0,-100.0,-100.0,-100.0,-100.0,-100.0,-72.0,-100.0,-82.0,-100.0,-100.0,-100.0,-100.0,-100.0,-100.0,-91.0,-100.0,-86.0,-100.0,-100.0,-100.0,-100.0,-100.0,-83.0,-100.0,-100.0,-100.0,-100.0,-100.0,-100.0,-100.0,-100.0,-100.0,-100.0,-100.0,-100.0,-100.0,-100.0,-100.0,-100.0,-100.0,-100.0,-100.0
2021.02.11 150739,57.0,24.0,24.25894704385965,0.31052630605263165,-38.00473627192982,-0.2750055624824561,0.062083125728070176,10.00544348245614,0.00349697854482456,-8.4674509122807e-05,0.006512530907807018,-0.006247890830043858,0.027488961331280752,-1.5468502086505556,1017.5054242982454,-100.0,-100.0,-73.0,-80.0,-69.0,-53.0,-59.0,-62.0,-100.0,-72.0,-68.0,-84.0,-68.0,-73.0,-100.0,-40.0,-47.0,-80.0,-62.0,-75.0,-100.0,-71.0,-76.0,-100.0,-100.0,-85.0,-100.0,-71.0,-88.0,-72.0,-90.0,-82.0,-100.0,-75.0,-53.0,-63.0,-76.0,-100.0,-84.0,-55.0,-67.0,-100.0,-100.0,-41.0,-47.0,-100.0,-62.0,-75.0,-100.0,-100.0,-76.0,-100.0,-100.0,-100.0,-85.0,-100.0,-72.0,-88.0,-72.0,-90.0,-81.0,-77.0,-74.0,-53.0,-63.0,-77.0,-100.0,-84.0,-54.0,-67.0,-87.0,-100.0,-100.0,-100.0,-100.0,-85.0,-100.0,-100.0,-76.0,-100.0,-63.0,-75.0,-100.0,-100.0,-78.0,-90.0,-100.0,-100.0,-78.0,-90.0,-100.0,-100.0,-100.0,-100.0,-100.0,-100.0,-100.0,-100.0,-86.0,-100.0,-100.0,-100.0,-69.0,-90.0,-100.0,-100.0,-100.0,-100.0,-100.0,-100.0,-100.0,-90.0,-100.0,-100.0,-100.0,-86.0,-100.0,-100.0,-100.0,-79.0,-100.0,-100.0,-100.0,-100.0,-100.0,-100.0,-100.0,-100.0,-100.0,-100.0,-100.0,-100.0,-100.0,-100.0,-100.0,-100.0,-100.0,-100.0,-100.0
2021.02.11 150750,58.0,24.0,26.916841701754386,-0.23315789175438595,-36.302104798245615,-0.17585318431578945,0.07445354545614034,10.006577535087718,-2.3534412456140397e-05,-0.002201268969122807,-0.003743575202280703,-0.007452647910931267,0.017607419788347217,-1.568137239991573,1017.4952176315791,-100.0,-89.0,-67.0,-83.0,-67.0,-54.0,-56.0,-61.0,-100.0,-73.0,-72.0,-84.0,0.0,-70.0,-78.0,-44.0,-45.0,-100.0,-70.0,-78.0,-100.0,-67.0,-77.0,-100.0,-100.0,-85.0,-100.0,-73.0,-100.0,-68.0,-91.0,-85.0,-75.0,-76.0,-55.0,-68.0,-100.0,-100.0,-83.0,-57.0,-70.0,-100.0,-100.0,-44.0,-45.0,-100.0,-71.0,-77.0,-100.0,-73.0,-77.0,-100.0,-100.0,-100.0,-85.0,-100.0,-70.0,-100.0,-68.0,-90.0,-84.0,-74.0,-74.0,-54.0,-68.0,-100.0,-100.0,-84.0,-57.0,-69.0,-100.0,-100.0,-100.0,-100.0,-100.0,-100.0,-100.0,-100.0,-75.0,-100.0,-64.0,-75.0,-100.0,-100.0,-83.0,-100.0,-100.0,-100.0,-82.0,-100.0,-100.0,-100.0,-100.0,-100.0,-100.0,-100.0,-100.0,-100.0,-81.0,-88.0,-100.0,-100.0,-80.0,-100.0,-100.0,-100.0,-100.0,-100.0,-100.0,-100.0,-100.0,-100.0,-100.0,-88.0,-100.0,-87.0,-100.0,-100.0,-100.0,-80.0,-100.0,-100.0,-100.0,-100.0,-100.0,-100.0,-100.0,-100.0,-100.0,-100.0,-100.0,-100.0,-100.0,-100.0,-100.0,-100.0,-100.0,-100.0,-100.0
2021.02.11 150802,59.0,24.0,26.045356821428573,1.4458928375,-31.98857100892857,-0.20428294663392857,-0.02595222902142857,10.000159075892856,0.0005359470183035718,0.0012598222626785708,-0.0026584854385714287,0.002618316394286259,0.02044852245613017,-1.51633205051933,1017.4963000892858,-91.0,-100.0,-68.0,-74.0,-65.0,-59.0,-59.0,-55.0,-81.0,-72.0,0.0,-80.0,-64.0,-70.0,-77.0,-43.0,-47.0,-80.0,-71.0,-75.0,-81.0,-65.0,-80.0,-100.0,-73.0,-100.0,-100.0,-72.0,-85.0,-68.0,-89.0,-82.0,-72.0,-75.0,-49.0,-64.0,-76.0,-100.0,-83.0,0.0,-72.0,-100.0,-76.0,-43.0,-47.0,-83.0,-71.0,-76.0,-77.0,-65.0,-81.0,-100.0,-100.0,-100.0,-100.0,-100.0,-71.0,-86.0,-72.0,-89.0,-83.0,-72.0,-76.0,-48.0,-64.0,-77.0,-100.0,-83.0,0.0,-72.0,-100.0,-100.0,-100.0,-100.0,-100.0,-86.0,-100.0,-100.0,-71.0,-100.0,-66.0,-75.0,-100.0,-100.0,-82.0,-100.0,-100.0,-100.0,-81.0,-100.0,-100.0,-100.0,-100.0,-100.0,-100.0,-83.0,-83.0,-100.0,-82.0,-88.0,-100.0,-100.0,-77.0,-100.0,-100.0,-100.0,-100.0,-100.0,-100.0,-100.0,-100.0,-100.0,-100.0,-100.0,-100.0,-100.0,-100.0,-100.0,-100.0,-71.0,-100.0,-91.0,-100.0,-100.0,-100.0,-100.0,-100.0,-100.0,-100.0,-100.0,-100.0,-100.0,-100.0,-100.0,-100.0,-100.0,-100.0,-100.0,-100.0
2021.02.11 150813,60.0,24.0,23.197499696428572,2.8601785276785714,-28.854106794642856,-0.18224279358035717,0.010004648678571435,10.026431973214285,0.005657397280625001,-0.0008345725910714284,0.0011485141754464284,-0.0010408476451370305,0.01814279426045164,-1.442096890083381,1017.4842771428572,-100.0,-90.0,-68.0,-81.0,-61.0,-60.0,-55.0,-53.0,-78.0,-69.0,-72.0,-78.0,-56.0,-68.0,-100.0,-36.0,-45.0,-100.0,-69.0,-81.0,-100.0,-72.0,-80.0,-100.0,-69.0,-86.0,-100.0,-67.0,-86.0,-66.0,-84.0,-84.0,-68.0,-74.0,-48.0,-56.0,-81.0,-100.0,-82.0,-56.0,-62.0,-91.0,-100.0,-36.0,-45.0,-100.0,-69.0,-80.0,-100.0,-70.0,-81.0,-100.0,-100.0,-64.0,-87.0,-100.0,-66.0,-85.0,-65.0,-84.0,-84.0,-68.0,-75.0,-49.0,-56.0,-83.0,-100.0,-100.0,-49.0,-62.0,-100.0,-100.0,-100.0,-100.0,-100.0,-100.0,-100.0,-100.0,-75.0,-100.0,-68.0,-100.0,-100.0,-100.0,-82.0,-100.0,-100.0,-100.0,-83.0,-100.0,-100.0,-100.0,-100.0,-100.0,-100.0,-100.0,-100.0,-100.0,-100.0,-100.0,-100.0,-100.0,-73.0,-100.0,-100.0,-100.0,-100.0,-100.0,-100.0,-100.0,-100.0,-100.0,-100.0,-100.0,-100.0,-100.0,-100.0,-100.0,-100.0,-63.0,-100.0,-89.0,-85.0,-100.0,-100.0,-100.0,-100.0,-100.0,-100.0,-100.0,-100.0,-100.0,-100.0,-100.0,-100.0,-100.0,-100.0,-100.0,-100.0
2021.02.11 150823,61.0,24.0,22.753805106194687,5.278407019469026,-29.371327079646015,-0.2743457543274336,0.013285046741592919,10.001203747787612,0.0006564691977876106,-0.000950944258584071,0.0017865049680530973,-0.0013572625724178338,0.027444261161247797,-1.331703636498578,1017.4855404424779,-89.0,-100.0,-62.0,-76.0,-61.0,-59.0,-55.0,-52.0,-76.0,-62.0,-63.0,-80.0,-59.0,-72.0,-82.0,-33.0,-37.0,-100.0,-69.0,-75.0,-81.0,-73.0,-78.0,-100.0,-72.0,-85.0,-100.0,-70.0,-85.0,-66.0,-84.0,-86.0,-73.0,-73.0,-46.0,-63.0,-87.0,-100.0,-84.0,-45.0,-61.0,-100.0,-82.0,-34.0,-37.0,-100.0,-68.0,-75.0,-82.0,-67.0,-78.0,-100.0,-100.0,-100.0,-85.0,-100.0,-67.0,-85.0,-66.0,-84.0,-86.0,-100.0,-74.0,-46.0,-63.0,-100.0,-100.0,-83.0,-45.0,-61.0,-100.0,-100.0,-91.0,-100.0,-100.0,-100.0,-100.0,-100.0,-100.0,-100.0,-65.0,-79.0,-100.0,-100.0,-78.0,-100.0,-100.0,-100.0,-78.0,-100.0,-100.0,-100.0,-100.0,-100.0,-100.0,-100.0,-100.0,-100.0,-100.0,-100.0,-100.0,-100.0,-72.0,-100.0,-100.0,-100.0,-100.0,-100.0,-100.0,-100.0,-100.0,-100.0,-100.0,-100.0,-100.0,-100.0,-100.0,-100.0,-100.0,-68.0,-89.0,-88.0,-100.0,-87.0,-100.0,-100.0,-100.0,-100.0,-100.0,-100.0,-100.0,-100.0,-100.0,-100.0,-100.0,-100.0,-100.0,-100.0,-100.0
2021.02.11 150835,62.0,24.0,23.195478017391306,5.542956436521739,-34.62678223478261,-0.21914901501739134,0.10191282742608695,10.014897604347826,0.00193766397573913,-0.0026649395719999997,-0.00011542702678260792,-0.010210454996498478,0.02192055077858913,-1.3126459494881009,1017.473195652174,-100.0,-100.0,-66.0,-73.0,-59.0,-59.0,-60.0,-59.0,-74.0,-68.0,-67.0,-76.0,-55.0,-64.0,-82.0,-33.0,-35.0,-100.0,-71.0,-79.0,-84.0,-64.0,-78.0,-100.0,-73.0,-84.0,-100.0,-68.0,-83.0,-69.0,-87.0,-83.0,-70.0,-73.0,-45.0,-59.0,-100.0,-100.0,-86.0,-50.0,-66.0,-100.0,-83.0,-33.0,-35.0,-100.0,-71.0,-78.0,-82.0,-70.0,-78.0,-100.0,-100.0,-74.0,-84.0,-100.0,-62.0,-83.0,-70.0,-84.0,-84.0,-71.0,-71.0,-46.0,-59.0,-100.0,-100.0,-84.0,-49.0,-66.0,-100.0,-100.0,-92.0,-100.0,-100.0,-100.0,-100.0,-100.0,-85.0,-100.0,-63.0,-100.0,-100.0,-100.0,-85.0,-100.0,-100.0,-100.0,-84.0,-100.0,-100.0,-100.0,-100.0,-100.0,-100.0,-100.0,-84.0,-100.0,-100.0,-100.0,-100.0,-100.0,-100.0,-77.0,-100.0,-100.0,-100.0,-100.0,-100.0,-100.0,-100.0,-100.0,-100.0,-100.0,-100.0,-100.0,-100.0,-100.0,-100.0,-65.0,-100.0,-88.0,-100.0,-90.0,-100.0,-100.0,-100.0,-100.0,-100.0,-100.0,-100.0,-100.0,-100.0,-100.0,-100.0,-100.0,-100.0,-100.0,-100.0
2021.02.11 150846,63.0,24.0,21.861238690265484,5.454159207964603,-38.41539779646017,-0.2402750118318584,0.17389215333451327,9.996542283185843,0.002867477027610619,0.0024817944253097343,-0.0013759387620353978,-0.01735834278082842,0.024043053155507338,-1.2854174681469404,1017.4667609734513,-88.0,-100.0,-58.0,-77.0,-63.0,-59.0,-58.0,-60.0,-83.0,-69.0,-67.0,-78.0,-56.0,-66.0,-81.0,-29.0,-39.0,-100.0,-100.0,-80.0,-100.0,-74.0,-82.0,-100.0,-72.0,-84.0,-100.0,-63.0,-100.0,-65.0,-81.0,-89.0,-70.0,-75.0,-50.0,-66.0,-82.0,-100.0,-84.0,-47.0,-68.0,-100.0,-81.0,-28.0,-38.0,-100.0,-77.0,-80.0,-100.0,-73.0,-82.0,-100.0,-100.0,-72.0,-83.0,-100.0,-66.0,-88.0,-67.0,-83.0,-89.0,-70.0,-74.0,-50.0,-66.0,-81.0,-100.0,-84.0,-48.0,-68.0,-100.0,-100.0,-100.0,-100.0,-100.0,-91.0,-100.0,-100.0,-100.0,-100.0,-65.0,-84.0,-100.0,-100.0,-100.0,-100.0,-100.0,-100.0,-100.0,-100.0,-100.0,-100.0,-100.0,-100.0,-100.0,-86.0,-86.0,-100.0,-100.0,-100.0,-100.0,-100.0,-72.0,-75.0,-100.0,-100.0,-100.0,-100.0,-100.0,-100.0,-100.0,-100.0,-100.0,-100.0,-100.0,-100.0,-100.0,-100.0,-100.0,-63.0,-100.0,-85.0,-100.0,-79.0,-100.0,-100.0,-100.0,-100.0,-100.0,-100.0,-100.0,-100.0,-100.0,-100.0,-100.0,-100.0,-100.0,-100.0,-100.0
2021.02.11 150857,64.0,24.0,23.565390999999995,5.395304278260869,-38.54869504347826,-0.30269879446086956,0.31979183511826087,10.002114217391306,0.000939032573043478,-0.0008004725179130437,-0.0036956284349565216,-0.031951992300025184,0.030264003506011238,-1.281746687059817,1017.4592307826088,-100.0,-90.0,-58.0,-67.0,-66.0,-55.0,-61.0,-61.0,-100.0,-68.0,-67.0,-76.0,-61.0,-69.0,-100.0,-34.0,-46.0,-83.0,-73.0,-79.0,-82.0,-100.0,-78.0,-100.0,-68.0,-81.0,-100.0,-64.0,-79.0,-69.0,-88.0,-88.0,-72.0,-74.0,-52.0,-75.0,-86.0,-100.0,-85.0,-53.0,-67.0,-83.0,-100.0,-34.0,-46.0,-83.0,-73.0,-79.0,-83.0,-72.0,-79.0,-78.0,-100.0,-100.0,-81.0,-100.0,-63.0,-79.0,-69.0,-88.0,-88.0,-72.0,-74.0,-51.0,-75.0,-83.0,-100.0,-84.0,-54.0,-67.0,-79.0,-100.0,-100.0,-100.0,-100.0,-100.0,-100.0,-100.0,-82.0,-100.0,-67.0,-80.0,-100.0,-100.0,-84.0,-100.0,-100.0,-100.0,-83.0,-100.0,-100.0,-100.0,-100.0,-100.0,-100.0,-100.0,-100.0,-100.0,-100.0,-100.0,-100.0,-100.0,-100.0,-80.0,-100.0,-100.0,-100.0,-100.0,-100.0,-100.0,-100.0,-90.0,-100.0,-100.0,-100.0,-100.0,-100.0,-100.0,-100.0,-62.0,-87.0,-84.0,-100.0,-100.0,-100.0,-100.0,-100.0,-100.0,-100.0,-100.0,-100.0,-100.0,-100.0,-100.0,-100.0,-100.0,-100.0,-100.0,-100.0
2021.02.11 150909,65.0,24.0,25.998947017543863,6.346315667543859,-34.711052219298246,-0.22046230382456142,0.08957528054385963,10.007501666666666,0.0017715522850000006,-0.002351306137017543,-0.0018038100107017538,-0.008974838685836567,0.02208081004209812,-1.3114030476202045,1017.4593879824562,-100.0,-100.0,-58.0,-74.0,-67.0,-62.0,-59.0,-65.0,-83.0,-72.0,-69.0,-77.0,-60.0,-66.0,-80.0,-37.0,-38.0,-85.0,-100.0,-78.0,-83.0,-65.0,-85.0,-91.0,-70.0,-79.0,-100.0,-68.0,-82.0,-100.0,-86.0,-85.0,-72.0,-75.0,-55.0,-74.0,-100.0,-100.0,-83.0,-54.0,-68.0,-100.0,-79.0,-38.0,-38.0,-84.0,-100.0,-78.0,-100.0,-70.0,-84.0,-86.0,-100.0,-100.0,-79.0,-100.0,-68.0,-82.0,-100.0,-84.0,-86.0,-72.0,-75.0,-55.0,-73.0,-100.0,-100.0,-84.0,-54.0,-68.0,-100.0,-100.0,-100.0,-100.0,-100.0,-100.0,-100.0,-100.0,-100.0,-100.0,-65.0,-83.0,-100.0,-100.0,-82.0,-100.0,-100.0,-100.0,-100.0,-100.0,-100.0,-100.0,-100.0,-100.0,-100.0,-100.0,-100.0,-100.0,-100.0,-100.0,-100.0,-100.0,-76.0,-76.0,-100.0,-100.0,-100.0,-100.0,-100.0,-100.0,-100.0,-100.0,-100.0,-100.0,-100.0,-100.0,-100.0,-100.0,-100.0,-65.0,-100.0,-86.0,-100.0,-87.0,-100.0,-100.0,-100.0,-100.0,-100.0,-100.0,-100.0,-100.0,-100.0,-100.0,-100.0,-100.0,-100.0,-100.0,-100.0
2021.02.11 150940,66.0,24.0,29.238583761061946,5.883185761946902,-30.783716451327432,-0.19717806433274337,0.11085704195398231,10.022031796460178,0.002964783183539822,0.0027412768957522124,0.0004025979818584076,-0.0110879358068001,0.019637158729570697,-1.3551751765529667,1017.4394662831858,-100.0,-100.0,-57.0,-65.0,-69.0,-61.0,-60.0,-69.0,-81.0,-72.0,-62.0,-73.0,-61.0,-55.0,-80.0,-45.0,-52.0,-100.0,-71.0,-76.0,-83.0,-75.0,-81.0,-89.0,-69.0,-82.0,-100.0,-63.0,-79.0,-64.0,-84.0,-89.0,-71.0,-75.0,-59.0,-71.0,-83.0,-87.0,-100.0,-56.0,-68.0,-84.0,-100.0,-45.0,-51.0,-100.0,-71.0,-76.0,-83.0,-100.0,-80.0,-100.0,-90.0,-69.0,-82.0,-100.0,-63.0,-79.0,-64.0,-85.0,-88.0,-71.0,-74.0,-59.0,-72.0,-84.0,-86.0,-85.0,-55.0,-69.0,-100.0,-100.0,-100.0,-100.0,-100.0,-100.0,-100.0,-100.0,-85.0,-100.0,-72.0,-84.0,-100.0,-100.0,-85.0,-100.0,-100.0,-100.0,-84.0,-100.0,-100.0,-100.0,-100.0,-100.0,-100.0,-90.0,-88.0,-100.0,-100.0,-100.0,-100.0,-100.0,-72.0,-80.0,-100.0,-100.0,-100.0,-100.0,-100.0,-100.0,-100.0,-91.0,-100.0,-100.0,-100.0,-100.0,-100.0,-100.0,-100.0,-66.0,-100.0,-86.0,-100.0,-100.0,-100.0,-100.0,-100.0,-100.0,-100.0,-100.0,-100.0,-100.0,-100.0,-100.0,-100.0,-100.0,-100.0,-100.0,-100.0
2021.02.11 150952,67.0,24.0,28.101538042735047,3.7082050675213676,-29.632307299145296,-0.19950243728547012,0.28029386289230773,10.00278900854701,0.002136065261623932,0.0037775437675213676,0.0006999680485470088,-0.02802285224469932,0.019983348560531414,-1.4059820419702775,1017.4336782051282,-90.0,-100.0,-61.0,-61.0,-72.0,-66.0,-66.0,-66.0,-100.0,-100.0,-62.0,-74.0,-59.0,-61.0,-100.0,-47.0,-51.0,-83.0,-75.0,-81.0,-86.0,-74.0,-79.0,-87.0,-67.0,-82.0,-100.0,-57.0,-79.0,-69.0,-86.0,-100.0,-75.0,-76.0,-61.0,-76.0,-100.0,-100.0,-85.0,-56.0,-72.0,-79.0,-100.0,-47.0,-52.0,-100.0,-100.0,-81.0,-86.0,-74.0,-79.0,-100.0,-85.0,-68.0,-82.0,-100.0,-57.0,-79.0,-69.0,-86.0,-100.0,-75.0,-75.0,-60.0,-76.0,-100.0,-100.0,-86.0,-56.0,-72.0,-79.0,-100.0,-100.0,-100.0,-100.0,-100.0,-100.0,-100.0,-100.0,-100.0,-71.0,-83.0,-100.0,-100.0,-86.0,-100.0,-100.0,-100.0,-84.0,-100.0,-100.0,-100.0,-100.0,-100.0,-100.0,-100.0,-100.0,-100.0,-100.0,-100.0,-100.0,-100.0,-100.0,-78.0,-100.0,-100.0,-100.0,-100.0,-100.0,-100.0,-100.0,-100.0,-100.0,-100.0,-100.0,-100.0,-100.0,-100.0,-100.0,-73.0,-84.0,-84.0,-100.0,-92.0,-88.0,-100.0,-100.0,-100.0,-100.0,-100.0,-100.0,-100.0,-100.0,-100.0,-100.0,-100.0,-100.0,-100.0,-100.0
2021.02.11 151004,68.0,24.0,26.25473646491228,-0.2057894645614035,-29.884210087719303,-0.17062358296491223,0.29037932887719303,10.00884575877193,0.0046972750311403515,-8.467455035087746e-05,-0.004274063301842107,-0.029000230448059047,0.017037450236864673,-1.543976014120537,1017.4242221929825,-89.0,-91.0,-62.0,-62.0,-72.0,-66.0,-69.0,-71.0,-82.0,-74.0,-57.0,-66.0,-54.0,-62.0,-82.0,-48.0,-56.0,-100.0,-75.0,-79.0,-82.0,-74.0,-78.0,-83.0,-100.0,-79.0,-100.0,-64.0,-77.0,-59.0,-85.0,-100.0,-68.0,-78.0,-57.0,-78.0,-89.0,-90.0,-100.0,-57.0,-67.0,-80.0,-81.0,-48.0,-56.0,-100.0,-75.0,-79.0,-82.0,-75.0,-78.0,-100.0,-83.0,-100.0,-79.0,-100.0,-62.0,-78.0,-60.0,-85.0,-100.0,-67.0,-77.0,-57.0,-78.0,-90.0,-89.0,-86.0,-57.0,-67.0,-81.0,-100.0,-100.0,-100.0,-100.0,-100.0,-100.0,-100.0,-85.0,-100.0,-75.0,-100.0,-100.0,-100.0,-84.0,-100.0,-100.0,-100.0,-85.0,-100.0,-100.0,-100.0,-100.0,-100.0,-100.0,-87.0,-87.0,-100.0,-100.0,-100.0,-100.0,-100.0,-100.0,-81.0,-100.0,-100.0,-100.0,-100.0,-100.0,-100.0,-100.0,-100.0,-100.0,-100.0,-100.0,-100.0,-100.0,-100.0,-100.0,-73.0,-100.0,-85.0,-100.0,-92.0,-85.0,-93.0,-86.0,-85.0,-85.0,-100.0,-100.0,-100.0,-100.0,-100.0,-100.0,-100.0,-100.0,-100.0,-100.0
2021.02.11 151016,69.0,24.0,20.5424997,3.2224999491666666,-25.906999641666662,-0.18619476995333334,0.08936630617500001,10.022574020833334,0.0021972825741666665,-0.0024086417678333342,-0.0037529523455000005,-0.008928578453924248,0.018477525347164635,-1.398752784729004,1017.4182975000001,-100.0,-100.0,-69.0,-73.0,-74.0,-68.0,-67.0,-69.0,-82.0,-82.0,-54.0,-63.0,-54.0,-64.0,-100.0,-56.0,-60.0,-80.0,-68.0,-81.0,-87.0,-72.0,-79.0,-75.0,-64.0,-75.0,-100.0,-54.0,-71.0,-67.0,-85.0,-87.0,-100.0,-78.0,-56.0,-82.0,-100.0,-88.0,-86.0,-59.0,-70.0,-100.0,-100.0,-57.0,-60.0,-70.0,-69.0,-80.0,-86.0,-73.0,-80.0,-80.0,-78.0,-65.0,-75.0,-100.0,-50.0,-71.0,-68.0,-84.0,-87.0,-73.0,-78.0,-58.0,-82.0,-100.0,-88.0,-85.0,-56.0,-70.0,-100.0,-100.0,-100.0,-100.0,-100.0,-100.0,-100.0,-100.0,-100.0,-100.0,-75.0,-100.0,-100.0,-100.0,-89.0,-100.0,-100.0,-100.0,-88.0,-100.0,-100.0,-100.0,-100.0,-100.0,-100.0,-100.0,-100.0,-100.0,-100.0,-100.0,-100.0,-100.0,-77.0,-80.0,-100.0,-100.0,-100.0,-100.0,-100.0,-100.0,-100.0,-100.0,-100.0,-100.0,-80.0,-100.0,-100.0,-100.0,-100.0,-100.0,-100.0,-100.0,-100.0,-100.0,-84.0,-100.0,-100.0,-100.0,-87.0,-100.0,-100.0,-100.0,-100.0,-100.0,-100.0,-100.0,-100.0,-100.0,-100.0
2021.02.11 151027,70.0,24.0,13.467272527272725,2.4392726836363634,-25.19236336363636,-0.18990952413818182,0.08382138352727275,9.995291936363639,0.002837302523727273,-0.0004399895689090913,-0.003594220233545455,-0.00837542906996198,0.01906003285376668,-1.36433608640324,1017.4103194545456,-100.0,-100.0,-68.0,-73.0,-71.0,-69.0,-70.0,-72.0,-88.0,-80.0,-56.0,-65.0,-54.0,-60.0,-80.0,-50.0,-61.0,-81.0,-100.0,-79.0,-84.0,-72.0,-79.0,-80.0,-62.0,-72.0,-100.0,-59.0,-70.0,-60.0,-81.0,-88.0,-75.0,-73.0,-66.0,-80.0,-100.0,-88.0,-79.0,-62.0,-69.0,-100.0,-78.0,-49.0,-60.0,-81.0,-73.0,-79.0,-83.0,-74.0,-80.0,-67.0,-80.0,-62.0,-73.0,-100.0,-54.0,-71.0,-59.0,-81.0,-90.0,-100.0,-74.0,-65.0,-80.0,-88.0,-87.0,-87.0,-61.0,-69.0,-100.0,-92.0,-100.0,-100.0,-100.0,-100.0,-100.0,-100.0,-100.0,-100.0,-74.0,-100.0,-100.0,-100.0,-100.0,-100.0,-100.0,-100.0,-100.0,-100.0,-100.0,-100.0,-100.0,-100.0,-100.0,-88.0,-88.0,-100.0,-100.0,-100.0,-100.0,-91.0,-80.0,-100.0,-100.0,-100.0,-100.0,-100.0,-100.0,-100.0,-100.0,-100.0,-100.0,-100.0,-67.0,-100.0,-100.0,-100.0,-100.0,-77.0,-100.0,-88.0,-100.0,-91.0,-100.0,-100.0,-100.0,-91.0,-100.0,-100.0,-100.0,-100.0,-100.0,-100.0,-100.0,-100.0,-100.0,-100.0,-100.0
2021.02.11 151039,71.0,24.0,9.849026386725665,5.372389298230088,-25.017344805309733,-0.19639409820353984,0.24627129314690263,10.016480442477876,0.0035053720013274343,-5.3566918407079345e-05,-0.004176188582831859,-0.024600032330980376,0.019570472219081106,-0.9950757538322854,1017.401798761062,-100.0,-100.0,-75.0,-72.0,-74.0,-65.0,-73.0,-78.0,-100.0,-84.0,-49.0,-64.0,-50.0,-56.0,-67.0,-59.0,-60.0,-100.0,-100.0,-80.0,-83.0,-72.0,-81.0,-76.0,-63.0,-75.0,-84.0,-52.0,-70.0,-61.0,-76.0,-100.0,-75.0,-80.0,-61.0,-84.0,-100.0,-100.0,-88.0,-64.0,-72.0,-73.0,-58.0,-60.0,-60.0,-100.0,-74.0,-79.0,-85.0,-73.0,-81.0,-65.0,-77.0,-63.0,-76.0,-84.0,-52.0,-70.0,-61.0,-77.0,-100.0,-75.0,-79.0,-61.0,-83.0,-100.0,-100.0,-88.0,-64.0,-72.0,-73.0,-91.0,-100.0,-100.0,-100.0,-100.0,-100.0,-100.0,-100.0,-100.0,-78.0,-100.0,-100.0,-100.0,-88.0,-100.0,-100.0,-100.0,-87.0,-100.0,-100.0,-100.0,-100.0,-100.0,-100.0,-100.0,-100.0,-100.0,-100.0,-100.0,-100.0,-100.0,-85.0,-90.0,-100.0,-100.0,-100.0,-100.0,-100.0,-100.0,-100.0,-100.0,-100.0,-100.0,-65.0,-100.0,-100.0,-100.0,-100.0,-100.0,-100.0,-100.0,-100.0,-100.0,-86.0,-100.0,-87.0,-100.0,-87.0,-100.0,-100.0,-100.0,-100.0,-100.0,-100.0,-100.0,-100.0,-100.0,-100.0
2021.02.11 151051,72.0,24.0,12.258749776785715,6.229821353571428,-25.92696397321429,-0.18910495462857144,0.072704718775,10.02036069642857,0.006366437825267857,-0.0007582145689285711,-0.0038474912541964263,-0.007275915088289985,0.018862741629485553,-1.0673618646604675,1017.3972360714286,-100.0,-100.0,-76.0,-76.0,-68.0,-74.0,-74.0,-76.0,-90.0,-100.0,-56.0,-68.0,-48.0,-47.0,-79.0,-52.0,-60.0,-100.0,-76.0,-83.0,-84.0,-67.0,-81.0,-75.0,-60.0,-73.0,-90.0,-60.0,-69.0,-57.0,-78.0,-100.0,-78.0,-79.0,-65.0,-81.0,-91.0,-100.0,-100.0,-68.0,-81.0,-73.0,-78.0,-51.0,-61.0,-100.0,-75.0,-82.0,-100.0,-67.0,-81.0,-74.0,-73.0,-60.0,-73.0,-88.0,-53.0,-69.0,-56.0,-78.0,-100.0,-77.0,-79.0,-64.0,-81.0,-100.0,-100.0,-100.0,-68.0,-81.0,-74.0,-91.0,-100.0,-100.0,-100.0,-100.0,-100.0,-100.0,-100.0,-100.0,-79.0,-100.0,-100.0,-100.0,-89.0,-100.0,-100.0,-100.0,-89.0,-100.0,-100.0,-100.0,-100.0,-100.0,-100.0,-90.0,-100.0,-100.0,-100.0,-100.0,-100.0,-100.0,-82.0,-100.0,-100.0,-100.0,-100.0,-100.0,-100.0,-100.0,-100.0,-100.0,-100.0,-100.0,-75.0,-100.0,-100.0,-100.0,-100.0,-77.0,-100.0,-100.0,-100.0,-100.0,-83.0,-100.0,-100.0,-100.0,-83.0,-100.0,-100.0,-100.0,-100.0,-100.0,-100.0,-100.0,-100.0,-100.0,-100.0
2021.02.11 151101,73.0,24.0,18.89999978571429,4.8498213607142855,-28.82999961607143,-0.22414260160714283,0.2146510116803571,10.001527214285716,-0.0006857836390178578,-0.0020126702048214296,0.0005212862531250002,-0.021467687845870338,0.022382026698323853,-1.2778316863945551,1017.3962613392857,-100.0,-100.0,-68.0,-77.0,-78.0,-76.0,-78.0,-81.0,-84.0,-89.0,-58.0,-68.0,-47.0,-59.0,-80.0,-50.0,-66.0,-100.0,-75.0,-83.0,-85.0,-100.0,-82.0,-81.0,-58.0,-77.0,-100.0,-52.0,-68.0,-56.0,-82.0,-100.0,-76.0,-78.0,-66.0,-86.0,-90.0,-90.0,-100.0,-71.0,-84.0,-76.0,-79.0,-51.0,-65.0,-100.0,-76.0,-82.0,-84.0,-79.0,-82.0,-70.0,-80.0,-58.0,-77.0,-85.0,-54.0,-68.0,-60.0,-82.0,-100.0,-76.0,-78.0,-65.0,-87.0,-100.0,-89.0,-100.0,-71.0,-84.0,-77.0,-100.0,-100.0,-100.0,-100.0,-100.0,-100.0,-100.0,-100.0,-100.0,-100.0,-91.0,-100.0,-100.0,-89.0,-100.0,-100.0,-100.0,-90.0,-100.0,-100.0,-100.0,-100.0,-100.0,-100.0,-100.0,-100.0,-100.0,-100.0,-100.0,-100.0,-100.0,-100.0,-100.0,-100.0,-100.0,-100.0,-100.0,-100.0,-100.0,-100.0,-100.0,-100.0,-100.0,-70.0,-100.0,-100.0,-100.0,-100.0,-81.0,-100.0,-100.0,-100.0,-100.0,-100.0,-100.0,-100.0,-100.0,-100.0,-100.0,-100.0,-100.0,-100.0,-100.0,-100.0,-100.0,-100.0,-100.0,-100.0
2021.02.11 151112,74.0,24.0,25.559454172727275,4.555090837272727,-29.668363281818184,-0.1664020991,0.27484098178181815,10.00541322272727,0.0035536808215454545,-0.0009675548229090912,-0.00037884757209090967,-0.027488188019064635,0.016631254239335,-1.3583892529661006,1017.3901573636364,-100.0,-100.0,-72.0,-100.0,-80.0,-73.0,-81.0,-82.0,-86.0,-86.0,-59.0,-67.0,-44.0,-63.0,-80.0,-56.0,-67.0,-84.0,-78.0,-80.0,-82.0,-76.0,-80.0,-90.0,-57.0,-70.0,-100.0,-54.0,-73.0,-60.0,-80.0,-100.0,-75.0,-78.0,-73.0,-85.0,-90.0,-91.0,-91.0,-73.0,-85.0,-78.0,-100.0,-57.0,-68.0,-100.0,-77.0,-80.0,-80.0,-65.0,-80.0,-100.0,-89.0,-56.0,-70.0,-100.0,-53.0,-73.0,-60.0,-80.0,-100.0,-75.0,-78.0,-73.0,-86.0,-90.0,-100.0,-89.0,-72.0,-85.0,-78.0,-91.0,-100.0,-100.0,-100.0,-100.0,-100.0,-100.0,-100.0,-100.0,-100.0,-100.0,-100.0,-100.0,-100.0,-100.0,-100.0,-100.0,-100.0,-100.0,-100.0,-100.0,-100.0,-100.0,-100.0,-100.0,-100.0,-100.0,-100.0,-100.0,-100.0,-100.0,-100.0,-100.0,-100.0,-100.0,-100.0,-100.0,-100.0,-100.0,-100.0,-100.0,-100.0,-100.0,-100.0,-100.0,-100.0,-100.0,-100.0,-81.0,-100.0,-100.0,-100.0,-100.0,-100.0,-100.0,-100.0,-100.0,-100.0,-88.0,-89.0,-88.0,-100.0,-100.0,-100.0,-100.0,-100.0,-100.0,-100.0
2021.02.11 151123,75.0,24.0,31.470810315315322,6.841621506306308,-31.189729243243242,-0.26682143536936936,0.037122043726126125,10.0058038018018,0.00028117409765765803,-0.0019653515609009005,-9.532837477477434e-05,-0.0036917427504384783,0.0266468590922519,-1.3467722980825751,1017.3918861261262,-100.0,-100.0,-74.0,-87.0,-84.0,-100.0,-83.0,-82.0,-100.0,-89.0,-55.0,-70.0,-48.0,-62.0,-100.0,-49.0,-71.0,-86.0,-79.0,-80.0,-100.0,-73.0,-83.0,-85.0,-58.0,-72.0,-85.0,-49.0,-70.0,-54.0,-78.0,-100.0,-73.0,-76.0,-73.0,-100.0,-90.0,-100.0,-91.0,-76.0,-84.0,-71.0,-100.0,-59.0,-71.0,-100.0,-79.0,-80.0,-100.0,-67.0,-83.0,-76.0,-84.0,-59.0,-72.0,-86.0,-48.0,-70.0,-54.0,-78.0,-100.0,-73.0,-77.0,-73.0,-100.0,-90.0,-100.0,-90.0,-76.0,-85.0,-72.0,-89.0,-100.0,-100.0,-100.0,-100.0,-100.0,-100.0,-100.0,-100.0,-100.0,-100.0,-100.0,-100.0,-89.0,-100.0,-100.0,-100.0,-89.0,-100.0,-100.0,-100.0,-100.0,-100.0,-100.0,-100.0,-100.0,-100.0,-100.0,-100.0,-100.0,-100.0,-100.0,-100.0,-100.0,-100.0,-100.0,-100.0,-100.0,-100.0,-100.0,-91.0,-100.0,-100.0,-76.0,-100.0,-100.0,-100.0,-100.0,-100.0,-100.0,-100.0,-100.0,-100.0,-82.0,-91.0,-100.0,-100.0,-81.0,-88.0,-89.0,-88.0,-100.0,-100.0,-100.0,-100.0,-100.0,-100.0,-100.0
2021.02.11 151135,76.0,24.0,36.129188657657664,8.203243108108108,-33.12486448648649,-0.145252671227027,0.12967910023603604,10.016286842342344,0.0031979182806306313,-0.0028238649246846853,-0.0022416111856756768,-0.012926991897066696,0.014441696854585087,-1.3323392363281938,1017.3829818918917,-100.0,-100.0,-71.0,-81.0,-80.0,-79.0,-79.0,-82.0,-90.0,-100.0,-67.0,-66.0,-52.0,-61.0,-88.0,-60.0,-68.0,-80.0,-78.0,-82.0,-100.0,-67.0,-82.0,-83.0,-63.0,-70.0,-81.0,-53.0,-71.0,-51.0,-72.0,-100.0,-78.0,-77.0,-75.0,-88.0,-100.0,-90.0,-89.0,-67.0,-86.0,-71.0,-87.0,-59.0,-68.0,-100.0,-74.0,-83.0,-100.0,-72.0,-82.0,-70.0,-83.0,-63.0,-70.0,-82.0,-53.0,-71.0,-50.0,-73.0,-100.0,-77.0,-77.0,-75.0,-89.0,-100.0,-92.0,-89.0,-100.0,-86.0,-75.0,-100.0,-100.0,-100.0,-100.0,-100.0,-100.0,-100.0,-100.0,-100.0,-100.0,-100.0,-100.0,-100.0,-100.0,-100.0,-100.0,-100.0,-100.0,-100.0,-100.0,-100.0,-100.0,-100.0,-100.0,-89.0,-100.0,-100.0,-100.0,-100.0,-100.0,-100.0,-91.0,-100.0,-100.0,-100.0,-100.0,-100.0,-100.0,-100.0,-100.0,-100.0,-100.0,-100.0,-70.0,-100.0,-100.0,-100.0,-100.0,-84.0,-100.0,-100.0,-100.0,-100.0,-79.0,-100.0,-100.0,-100.0,-79.0,-86.0,-100.0,-86.0,-100.0,-100.0,-100.0,-100.0,-100.0,-100.0,-100.0
2021.02.11 151146,77.0,24.0,34.44521700000001,11.689043239130434,-34.258955982608704,-0.11198960149043478,0.16204035449913043,10.014543617391306,0.0005778253397391304,-0.0035042151688695652,-0.0025323286372173908,-0.01620255006343102,0.011151158118762206,-1.2250600192857826,1017.3778578260869,-100.0,-100.0,-71.0,-88.0,-82.0,-84.0,-79.0,-84.0,-100.0,-100.0,-55.0,-70.0,-55.0,-61.0,-86.0,-57.0,-66.0,-100.0,-75.0,-82.0,-85.0,-69.0,-83.0,-81.0,-51.0,-66.0,-80.0,-45.0,-63.0,-54.0,-74.0,-100.0,-76.0,-76.0,-79.0,-100.0,-100.0,-100.0,-87.0,-100.0,-100.0,-100.0,-85.0,-58.0,-66.0,-100.0,-75.0,-83.0,-100.0,-70.0,-83.0,-77.0,-80.0,-51.0,-66.0,-80.0,-44.0,-63.0,-54.0,-74.0,-100.0,-76.0,-77.0,-79.0,-100.0,-100.0,-100.0,-88.0,-78.0,-100.0,-100.0,-87.0,-100.0,-100.0,-100.0,-91.0,-100.0,-100.0,-100.0,-100.0,-100.0,-100.0,-100.0,-100.0,-100.0,-100.0,-100.0,-100.0,-100.0,-100.0,-100.0,-100.0,-100.0,-100.0,-100.0,-100.0,-100.0,-100.0,-100.0,-100.0,-100.0,-100.0,-100.0,-100.0,-100.0,-100.0,-100.0,-100.0,-100.0,-100.0,-100.0,-100.0,-100.0,-100.0,-77.0,-100.0,-100.0,-100.0,-100.0,-85.0,-100.0,-100.0,-100.0,-100.0,-79.0,-90.0,-100.0,-100.0,-77.0,-84.0,-87.0,-85.0,-100.0,-100.0,-100.0,-100.0,-100.0,-100.0,-100.0
2021.02.11 151157,78.0,24.0,30.70672530088496,10.327964367256637,-33.56814128318584,-0.23383377632389377,0.07562094463539824,10.020379088495577,0.002153900147168141,-0.005140506537699116,-0.0015651448607079646,-0.007558334558796257,0.023331029671326695,-1.2298503322938903,1017.3779844247787,-100.0,-100.0,-69.0,-87.0,-86.0,-82.0,-77.0,-100.0,-100.0,-100.0,-58.0,-65.0,-51.0,-60.0,-85.0,-62.0,-68.0,-84.0,-76.0,-83.0,-78.0,-100.0,-80.0,-78.0,-44.0,-61.0,-78.0,-49.0,-63.0,-52.0,-79.0,-100.0,-74.0,-78.0,-76.0,-100.0,-100.0,-88.0,-89.0,0.0,-87.0,-69.0,-85.0,-62.0,-68.0,-100.0,-66.0,-84.0,-83.0,-100.0,-81.0,-75.0,-78.0,-48.0,-61.0,-78.0,-48.0,-63.0,-52.0,-78.0,-100.0,-74.0,-78.0,-76.0,-100.0,-100.0,-87.0,-87.0,0.0,-89.0,-69.0,-86.0,-100.0,-100.0,-100.0,-100.0,-100.0,-100.0,-100.0,-100.0,-100.0,-100.0,-100.0,-100.0,-88.0,-100.0,-100.0,-100.0,-88.0,-100.0,-100.0,-100.0,-100.0,-100.0,-100.0,-100.0,-88.0,-100.0,-100.0,-100.0,-100.0,-100.0,-100.0,-100.0,-100.0,-100.0,-100.0,-100.0,-100.0,-100.0,-100.0,-100.0,-100.0,-100.0,-66.0,-100.0,-100.0,-100.0,-100.0,-84.0,-100.0,-100.0,-100.0,-100.0,-100.0,-82.0,-84.0,-83.0,-100.0,-80.0,-86.0,-80.0,-100.0,-100.0,-100.0,-100.0,-100.0,-100.0,-100.0
2021.02.11 151215,78.0,23.0,12.075817936363638,-31.548545063636368,-29.198726709090906,-0.13928149454909092,0.20512405262545452,10.004237881818183,0.008418389445545455,0.0028475760965454536,-0.005487902039090909,-0.020508508739426744,0.014004397626161872,-2.781820966980674,1017.3735756363636,-100.0,-100.0,-77.0,-90.0,-84.0,-100.0,-81.0,-100.0,-100.0,-100.0,-57.0,-64.0,-53.0,-62.0,-81.0,-58.0,-70.0,-100.0,-75.0,-84.0,-100.0,-68.0,-82.0,-80.0,-46.0,-62.0,-74.0,-47.0,-62.0,-50.0,-73.0,-100.0,-77.0,-80.0,-69.0,-100.0,-100.0,-100.0,-89.0,-79.0,-89.0,-74.0,-80.0,-58.0,-70.0,-100.0,-74.0,-83.0,-100.0,-67.0,-83.0,-68.0,-80.0,-46.0,-62.0,-75.0,-47.0,-61.0,-51.0,-73.0,-100.0,-77.0,-80.0,-72.0,-100.0,-100.0,-100.0,-88.0,-79.0,-88.0,-74.0,-84.0,-100.0,-100.0,-100.0,-100.0,-100.0,-100.0,-100.0,-100.0,-100.0,-100.0,-100.0,-100.0,-90.0,-100.0,-100.0,-100.0,-88.0,-100.0,-100.0,-100.0,-100.0,-100.0,-100.0,-100.0,-100.0,-100.0,-100.0,-100.0,-100.0,-100.0,-100.0,-100.0,-100.0,-100.0,-100.0,-100.0,-100.0,-100.0,-100.0,-92.0,-100.0,-100.0,-70.0,-100.0,-100.0,-100.0,-100.0,-80.0,-100.0,-100.0,-100.0,-100.0,-67.0,-80.0,-100.0,-100.0,-66.0,-78.0,-84.0,-78.0,-78.0,-100.0,-100.0,-100.0,-100.0,-100.0,-100.0
2021.02.11 151226,78.0,22.0,8.924999819642858,-33.276428294642855,-28.38749963392857,-0.14171114056785714,0.3185881916607142,10.000244482142856,0.004855636853839286,-0.00038733218767857163,-0.0024948609623214285,-0.03183999625200933,0.014181884573969997,-2.8849017258201326,1017.3710475892857,-100.0,-100.0,-76.0,-100.0,-87.0,-85.0,-88.0,-100.0,-100.0,-100.0,-56.0,-55.0,-64.0,-63.0,-100.0,-64.0,-64.0,-100.0,-84.0,-84.0,-90.0,-82.0,-88.0,-72.0,-47.0,-65.0,-63.0,-64.0,-69.0,-56.0,-73.0,-100.0,-81.0,-88.0,-75.0,-100.0,-100.0,-100.0,-100.0,-82.0,-100.0,-64.0,-100.0,-61.0,-64.0,-100.0,-83.0,-84.0,-90.0,-83.0,-87.0,-70.0,-72.0,-46.0,-65.0,-67.0,-62.0,-70.0,-56.0,-73.0,-100.0,-81.0,-88.0,-75.0,-100.0,-100.0,-100.0,-100.0,-82.0,-100.0,-64.0,-77.0,-100.0,-100.0,-100.0,-100.0,-100.0,-100.0,-100.0,-100.0,-100.0,-100.0,-100.0,-100.0,-100.0,-100.0,-100.0,-100.0,-100.0,-100.0,-100.0,-100.0,-100.0,-100.0,-100.0,-100.0,-100.0,-100.0,-100.0,-100.0,-100.0,-100.0,-88.0,-100.0,-100.0,-100.0,-100.0,-100.0,-100.0,-100.0,-100.0,-100.0,-100.0,-100.0,-71.0,-100.0,-100.0,-100.0,-100.0,-87.0,-100.0,-100.0,-100.0,-100.0,-70.0,-79.0,-70.0,-69.0,-71.0,-69.0,-77.0,-69.0,-88.0,-83.0,-84.0,-100.0,-100.0,-100.0,-100.0
2021.02.11 151238,78.0,21.0,8.514106970535714,-37.36178516964286,-28.591071008928573,-0.1866679243214286,0.25490475701785714,10.003600816964283,0.005788297365267857,0.0007089527503571427,-0.0038638535375892856,-0.025517553806171846,0.018689066809783512,-2.9275723014559065,1017.3662926785715,-100.0,-100.0,-80.0,-80.0,-100.0,-85.0,-86.0,-100.0,-100.0,-100.0,-49.0,-55.0,-59.0,-66.0,-100.0,-67.0,-80.0,-100.0,-100.0,-100.0,-100.0,-86.0,-100.0,-75.0,-52.0,-67.0,-100.0,-55.0,-68.0,-53.0,-78.0,-100.0,-89.0,-91.0,-100.0,-100.0,-100.0,-100.0,-100.0,-85.0,-100.0,-59.0,-100.0,-68.0,-79.0,-100.0,-100.0,-100.0,-100.0,-100.0,-100.0,-64.0,-75.0,-53.0,-67.0,-70.0,-53.0,-68.0,-52.0,-78.0,-100.0,-88.0,-91.0,-100.0,-100.0,-100.0,-100.0,-100.0,-84.0,-100.0,-57.0,-73.0,-100.0,-100.0,-100.0,-100.0,-100.0,-100.0,-100.0,-100.0,-100.0,-100.0,-100.0,-100.0,-100.0,-100.0,-100.0,-100.0,-100.0,-100.0,-100.0,-100.0,-100.0,-100.0,-100.0,-100.0,-100.0,-100.0,-100.0,-100.0,-100.0,-100.0,-100.0,-100.0,-100.0,-100.0,-100.0,-100.0,-100.0,-100.0,-100.0,-100.0,-100.0,-100.0,-64.0,-100.0,-100.0,-100.0,-100.0,-89.0,-100.0,-100.0,-100.0,-100.0,-67.0,-77.0,-74.0,-75.0,-67.0,-74.0,-73.0,-74.0,-89.0,-86.0,-86.0,-86.0,-85.0,-100.0,-100.0
2021.02.11 151250,78.0,20.0,9.367894616666666,-33.684736421052634,-30.318420631578945,-0.16037440712280704,0.10782637619473685,10.01392825877193,0.0020662676985964915,-0.005909328124561403,-0.006342431737105263,-0.010775760649525122,0.016010010483258015,-2.8821647292689274,1017.365289385965,-100.0,-100.0,-82.0,-79.0,-89.0,-74.0,-79.0,-100.0,-100.0,-100.0,-46.0,-52.0,-61.0,-70.0,-100.0,-78.0,-77.0,-100.0,-100.0,-100.0,-100.0,-100.0,-100.0,-73.0,-61.0,-76.0,-46.0,-49.0,-70.0,-60.0,-79.0,-100.0,-100.0,-100.0,-84.0,-100.0,-100.0,-100.0,-100.0,-100.0,-100.0,-63.0,-100.0,-78.0,-76.0,-100.0,-88.0,-100.0,-100.0,-100.0,-100.0,-65.0,-73.0,-61.0,-77.0,-60.0,-59.0,-71.0,-60.0,-79.0,-100.0,-100.0,-100.0,-84.0,-100.0,-100.0,-100.0,-100.0,-100.0,-100.0,-65.0,-73.0,-100.0,-100.0,-100.0,-100.0,-100.0,-100.0,-100.0,-100.0,-100.0,-100.0,-100.0,-100.0,-100.0,-100.0,-100.0,-100.0,-100.0,-100.0,-100.0,-100.0,-100.0,-100.0,-100.0,-100.0,-100.0,-100.0,-100.0,-100.0,-100.0,-100.0,-88.0,-100.0,-100.0,-100.0,-100.0,-100.0,-100.0,-100.0,-100.0,-100.0,-100.0,-100.0,-65.0,-100.0,-100.0,-100.0,-100.0,-100.0,-100.0,-100.0,-100.0,-100.0,-66.0,-77.0,-77.0,-77.0,-66.0,-75.0,-73.0,-75.0,-87.0,-88.0,-87.0,-85.0,-100.0,-100.0,-100.0
2021.02.11 151302,78.0,19.0,9.253157684210525,-30.13842054385965,-33.607367903508774,-0.19549043691228074,0.17904555059649122,10.006346539473686,0.0013053654379824558,-0.0013867817729824557,0.002868773429385964,-0.017894394515008683,0.01953863812109611,-2.8594544833166555,1017.359027631579,-100.0,-100.0,-75.0,-83.0,-79.0,-67.0,-84.0,-83.0,-100.0,-100.0,-54.0,-53.0,-58.0,-68.0,-100.0,-75.0,-85.0,-100.0,-100.0,-100.0,-100.0,-100.0,-100.0,-74.0,-65.0,-75.0,-60.0,-63.0,-75.0,-57.0,-74.0,-100.0,-100.0,-100.0,-87.0,-100.0,-100.0,-100.0,-100.0,-85.0,-100.0,-58.0,-100.0,-75.0,-85.0,-100.0,-100.0,-100.0,-100.0,-100.0,-100.0,-64.0,-74.0,-66.0,-75.0,-61.0,-63.0,-76.0,-56.0,-74.0,-100.0,-100.0,-100.0,-87.0,-100.0,-100.0,-100.0,-100.0,-81.0,-100.0,-58.0,-69.0,-100.0,-100.0,-100.0,-100.0,-100.0,-100.0,-100.0,-100.0,-100.0,-100.0,-100.0,-100.0,-100.0,-100.0,-100.0,-100.0,-100.0,-100.0,-100.0,-100.0,-100.0,-100.0,-100.0,-100.0,-100.0,-100.0,-100.0,-100.0,-100.0,-100.0,-100.0,-100.0,-100.0,-100.0,-100.0,-100.0,-100.0,-100.0,-100.0,-100.0,-100.0,-100.0,-64.0,-100.0,-100.0,-100.0,-100.0,-89.0,-100.0,-100.0,-100.0,-100.0,-65.0,-100.0,-69.0,-69.0,-64.0,-68.0,-69.0,-68.0,-79.0,-85.0,-85.0,-100.0,-100.0,-100.0,-100.0
2021.02.11 151313,78.0,18.0,8.1757893122807,-30.28368381578948,-37.377894210526314,-0.2639792985614035,0.04637332251403509,10.016427627192986,0.0022109464470175446,-0.0017082900001754394,0.002123946170175438,-0.004645017086116684,0.02634081883323293,-2.908709685007731,1017.3546350000001,-100.0,-100.0,-88.0,-78.0,-85.0,-79.0,-86.0,-85.0,-100.0,-100.0,-49.0,-58.0,-64.0,-70.0,-100.0,-77.0,-85.0,-100.0,-100.0,-100.0,-100.0,-100.0,-100.0,-71.0,-60.0,-82.0,-63.0,-64.0,-77.0,-58.0,-84.0,-100.0,-100.0,-100.0,-82.0,-100.0,-100.0,-100.0,-100.0,-100.0,-100.0,-60.0,-100.0,-77.0,-85.0,-100.0,-100.0,-100.0,-100.0,-100.0,-100.0,-63.0,-71.0,-60.0,-82.0,-64.0,-64.0,-77.0,-58.0,-84.0,-100.0,-100.0,-100.0,-84.0,-100.0,-100.0,-100.0,-100.0,-100.0,-100.0,-60.0,-76.0,-100.0,-100.0,-100.0,-100.0,-100.0,-100.0,-100.0,-100.0,-100.0,-100.0,-100.0,-100.0,-100.0,-100.0,-100.0,-100.0,-100.0,-100.0,-100.0,-100.0,-100.0,-100.0,-100.0,-100.0,-100.0,-100.0,-100.0,-100.0,-100.0,-100.0,-100.0,-100.0,-100.0,-100.0,-100.0,-100.0,-100.0,-100.0,-100.0,-100.0,-100.0,-100.0,-62.0,-100.0,-100.0,-100.0,-100.0,-100.0,-100.0,-100.0,-100.0,-100.0,-62.0,-78.0,-79.0,-77.0,-60.0,-75.0,-77.0,-75.0,-84.0,-81.0,-82.0,-85.0,-86.0,-91.0,-100.0
2021.02.11 151324,78.0,17.0,8.81142840982143,-30.980356669642855,-35.17392813392858,-0.2536434872,-0.051968590219642855,10.014567455357142,0.0006832090899107146,-0.005416062063928572,0.0005649193971428577,0.005164353400291264,0.025312920782588226,-2.8937489794833318,1017.3488729464287,-100.0,-100.0,-100.0,-83.0,-100.0,-77.0,-100.0,-100.0,-100.0,-100.0,-53.0,-55.0,-65.0,-78.0,-100.0,-76.0,-84.0,-100.0,-100.0,-100.0,-100.0,-100.0,-100.0,-67.0,-71.0,-84.0,-62.0,-56.0,-72.0,-59.0,-86.0,-100.0,-100.0,-100.0,-88.0,-100.0,-100.0,-100.0,-100.0,-87.0,-100.0,-54.0,-100.0,-76.0,-84.0,-100.0,-100.0,-100.0,-100.0,-100.0,-100.0,-56.0,-67.0,-71.0,-83.0,-62.0,-58.0,-71.0,-59.0,-85.0,-100.0,-100.0,-100.0,-88.0,-100.0,-100.0,-100.0,-100.0,-87.0,-100.0,-55.0,-69.0,-100.0,-100.0,-100.0,-100.0,-100.0,-100.0,-100.0,-100.0,-100.0,-100.0,-100.0,-100.0,-100.0,-100.0,-100.0,-100.0,-100.0,-100.0,-100.0,-100.0,-100.0,-100.0,-100.0,-100.0,-100.0,-100.0,-100.0,-100.0,-100.0,-100.0,-100.0,-93.0,-100.0,-92.0,-100.0,-100.0,-100.0,-100.0,-100.0,-100.0,-100.0,-100.0,-57.0,-100.0,-100.0,-100.0,-100.0,-100.0,-100.0,-100.0,-100.0,-100.0,-62.0,-72.0,-69.0,-68.0,-63.0,-66.0,-69.0,-66.0,-85.0,-82.0,-82.0,-85.0,-86.0,-100.0,-100.0
2021.02.11 151335,78.0,16.0,9.834106857142856,-28.746428107142858,-35.55214244642857,-0.15325496514107143,-0.05724882049464286,10.00875277232143,0.0035193694141071423,-0.0023944609060714294,-0.0004113741622321425,0.005698830958795249,0.015325429269328802,-2.8323368579149246,1017.3437089285716,-100.0,-100.0,-100.0,-100.0,-100.0,-79.0,-87.0,-100.0,-100.0,-100.0,-55.0,-56.0,-69.0,-76.0,-100.0,-100.0,-100.0,-100.0,-100.0,-100.0,-100.0,-100.0,-100.0,-60.0,-73.0,-78.0,-63.0,-63.0,-78.0,-68.0,-85.0,-100.0,-100.0,-100.0,-100.0,-100.0,-100.0,-100.0,-100.0,-100.0,-100.0,-58.0,-100.0,-100.0,-100.0,-100.0,-100.0,-100.0,-100.0,-100.0,-100.0,-55.0,-60.0,-74.0,-78.0,-63.0,-69.0,-78.0,-68.0,-84.0,-100.0,-100.0,-100.0,-87.0,-100.0,-100.0,-100.0,-100.0,-100.0,-100.0,-59.0,-63.0,-100.0,-100.0,-100.0,-100.0,-100.0,-100.0,-100.0,-100.0,-100.0,-100.0,-100.0,-100.0,-100.0,-100.0,-100.0,-100.0,-100.0,-100.0,-100.0,-100.0,-100.0,-100.0,-100.0,-100.0,-100.0,-100.0,-100.0,-100.0,-100.0,-100.0,-100.0,-95.0,-100.0,-100.0,-100.0,-100.0,-100.0,-100.0,-100.0,-100.0,-100.0,-100.0,-55.0,-100.0,-100.0,-100.0,-100.0,-100.0,-100.0,-100.0,-100.0,-100.0,-62.0,-76.0,-75.0,-74.0,-65.0,-58.0,-63.0,-58.0,-81.0,-77.0,-77.0,-80.0,-80.0,-100.0,-100.0
2021.02.11 151348,78.0,15.0,9.184033442857142,-28.741512218487394,-37.9472264537815,-0.12142393617815123,-0.0032996726588235283,10.018571247899162,0.005161390426386554,-0.00018103666453781527,-0.004887630515966388,0.0003801469592385429,0.012087650163897989,-2.847948549174461,1017.3417127731094,-100.0,-100.0,-87.0,-83.0,-100.0,-81.0,-85.0,-100.0,-100.0,-100.0,-50.0,-59.0,-71.0,-78.0,-100.0,-85.0,-100.0,-100.0,-100.0,-100.0,-100.0,-100.0,-100.0,-59.0,-75.0,-100.0,-63.0,-68.0,-79.0,-70.0,-100.0,-100.0,-100.0,-100.0,-100.0,-100.0,-100.0,-100.0,-100.0,-100.0,-100.0,-56.0,-100.0,-84.0,-100.0,-100.0,-100.0,-100.0,-100.0,-100.0,-100.0,-53.0,-60.0,-75.0,-100.0,-62.0,-69.0,-78.0,-70.0,-100.0,-100.0,-100.0,-100.0,-84.0,-100.0,-100.0,-100.0,-100.0,-100.0,-100.0,-56.0,-65.0,-100.0,-100.0,-100.0,-100.0,-100.0,-100.0,-100.0,-100.0,-100.0,-100.0,-100.0,-100.0,-100.0,-100.0,-100.0,-100.0,-100.0,-100.0,-100.0,-100.0,-100.0,-100.0,-100.0,-100.0,-100.0,-100.0,-100.0,-100.0,-100.0,-100.0,-100.0,-100.0,-100.0,-100.0,-100.0,-100.0,-100.0,-100.0,-100.0,-100.0,-100.0,-100.0,-45.0,-100.0,-100.0,-100.0,-100.0,-100.0,-100.0,-100.0,-100.0,-100.0,-62.0,-100.0,-69.0,-70.0,-62.0,-58.0,-65.0,-58.0,-81.0,-81.0,-81.0,-85.0,-85.0,-100.0,-100.0
2021.02.11 151406,78.0,14.0,7.268643927118644,-28.990169093220338,-38.80474527966102,-0.09526373051186439,0.16063960685254233,10.013181898305085,0.0003846172090677978,0.0024104640430508474,-0.00018655194762711854,-0.01607195108209093,0.009486381721152633,-2.904003969693588,1017.3251994067797,-100.0,-100.0,-88.0,-82.0,-100.0,-85.0,-89.0,-100.0,-100.0,-100.0,-55.0,-60.0,-70.0,-74.0,-100.0,-83.0,-100.0,-100.0,-100.0,-100.0,-100.0,-100.0,-100.0,-61.0,-80.0,-86.0,-58.0,-62.0,-81.0,-67.0,-100.0,-100.0,-100.0,-100.0,-100.0,-100.0,-100.0,-100.0,-100.0,-90.0,-100.0,-55.0,-100.0,-100.0,-100.0,-100.0,-100.0,-100.0,-100.0,-100.0,-100.0,-46.0,-61.0,-100.0,-86.0,-57.0,-62.0,-81.0,-67.0,-100.0,-100.0,-100.0,-100.0,-100.0,-100.0,-100.0,-100.0,-100.0,-90.0,-100.0,-56.0,-66.0,-100.0,-100.0,-100.0,-100.0,-100.0,-100.0,-100.0,-100.0,-100.0,-100.0,-100.0,-100.0,-100.0,-100.0,-100.0,-100.0,-100.0,-100.0,-100.0,-100.0,-100.0,-100.0,-96.0,-100.0,-100.0,-100.0,-100.0,-100.0,-100.0,-100.0,-100.0,-100.0,-100.0,-100.0,-100.0,-100.0,-100.0,-100.0,-100.0,-100.0,-100.0,-100.0,-46.0,-100.0,-100.0,-100.0,-100.0,-100.0,-100.0,-100.0,-100.0,-100.0,-57.0,-80.0,-76.0,-76.0,-57.0,-61.0,-66.0,-61.0,-78.0,-74.0,-74.0,-81.0,-82.0,-100.0,-100.0
2021.02.11 151423,78.0,13.0,5.487966020338982,-29.559660627118642,-39.160677279661016,-0.15771778004237288,0.1690195690559322,10.007378745762711,0.002103322942711865,0.001183556535254237,-0.0009889597033898303,-0.016884135883459304,0.0157615263666168,-2.9757609003681247,1017.3192950000001,-100.0,-100.0,-100.0,-100.0,-100.0,-84.0,-89.0,-100.0,-100.0,-100.0,-55.0,-62.0,-75.0,-77.0,-100.0,-78.0,-100.0,-100.0,-100.0,-100.0,-100.0,-100.0,-100.0,-61.0,-74.0,-100.0,-54.0,-64.0,-75.0,-74.0,-100.0,-100.0,-100.0,-100.0,-85.0,-100.0,-100.0,-100.0,-100.0,-100.0,-100.0,-55.0,-100.0,-79.0,-100.0,-100.0,-100.0,-100.0,-100.0,-100.0,-100.0,-50.0,-61.0,-75.0,-100.0,-53.0,-63.0,-76.0,-74.0,-100.0,-100.0,-100.0,-100.0,-84.0,-100.0,-100.0,-100.0,-100.0,-100.0,-100.0,-55.0,-66.0,-100.0,-100.0,-100.0,-100.0,-100.0,-100.0,-100.0,-100.0,-100.0,-100.0,-100.0,-100.0,-100.0,-100.0,-100.0,-100.0,-100.0,-100.0,-100.0,-100.0,-100.0,-100.0,-100.0,-100.0,-100.0,-100.0,-100.0,-100.0,-100.0,-100.0,-100.0,-100.0,-100.0,-100.0,-100.0,-100.0,-100.0,-100.0,-100.0,-100.0,-100.0,-100.0,-55.0,-100.0,-100.0,-100.0,-100.0,-100.0,-100.0,-100.0,-100.0,-100.0,-59.0,-67.0,-79.0,-80.0,-58.0,-64.0,-66.0,-64.0,-76.0,-78.0,-78.0,-82.0,-83.0,-100.0,-100.0
2021.02.11 151439,78.0,12.0,4.851504344247787,-32.57840653982301,-37.767610300884954,-0.24902576922123892,0.23940629261592922,9.996245601769912,0.005905585538938053,-0.003794440713451327,-0.0013056622956637164,-0.023938900454225295,0.024913921188851523,-3.020512793971374,1017.3096467256637,-100.0,-100.0,-100.0,-85.0,-100.0,-80.0,-100.0,-100.0,-100.0,-100.0,-61.0,-63.0,-72.0,-80.0,-100.0,-81.0,-100.0,-100.0,-100.0,-100.0,-100.0,-100.0,-100.0,-53.0,-76.0,-100.0,-55.0,-66.0,-80.0,-72.0,-100.0,-100.0,-100.0,-100.0,-100.0,-100.0,-100.0,-100.0,-100.0,-100.0,-100.0,-56.0,-100.0,-80.0,-100.0,-100.0,-100.0,-100.0,-100.0,-100.0,-100.0,-44.0,-53.0,-77.0,-100.0,-55.0,-67.0,-81.0,-71.0,-100.0,-100.0,-100.0,-100.0,-100.0,-100.0,-100.0,-100.0,-100.0,-100.0,-100.0,-56.0,-67.0,-100.0,-100.0,-100.0,-100.0,-100.0,-100.0,-100.0,-100.0,-100.0,-100.0,-100.0,-100.0,-100.0,-100.0,-100.0,-100.0,-100.0,-100.0,-100.0,-100.0,-100.0,-100.0,-100.0,-100.0,-100.0,-100.0,-100.0,-100.0,-100.0,-100.0,-88.0,-100.0,-100.0,-100.0,-100.0,-100.0,-100.0,-100.0,-100.0,-100.0,-100.0,-100.0,-45.0,-100.0,-100.0,-100.0,-100.0,-100.0,-100.0,-100.0,-100.0,-100.0,-57.0,-69.0,-71.0,-71.0,-57.0,-58.0,-67.0,-58.0,-76.0,-70.0,-70.0,-79.0,-79.0,-100.0,-100.0
2021.02.11 151503,78.0,11.0,4.160999935833334,-32.643499625000004,-36.698499408333326,-0.27899287325,0.3505816893,9.999908179166669,0.0041469605009166665,0.002228843554166667,-0.0007546221861666668,-0.0350130258845941,0.02792860565047396,-3.042839968204498,1017.293086,-100.0,-100.0,-100.0,-100.0,-100.0,-100.0,-100.0,-100.0,-100.0,-100.0,-61.0,-65.0,-75.0,-78.0,-100.0,-84.0,-100.0,-100.0,-100.0,-100.0,-100.0,-100.0,-100.0,-47.0,-84.0,-100.0,-55.0,-63.0,-78.0,-74.0,-100.0,-100.0,-100.0,-100.0,-100.0,-100.0,-100.0,-100.0,-100.0,-93.0,-100.0,-51.0,-100.0,-84.0,-100.0,-100.0,-100.0,-100.0,-100.0,-100.0,-100.0,-45.0,-46.0,-82.0,-100.0,-55.0,-69.0,-78.0,-74.0,-100.0,-100.0,-100.0,-100.0,-100.0,-100.0,-100.0,-100.0,-100.0,-100.0,-100.0,-52.0,-61.0,-100.0,-100.0,-100.0,-100.0,-100.0,-100.0,-100.0,-100.0,-100.0,-100.0,-100.0,-100.0,-100.0,-100.0,-100.0,-100.0,-100.0,-100.0,-100.0,-100.0,-100.0,-100.0,-100.0,-100.0,-100.0,-100.0,-100.0,-100.0,-100.0,-100.0,-82.0,-93.0,-100.0,-100.0,-100.0,-100.0,-100.0,-100.0,-100.0,-100.0,-100.0,-100.0,-45.0,-100.0,-100.0,-100.0,-100.0,-100.0,-100.0,-100.0,-100.0,-100.0,-52.0,-100.0,-67.0,-69.0,-46.0,-50.0,-61.0,-50.0,-75.0,-76.0,-77.0,-81.0,-80.0,-100.0,-100.0
2021.02.11 151517,79.0,11.0,25.066725336283188,2.342123850619469,-35.08672523893806,-0.05682694685486726,0.33034635749380525,10.001839309734512,0.003126959967964602,-0.00036710834407079664,-0.00011636719778761061,-0.03302236057705122,0.005711745125379603,-1.4297414385111986,1017.283252035398,-100.0,-100.0,-100.0,-100.0,-100.0,-100.0,-100.0,-84.0,-88.0,-100.0,-61.0,-61.0,-78.0,-83.0,-100.0,-100.0,-100.0,-100.0,-100.0,-100.0,-100.0,-100.0,-100.0,-42.0,-79.0,-100.0,-57.0,-73.0,-73.0,-76.0,-100.0,-100.0,-100.0,-100.0,-100.0,-100.0,-100.0,-100.0,-100.0,-100.0,-100.0,-56.0,-100.0,-100.0,-100.0,-100.0,-100.0,-100.0,-100.0,-100.0,-100.0,-48.0,-42.0,-79.0,-100.0,-57.0,-73.0,-74.0,-76.0,-100.0,-100.0,-100.0,-100.0,-100.0,-100.0,-100.0,-100.0,-100.0,-100.0,-100.0,-56.0,-66.0,-100.0,-100.0,-100.0,-100.0,-100.0,-100.0,-100.0,-100.0,-100.0,-100.0,-100.0,-100.0,-100.0,-100.0,-100.0,-100.0,-100.0,-100.0,-100.0,-100.0,-100.0,-100.0,-92.0,-100.0,-100.0,-100.0,-100.0,-100.0,-100.0,-100.0,-79.0,-100.0,-100.0,-100.0,-100.0,-100.0,-100.0,-100.0,-100.0,-100.0,-100.0,-100.0,-48.0,-100.0,-100.0,-100.0,-100.0,-100.0,-100.0,-100.0,-100.0,-100.0,-47.0,-66.0,-73.0,-72.0,-48.0,-52.0,-65.0,-52.0,-75.0,-75.0,-75.0,-77.0,-77.0,-100.0,-100.0
2021.02.11 151529,80.0,11.0,25.958035366071424,2.102142830625,-33.636963928571426,-0.11740497558392858,0.14354960163392858,10.00706397767857,0.0012122622414285713,-0.002541723155535715,-0.0007004442714285711,-0.014326430649296997,0.011758364901262556,-1.4684758920754706,1017.2827100892856,-100.0,-100.0,-100.0,-100.0,-100.0,-100.0,-100.0,-100.0,-100.0,-100.0,-59.0,-65.0,-68.0,-72.0,-100.0,-100.0,-87.0,-100.0,-100.0,-100.0,-100.0,-100.0,-100.0,-61.0,-77.0,-100.0,-61.0,-59.0,-70.0,-71.0,-100.0,-100.0,-100.0,-100.0,-89.0,-100.0,-100.0,-100.0,-100.0,-100.0,-100.0,-57.0,-100.0,-84.0,-86.0,-100.0,-100.0,-100.0,-100.0,-100.0,-100.0,-47.0,-61.0,-77.0,-100.0,-61.0,-59.0,-70.0,-71.0,-100.0,-100.0,-100.0,-100.0,-89.0,-100.0,-100.0,-100.0,-100.0,-100.0,-100.0,-57.0,-72.0,-100.0,-100.0,-100.0,-100.0,-100.0,-100.0,-100.0,-100.0,-100.0,-100.0,-100.0,-100.0,-100.0,-100.0,-100.0,-100.0,-100.0,-100.0,-100.0,-100.0,-100.0,-100.0,-100.0,-100.0,-100.0,-100.0,-100.0,-100.0,-100.0,-100.0,-100.0,-100.0,-100.0,-100.0,-100.0,-100.0,-100.0,-100.0,-100.0,-100.0,-100.0,-100.0,-47.0,-100.0,-100.0,-100.0,-100.0,-100.0,-100.0,-100.0,-100.0,-100.0,-43.0,-67.0,-74.0,-74.0,-44.0,-44.0,-72.0,-44.0,-71.0,-74.0,-73.0,-83.0,-83.0,-100.0,-100.0
2021.02.11 151540,81.0,11.0,24.962033567796613,0.17949152271186444,-32.26169443220339,-0.0898461766474576,0.1725906897338983,10.009752771186442,0.00837763365118644,0.0007435265393220336,-0.0023867022678813556,-0.017241368017463232,0.00897519125936598,-1.5397649801383584,1017.2784553389832,-100.0,-100.0,-100.0,-100.0,-100.0,-100.0,-100.0,-100.0,-100.0,-100.0,-58.0,-68.0,-76.0,-85.0,-100.0,-100.0,-100.0,-100.0,-100.0,-100.0,-100.0,-100.0,-100.0,-59.0,-87.0,-100.0,-60.0,-62.0,-78.0,-79.0,-100.0,-100.0,-100.0,-100.0,-88.0,-100.0,-100.0,-100.0,-100.0,-100.0,-100.0,-59.0,-100.0,-89.0,-100.0,-100.0,-100.0,-100.0,-100.0,-100.0,-100.0,-57.0,-59.0,-100.0,-100.0,-60.0,-68.0,-78.0,-78.0,-100.0,-100.0,-100.0,-100.0,-89.0,-100.0,-100.0,-100.0,-100.0,-100.0,-100.0,-59.0,-71.0,-100.0,-100.0,-100.0,-100.0,-100.0,-100.0,-100.0,-100.0,-100.0,-100.0,-100.0,-100.0,-100.0,-100.0,-100.0,-100.0,-100.0,-100.0,-100.0,-100.0,-100.0,-100.0,-93.0,-100.0,-100.0,-100.0,-100.0,-100.0,-100.0,-100.0,-89.0,-100.0,-100.0,-100.0,-100.0,-100.0,-100.0,-100.0,-100.0,-100.0,-100.0,-100.0,-57.0,-100.0,-100.0,-100.0,-100.0,-100.0,-100.0,-100.0,-100.0,-100.0,-42.0,-73.0,-73.0,-75.0,-43.0,-50.0,-71.0,-50.0,-65.0,-79.0,-80.0,-83.0,-83.0,-100.0,-90.0
2021.02.11 151603,83.0,11.0,22.646315517543858,4.621052550877193,-28.875262807017542,-0.205907633122807,0.05443824819824561,10.015692570175439,0.0026610576777192974,0.0001243057289473681,0.001196931391666667,-0.00551293609845613,0.02045626054812022,-1.3558640961061443,1017.2690235964913,-100.0,-100.0,-100.0,-100.0,-100.0,-100.0,-100.0,-100.0,-100.0,-100.0,-67.0,-77.0,-81.0,-100.0,-100.0,-100.0,-100.0,-100.0,-100.0,-100.0,-100.0,-100.0,-100.0,-62.0,-100.0,-100.0,-67.0,-82.0,-100.0,-80.0,-100.0,-100.0,-100.0,-100.0,-100.0,-100.0,-100.0,-100.0,-100.0,-100.0,-100.0,-67.0,-100.0,-91.0,-100.0,-100.0,-100.0,-100.0,-100.0,-100.0,-100.0,-58.0,-62.0,-100.0,-100.0,-67.0,-81.0,-100.0,-81.0,-100.0,-100.0,-100.0,-100.0,-100.0,-100.0,-100.0,-100.0,-100.0,-100.0,-100.0,-68.0,-86.0,-100.0,-100.0,-100.0,-100.0,-100.0,-100.0,-100.0,-100.0,-100.0,-100.0,-100.0,-100.0,-100.0,-100.0,-100.0,-100.0,-100.0,-100.0,-100.0,-100.0,-100.0,-100.0,-100.0,-100.0,-100.0,-100.0,-100.0,-100.0,-100.0,-100.0,-100.0,-100.0,-78.0,-100.0,-100.0,-100.0,-100.0,-100.0,-100.0,-100.0,-100.0,-100.0,-58.0,-100.0,-100.0,-100.0,-100.0,-100.0,-100.0,-100.0,-100.0,-100.0,-34.0,-78.0,-71.0,-72.0,-34.0,-42.0,-85.0,-42.0,-66.0,-85.0,-85.0,-88.0,-85.0,-100.0,-100.0
2021.02.11 151614,84.0,11.0,23.566551439655168,3.890689596551724,-30.762413465517245,-0.17166537529827586,0.13473987859482758,10.008646538793103,0.0033542398950862076,-0.003220671100172413,0.00044323538784482754,-0.013464116957038611,0.017157618647048407,-1.3842846288763244,1017.2702312931033,-100.0,-100.0,-100.0,-100.0,-100.0,-90.0,-100.0,-100.0,-100.0,-100.0,-74.0,-77.0,-85.0,-100.0,-100.0,-100.0,-100.0,-100.0,-100.0,-100.0,-100.0,-100.0,-100.0,-64.0,-100.0,-100.0,-71.0,-75.0,-100.0,-72.0,-100.0,-100.0,-100.0,-100.0,-100.0,-100.0,-100.0,-100.0,-100.0,-100.0,-100.0,-65.0,-100.0,-100.0,-100.0,-100.0,-100.0,-100.0,-100.0,-100.0,-100.0,-56.0,-64.0,-100.0,-100.0,-71.0,-66.0,-100.0,-72.0,-100.0,-100.0,-100.0,-100.0,-100.0,-100.0,-100.0,-100.0,-100.0,-100.0,-100.0,-66.0,-87.0,-100.0,-100.0,-100.0,-100.0,-100.0,-100.0,-100.0,-100.0,-100.0,-100.0,-100.0,-100.0,-100.0,-100.0,-100.0,-100.0,-100.0,-100.0,-100.0,-100.0,-100.0,-100.0,-100.0,-100.0,-100.0,-100.0,-100.0,-100.0,-100.0,-100.0,-100.0,-100.0,-100.0,-100.0,-100.0,-100.0,-100.0,-100.0,-100.0,-100.0,-100.0,-100.0,-55.0,-100.0,-100.0,-100.0,-100.0,-100.0,-100.0,-100.0,-100.0,-100.0,-38.0,-75.0,-74.0,-73.0,-34.0,-38.0,-88.0,-38.0,-70.0,-100.0,-100.0,-100.0,-100.0,-91.0,-100.0
2021.02.11 151625,85.0,11.0,25.43634744347826,6.082956431304349,-32.478260426086955,-0.22016918313913045,-0.1544203156626087,10.005611917391306,0.004832634788782609,-0.0034564083539130423,0.0008194624141739133,0.015453697839665336,0.022043433607272435,-1.3479032879290374,1017.2637949565217,-100.0,-100.0,-100.0,-100.0,-100.0,-86.0,-93.0,-100.0,-100.0,-100.0,-73.0,-78.0,-83.0,-100.0,-100.0,-100.0,-100.0,-100.0,-100.0,-100.0,-100.0,-100.0,-100.0,-56.0,-81.0,-100.0,-77.0,-79.0,-100.0,-83.0,-100.0,-100.0,-100.0,-100.0,-100.0,-100.0,-100.0,-100.0,-100.0,-100.0,-100.0,-70.0,-100.0,-100.0,-100.0,-100.0,-100.0,-100.0,-100.0,-100.0,-100.0,-62.0,-56.0,-83.0,-100.0,-81.0,-79.0,-100.0,-100.0,-100.0,-100.0,-100.0,-100.0,-100.0,-100.0,-100.0,-100.0,-100.0,-100.0,-100.0,-71.0,-88.0,-100.0,-100.0,-100.0,-100.0,-100.0,-100.0,-100.0,-100.0,-100.0,-100.0,-100.0,-100.0,-100.0,-100.0,-100.0,-100.0,-100.0,-100.0,-100.0,-100.0,-100.0,-100.0,-100.0,-100.0,-100.0,-100.0,-100.0,-100.0,-100.0,-100.0,-100.0,-100.0,-100.0,-100.0,-100.0,-100.0,-100.0,-100.0,-100.0,-100.0,-100.0,-100.0,-60.0,-100.0,-100.0,-100.0,-100.0,-100.0,-100.0,-100.0,-100.0,-100.0,-43.0,-77.0,-80.0,-80.0,-43.0,-33.0,-88.0,-33.0,-65.0,-100.0,-100.0,-86.0,-87.0,-100.0,-92.0
2021.02.11 151637,86.0,11.0,24.994512893805307,4.970442406194691,-33.541061477876106,-0.18552451577699117,0.11598460401769912,10.00961542477876,0.004613578667699115,0.0003356569421238938,-0.003895082240884957,-0.011504902308709283,0.018590385924903134,-1.3524664872515517,1017.2636730088495,-100.0,-100.0,-100.0,-100.0,-100.0,-100.0,-94.0,-100.0,-100.0,-100.0,-72.0,-78.0,-84.0,-100.0,-100.0,-100.0,-100.0,-100.0,-100.0,-100.0,-100.0,-100.0,-100.0,-61.0,-86.0,-100.0,-73.0,-85.0,-100.0,-83.0,-100.0,-100.0,-100.0,-100.0,-100.0,-100.0,-100.0,-100.0,-100.0,-100.0,-100.0,-73.0,-100.0,-90.0,-100.0,-100.0,-100.0,-100.0,-100.0,-100.0,-100.0,-58.0,-61.0,-100.0,-100.0,-72.0,-86.0,-100.0,-82.0,-100.0,-100.0,-100.0,-100.0,-100.0,-100.0,-100.0,-100.0,-100.0,-100.0,-100.0,-72.0,-89.0,-100.0,-100.0,-100.0,-100.0,-100.0,-100.0,-100.0,-100.0,-100.0,-100.0,-100.0,-100.0,-100.0,-100.0,-100.0,-100.0,-100.0,-100.0,-100.0,-100.0,-100.0,-100.0,-100.0,-100.0,-100.0,-100.0,-100.0,-100.0,-100.0,-100.0,-100.0,-100.0,-100.0,-100.0,-100.0,-100.0,-100.0,-100.0,-100.0,-100.0,-100.0,-100.0,-58.0,-100.0,-100.0,-100.0,-100.0,-100.0,-100.0,-100.0,-100.0,-100.0,-38.0,-100.0,-73.0,-74.0,-39.0,-41.0,-88.0,-41.0,-66.0,-100.0,-100.0,-86.0,-100.0,-100.0,-100.0
2021.02.11 151649,87.0,11.0,25.921564886956517,5.2794781765217405,-33.91408642608696,-0.06339623334608695,0.08194665812347825,10.003321839130438,0.0011568194254782604,-0.0015228870652173917,0.003438215308956522,-0.008195392917917571,0.006345790554889974,-1.357005154568216,1017.2562225217391,-100.0,-100.0,-100.0,-100.0,-100.0,-84.0,-100.0,-100.0,-91.0,-100.0,-75.0,-76.0,-84.0,-100.0,-100.0,-100.0,-100.0,-100.0,-100.0,-100.0,-100.0,-100.0,-100.0,-56.0,-82.0,-100.0,-78.0,-85.0,-100.0,-100.0,-100.0,-100.0,-100.0,-100.0,-100.0,-100.0,-100.0,-100.0,-100.0,-100.0,-100.0,-68.0,-100.0,-100.0,-100.0,-100.0,-100.0,-100.0,-100.0,-100.0,-100.0,-56.0,-58.0,-82.0,-100.0,-78.0,-85.0,-100.0,-100.0,-100.0,-100.0,-100.0,-100.0,-100.0,-100.0,-100.0,-100.0,-100.0,-100.0,-100.0,-68.0,-89.0,-100.0,-100.0,-100.0,-100.0,-100.0,-100.0,-100.0,-100.0,-100.0,-100.0,-100.0,-100.0,-100.0,-100.0,-100.0,-100.0,-100.0,-100.0,-100.0,-100.0,-100.0,-100.0,-100.0,-100.0,-100.0,-100.0,-100.0,-100.0,-100.0,-100.0,-100.0,-100.0,-100.0,-100.0,-100.0,-100.0,-100.0,-100.0,-100.0,-100.0,-100.0,-100.0,-57.0,-100.0,-100.0,-100.0,-100.0,-100.0,-100.0,-100.0,-100.0,-100.0,-34.0,-79.0,-78.0,-78.0,-34.0,-42.0,-88.0,-43.0,-67.0,-100.0,-100.0,-85.0,-85.0,-100.0,-88.0
2021.02.11 151700,88.0,11.0,27.86114716393443,5.155081887704918,-33.341311245901636,-0.1402809530754098,0.05891486091311476,10.00316238114754,0.0029541042963934423,-0.002022594890983607,-0.0010086487685245903,-0.005948408863815229,0.014045179946077029,-1.3767295880395858,1017.2597005737704,-100.0,-100.0,-100.0,-100.0,-100.0,-100.0,-100.0,-100.0,-100.0,-100.0,-75.0,-76.0,-86.0,-100.0,-100.0,-100.0,-100.0,-100.0,-100.0,-100.0,-100.0,-100.0,-100.0,-56.0,-83.0,-100.0,-78.0,-83.0,-100.0,-66.0,-100.0,-100.0,-100.0,-100.0,-100.0,-100.0,-100.0,-100.0,-100.0,-100.0,-100.0,-70.0,-100.0,-100.0,-100.0,-100.0,-100.0,-100.0,-100.0,-100.0,-100.0,-58.0,-56.0,-85.0,-100.0,-78.0,-83.0,-100.0,-63.0,-100.0,-100.0,-100.0,-100.0,-100.0,-100.0,-100.0,-100.0,-100.0,-100.0,-100.0,-71.0,-86.0,-100.0,-100.0,-100.0,-100.0,-100.0,-100.0,-100.0,-100.0,-100.0,-100.0,-100.0,-100.0,-100.0,-100.0,-100.0,-100.0,-100.0,-100.0,-100.0,-100.0,-100.0,-100.0,-100.0,-100.0,-100.0,-100.0,-100.0,-100.0,-100.0,-100.0,-100.0,-100.0,-100.0,-100.0,-100.0,-100.0,-100.0,-100.0,-100.0,-100.0,-100.0,-100.0,-58.0,-100.0,-100.0,-100.0,-100.0,-100.0,-100.0,-100.0,-100.0,-100.0,-40.0,-100.0,-77.0,-77.0,-39.0,-38.0,-86.0,-38.0,-59.0,-100.0,-100.0,-100.0,-100.0,-100.0,-100.0
