Timestamp,True_X,True_Y,Mean_Mag_x,Mean_Mag_y,Mean_Mag_z,Mean_Acc_x,Mean_Acc_y,Mean_Acc_z,Mean_Gyro_x,Mean_Gyro_y,Mean_Gyro_z,Mean_Orn_x,Mean_Orn_y,Mean_Orn_z,Mean_Pressure,00:1a:ab:a0:de:a1,00:1a:ab:a0:de:a4,00:1a:ac:a0:de:b1,00:1a:ac:a0:de:b3,00:1a:ac:a0:de:b4,00:1a:ac:a0:de:b5,00:1a:ac:a0:de:g2,00:1a:ac:a0:de:g8,00:1a:ac:a0:de:g9,00:1a:ac:a0:de:h3,00:1a:ac:a0:de:h6,00:1a:ac:a0:de:h9,00:1a:ac:a0:de:i2,00:1a:ac:a0:de:j8,00:1a:ac:a0:de:k1,00:1a:ac:a0:de:k2,00:1a:ac:a0:de:k4,00:1a:ac:a0:de:l2,00:1a:ac:a0:de:l8,00:1a:ac:a0:de:n4,00:1a:ac:a0:de:n5,00:1a:ac:a0:de:n6,00:1a:ac:a0:de:n7,00:1a:ac:a0:de:n8,00:1a:ac:a0:de:p1,00:1a:ac:a0:de:p2,00:1a:ac:a0:de:p3,00:1a:ac:a0:de:p5,00:1a:ac:a0:de:p6,00:1a:ac:a0:de:p7,00:1a:ac:a0:de:p8,00:1a:ac:a0:de:r1,00:1a:ac:a0:de:r2,00:1a:ac:a0:de:r3,00:1a:ac:a0:de:r5,00:1a:ac:a0:de:r9,00:1a:ac:a0:de:s1,00:1a:ac:a0:de:s2,00:1a:ac:a0:de:s3,00:1a:ac:a0:de:s4,00:1a:ac:a0:de:s5,00:1a:ac:a0:de:s6,00:1a:ac:a0:de:s7,00:1a:ac:a0:de:t1,00:1a:ac:a0:de:t2,00:1a:ac:a0:de:t3,00:1a:ac:a0:de:t4,00:1a:ac:a0:de:t5,00:1a:ac:a0:de:t7,00:1a:ac:a0:de:t8,00:1a:ac:a0:de:t9,00:1a:ac:a0:de:u2,00:1a:ac:a0:de:u3,00:1a:ac:a0:de:u4,00:1a:ac:a0:de:u5,00:1a:ac:a0:de:v7,00:1a:ac:a0:de:v8,00:1a:ac:a0:de:w2,00:1a:ac:a0:de:w6,00:1a:ac:a0:de:w7,00:1a:ac:a0:de:w8,00:1a:ac:a0:de:w9,00:1a:ac:a0:de:x1,00:1a:ac:a0:de:x2,00:1a:ac:a0:de:x3,00:1a:ac:a0:de:x4,00:1a:ac:a0:de:b7,00:1a:ac:a0:de:b8,00:1a:ac:a0:de:d3,00:1a:ac:a0:de:h4,00:1a:ac:a0:de:i8,00:1a:ac:a0:de:k7,00:1a:ac:a0:de:k8,00:1a:ac:a0:de:k9,00:1a:ac:a0:de:m2,00:1a:ac:a0:de:p4,00:1a:ac:a0:de:r6,00:1a:ac:a0:de:u1,00:1a:ac:a0:de:w3,00:1a:ac:a0:de:f5,00:1a:ac:a0:de:f6,00:1a:ac:a0:de:b6,00:1a:ac:a0:de:h7,00:1a:ac:a0:de:j7,00:1a:ac:a0:de:m1,00:1a:ac:a0:de:m9,00:1a:ac:a0:de:n3,00:1a:ac:a0:de:x7,00:1a:ac:a0:de:x8,44:1e:98:43:72:98,00:1a:ac:a0:de:f2,00:1a:ac:a0:de:j9,00:1a:ac:a0:de:q2,00:1a:ac:a0:de:i1,00:1a:ac:a0:de:n1,00:1a:ac:a0:de:n9,00:1a:ac:a0:de:q4,00:1a:ac:a0:de:v1,00:1a:ac:a0:de:t6,00:1a:ac:a0:de:w4,00:1a:ac:a0:de:e8,00:1a:ac:a0:de:f3,00:1a:ac:a0:de:f8,00:1a:ac:a0:de:h8,00:1a:ac:a0:de:l7,00:1a:ac:a0:de:e9,00:1a:ac:a0:de:g7,00:1a:ac:a0:de:j6,00:1a:ac:a0:de:l1,00:1a:ac:a0:de:r7,00:1a:ac:a0:de:d4,00:1a:ac:a0:de:f7,00:1a:ac:a0:de:i9,90:9f:33:a4:06:5c,00:1a:ab:a0:de:a7,00:1a:ab:a0:de:a9,00:1a:ac:a0:de:f9,00:1a:ac:a0:de:h2,00:1a:ac:a0:de:j1,00:1a:ac:a0:de:l9,00:1a:ac:a0:de:m4,00:1a:ac:a0:de:m6,00:1a:ac:a0:de:r4,00:1a:ac:a0:de:w1,00:1a:ac:a0:de:g1,00:1a:ac:a0:de:u8,00:1a:ac:a0:de:b2,00:1a:ac:a0:de:v9,00:1a:ac:a0:de:c9,00:1a:ac:a0:de:d1,00:1a:ac:a0:de:d9,00:1a:ac:a0:de:e5,00:1a:ac:a0:de:h5,00:1a:ac:a0:de:i6,00:1a:ac:a0:de:d7,00:1a:ac:a0:de:i7,00:1a:ac:a0:de:k3,00:1a:ac:a0:de:g5,00:1a:ac:a0:de:j2,00:1a:ac:a0:de:q6,00:1a:ac:a0:de:r8,00:1a:ac:a0:de:v3,00:1a:ac:a0:de:w5,00:1a:ab:a0:de:a8,00:1a:ac:a0:de:c1,00:1a:ac:a0:de:c2,00:1a:ac:a0:de:e1,00:1a:ac:a0:de:e4,00:1a:ac:a0:de:j5,00:1a:ac:a0:de:m5,00:1a:ac:a0:de:q5,00:1a:ac:a0:de:q8,00:1a:ac:a0:de:s8,00:1a:ac:a0:de:v2,00:1a:ac:a0:de:v5,00:1a:ac:a0:de:x5,00:1a:ac:a0:de:p9,00:1a:ac:a0:de:q3,00:1a:ac:a0:de:q7,00:1a:ac:a0:de:u6,00:1a:ac:a0:de:u9,00:1a:ac:a0:de:v4,00:1a:ab:a0:de:a6,00:1a:ac:a0:de:d8,00:1a:ac:a0:de:s9,00:1a:ac:a0:de:x6,00:1a:ac:a0:de:q1,00:1a:ac:a0:de:q9,00:1a:ac:a0:de:u7,00:1a:ac:a0:de:v6,00:1a:ac:a0:de:i5
2021.02.09 081757,1.0,24.0,32.908377966216214,-3.007702651351351,-44.82608030405406,-0.06905977722027028,0.7073895396621621,9.688768101351352,0.0022164503050675693,-0.003256572401351351,-0.0029016099364864868,-0.072958611253951,0.007153554361284138,-1.5619184382863947,1023.2419795270271,-56.0,-71.0,-80.0,-57.0,-81.0,-78.0,-88.0,-86.0,-67.0,-59.0,-70.0,-90.0,-65.0,-85.0,-74.0,-56.0,-75.0,-76.0,-88.0,-61.0,-77.0,-70.0,-90.0,-84.0,-47.0,-67.0,-80.0,-45.0,-53.0,-63.0,-79.0,-68.0,-72.0,-85.0,-66.0,-60.0,-60.0,-54.0,-59.0,-32.0,-42.0,-54.0,-72.0,-60.0,-76.0,-69.0,-88.0,-75.0,-48.0,-66.0,-80.0,-46.0,-53.0,-67.0,-78.0,-66.0,-74.0,-68.0,-61.0,-60.0,-54.0,-61.0,-33.0,-41.0,-56.0,-77.0,-100.0,-100.0,-100.0,-100.0,-100.0,-100.0,-100.0,-100.0,-100.0,-100.0,-100.0,-100.0,-100.0,-100.0,-100.0,-100.0,-100.0,-100.0,-100.0,-100.0,-100.0,-100.0,-100.0,-100.0,-100.0,-100.0,-100.0,-100.0,-100.0,-100.0,-100.0,-100.0,-100.0,-100.0,-100.0,-100.0,-100.0,-100.0,-100.0,-100.0,-100.0,-100.0,-100.0,-100.0,-100.0,-100.0,-100.0,-100.0,-100.0,-100.0,-100.0,-100.0,-100.0,-100.0,-100.0,-100.0,-100.0,-100.0,-100.0,-100.0,-100.0,-100.0,-100.0,-100.0,-100.0,-100.0,-100.0,-100.0,-100.0,-100.0,-100.0,-100.0,-100.0,-100.0,-100.0,-100.0,-100.0,-100.0,-100.0,-100.0,-100.0,-100.0,-100.0,-100.0,-100.0,-100.0,-100.0,-100.0,-100.0,-100.0,-100.0,-100.0,-100.0,-100.0,-100.0,-100.0,-100.0,-100.0,-100.0,-100.0,-100.0,-100.0,-100.0,-100.0,-100.0
2021.02.09 081806,2.0,24.0,34.34039961333333,-5.1207999373333335,-40.396799380000004,-0.11378842631133333,0.8160875905333334,9.683348753333332,0.0019588413930000013,-0.00028507036966666675,-0.005298237937666667,-0.08414805797239142,0.011746416788664605,-1.620125138759613,1023.2413963999999,-100.0,-100.0,-100.0,-100.0,-100.0,-57.0,-100.0,-100.0,-84.0,-100.0,-100.0,-100.0,-66.0,-100.0,-100.0,-100.0,-100.0,-100.0,-100.0,-100.0,-100.0,-100.0,-100.0,-100.0,-62.0,-82.0,-54.0,-43.0,-66.0,-62.0,-74.0,-100.0,-70.0,-100.0,-41.0,-71.0,-79.0,-36.0,-46.0,-54.0,-62.0,-50.0,-73.0,-100.0,-100.0,-100.0,-100.0,-100.0,-63.0,-86.0,-54.0,-43.0,-62.0,-62.0,-75.0,-56.0,-69.0,-41.0,-72.0,-83.0,-36.0,-46.0,-54.0,-62.0,-50.0,-73.0,-59.0,-88.0,-70.0,-70.0,-57.0,-56.0,-78.0,-89.0,-69.0,-75.0,-63.0,-78.0,-63.0,-100.0,-100.0,-100.0,-100.0,-100.0,-100.0,-100.0,-100.0,-100.0,-100.0,-100.0,-100.0,-100.0,-100.0,-100.0,-100.0,-100.0,-100.0,-100.0,-100.0,-100.0,-100.0,-100.0,-100.0,-100.0,-100.0,-100.0,-100.0,-100.0,-100.0,-100.0,-100.0,-100.0,-100.0,-100.0,-100.0,-100.0,-100.0,-100.0,-100.0,-100.0,-100.0,-100.0,-100.0,-100.0,-100.0,-100.0,-100.0,-100.0,-100.0,-100.0,-100.0,-100.0,-100.0,-100.0,-100.0,-100.0,-100.0,-100.0,-100.0,-100.0,-100.0,-100.0,-100.0,-100.0,-100.0,-100.0,-100.0,-100.0,-100.0,-100.0,-100.0,-100.0,-100.0,-100.0,-100.0,-100.0,-100.0,-100.0,-100.0,-100.0,-100.0,-100.0,-100.0,-100.0,-100.0,-100.0,-100.0,-100.0,-100.0,-100.0,-100.0
2021.02.09 081815,3.0,24.0,35.74370806622517,-6.100132353642383,-38.3324499205298,-0.09514969819139074,0.7527782344370861,9.686765695364237,-0.006003470325165562,-0.00016586409072847695,-0.003612600459933775,-0.07761515018264974,0.009832201600687325,-1.6576565646177885,1023.2412818543048,-100.0,-72.0,-100.0,-100.0,-100.0,-57.0,-100.0,-100.0,-100.0,-100.0,-100.0,-100.0,-67.0,-100.0,-100.0,-100.0,-100.0,-100.0,-100.0,-87.0,-100.0,-73.0,-100.0,-100.0,-58.0,-82.0,-54.0,-45.0,-58.0,-59.0,-72.0,-60.0,-72.0,-100.0,-39.0,-71.0,-85.0,-31.0,-40.0,-56.0,-67.0,-47.0,-76.0,-86.0,-100.0,-100.0,-100.0,-71.0,-62.0,-82.0,-55.0,-45.0,-58.0,-59.0,-72.0,-60.0,-72.0,-39.0,-71.0,-84.0,-31.0,-40.0,-57.0,-67.0,-50.0,-75.0,-50.0,-76.0,-65.0,-65.0,-53.0,-57.0,-81.0,-100.0,-73.0,-80.0,-58.0,-82.0,-59.0,-74.0,-81.0,-100.0,-100.0,-100.0,-100.0,-100.0,-100.0,-100.0,-100.0,-100.0,-100.0,-100.0,-100.0,-100.0,-100.0,-100.0,-100.0,-100.0,-100.0,-100.0,-100.0,-100.0,-100.0,-100.0,-100.0,-100.0,-100.0,-100.0,-100.0,-100.0,-100.0,-100.0,-100.0,-100.0,-100.0,-100.0,-100.0,-100.0,-100.0,-100.0,-100.0,-100.0,-100.0,-100.0,-100.0,-100.0,-100.0,-100.0,-100.0,-100.0,-100.0,-100.0,-100.0,-100.0,-100.0,-100.0,-100.0,-100.0,-100.0,-100.0,-100.0,-100.0,-100.0,-100.0,-100.0,-100.0,-100.0,-100.0,-100.0,-100.0,-100.0,-100.0,-100.0,-100.0,-100.0,-100.0,-100.0,-100.0,-100.0,-100.0,-100.0,-100.0,-100.0,-100.0,-100.0,-100.0,-100.0,-100.0,-100.0,-100.0,-100.0
2021.02.09 081824,4.0,24.0,34.61514665441176,-8.529264556617647,-36.793235014705886,-0.12676945960735295,0.6521735013235294,9.685214772058824,-0.006517393041544117,0.0020616702647058825,-0.007743615290808824,-0.0673549809657475,0.013120836116928176,-1.7448057278114206,1023.2378004411764,-82.0,-100.0,-100.0,-100.0,-100.0,-100.0,-100.0,-100.0,-84.0,-100.0,-84.0,-87.0,-100.0,-100.0,-100.0,-100.0,-100.0,-100.0,-100.0,-100.0,-100.0,-70.0,-100.0,-84.0,-62.0,-80.0,-62.0,-41.0,-55.0,-53.0,-75.0,-58.0,-68.0,-100.0,-36.0,-70.0,-82.0,-39.0,-34.0,-100.0,-64.0,-50.0,-74.0,-85.0,-100.0,-70.0,-100.0,-83.0,-63.0,-80.0,-62.0,-41.0,-54.0,-50.0,-75.0,-58.0,-69.0,-36.0,-69.0,-83.0,-39.0,-34.0,-100.0,-64.0,-50.0,-75.0,-54.0,-74.0,-66.0,-58.0,-53.0,-56.0,-68.0,-100.0,-71.0,-81.0,-63.0,-82.0,-63.0,-100.0,-80.0,-72.0,-81.0,-81.0,-73.0,-86.0,-82.0,-78.0,-87.0,-87.0,-100.0,-100.0,-100.0,-100.0,-100.0,-100.0,-100.0,-100.0,-100.0,-100.0,-100.0,-100.0,-100.0,-100.0,-100.0,-100.0,-100.0,-100.0,-100.0,-100.0,-100.0,-100.0,-100.0,-100.0,-100.0,-100.0,-100.0,-100.0,-100.0,-100.0,-100.0,-100.0,-100.0,-100.0,-100.0,-100.0,-100.0,-100.0,-100.0,-100.0,-100.0,-100.0,-100.0,-100.0,-100.0,-100.0,-100.0,-100.0,-100.0,-100.0,-100.0,-100.0,-100.0,-100.0,-100.0,-100.0,-100.0,-100.0,-100.0,-100.0,-100.0,-100.0,-100.0,-100.0,-100.0,-100.0,-100.0,-100.0,-100.0,-100.0,-100.0,-100.0,-100.0,-100.0,-100.0,-100.0,-100.0,-100.0,-100.0,-100.0,-100.0
2021.02.09 081959,14.0,24.0,25.398157559210528,-2.069999973881579,-43.53394669736842,-0.02046097345263158,0.5115715991447368,9.68536488486842,-0.006840083273355262,0.0017120302874999997,0.0005827331536184204,-0.05280179395585463,0.0021363334009475558,-1.5615358854594983,1023.2415964473686,-78.0,-69.0,-100.0,-100.0,-100.0,-57.0,-100.0,-100.0,-100.0,-64.0,-100.0,-100.0,-63.0,-100.0,-100.0,-100.0,-100.0,-100.0,-100.0,-100.0,-100.0,-71.0,-100.0,-100.0,-64.0,-82.0,-57.0,-42.0,-64.0,-63.0,-77.0,-53.0,-69.0,-100.0,-47.0,-71.0,-85.0,-28.0,-34.0,-59.0,-62.0,-52.0,-71.0,-100.0,-100.0,-72.0,-100.0,-100.0,-65.0,-85.0,-56.0,-42.0,-65.0,-63.0,-76.0,-58.0,-69.0,-47.0,-71.0,-86.0,-37.0,-33.0,-58.0,-63.0,-51.0,-72.0,-55.0,-73.0,-71.0,-61.0,-61.0,-53.0,-72.0,-100.0,-63.0,-82.0,-58.0,-80.0,-55.0,-100.0,-78.0,-100.0,-100.0,-100.0,-74.0,-100.0,-82.0,-100.0,-100.0,-100.0,-90.0,-89.0,-85.0,-100.0,-100.0,-100.0,-100.0,-100.0,-100.0,-100.0,-100.0,-100.0,-100.0,-100.0,-100.0,-100.0,-100.0,-100.0,-100.0,-100.0,-100.0,-100.0,-100.0,-100.0,-100.0,-100.0,-100.0,-100.0,-100.0,-100.0,-100.0,-100.0,-100.0,-100.0,-100.0,-100.0,-100.0,-100.0,-100.0,-100.0,-100.0,-100.0,-100.0,-100.0,-100.0,-100.0,-100.0,-100.0,-100.0,-100.0,-100.0,-100.0,-100.0,-100.0,-100.0,-100.0,-100.0,-100.0,-100.0,-100.0,-100.0,-100.0,-100.0,-100.0,-100.0,-100.0,-100.0,-100.0,-100.0,-100.0,-100.0,-100.0,-100.0,-100.0,-100.0,-100.0,-100.0,-100.0,-100.0,-100.0,-100.0
2021.02.09 082008,15.0,24.0,25.261599706666665,-0.8735999806000001,-40.787599506666666,-0.076135614212,0.4779784280666666,9.705806296666667,-0.00018325944833333347,-0.0005986478556666668,0.0029565878673333333,-0.04923133047918474,0.00783438961438302,-1.5248280445734659,1023.2431101333334,-100.0,-60.0,-100.0,-100.0,-100.0,-100.0,-100.0,-100.0,-83.0,-100.0,-78.0,-100.0,-100.0,-100.0,-100.0,-100.0,-100.0,-62.0,-100.0,-80.0,-100.0,-100.0,-100.0,-70.0,-100.0,-78.0,-66.0,-35.0,-47.0,-45.0,-62.0,-58.0,-65.0,-100.0,-69.0,-66.0,-83.0,-55.0,-60.0,-43.0,-54.0,-53.0,-73.0,-81.0,-100.0,-100.0,-100.0,-71.0,-100.0,-78.0,-66.0,-35.0,-47.0,-45.0,-63.0,-57.0,-65.0,-70.0,-66.0,-81.0,-56.0,-58.0,-44.0,-54.0,-52.0,-72.0,-47.0,-70.0,-73.0,-60.0,-100.0,-63.0,-80.0,-76.0,-59.0,-100.0,-84.0,-100.0,-83.0,-100.0,-64.0,-100.0,-100.0,-85.0,-78.0,-100.0,-55.0,-100.0,-100.0,-100.0,-100.0,-81.0,-100.0,-76.0,-61.0,-90.0,-88.0,-88.0,-100.0,-100.0,-100.0,-100.0,-100.0,-100.0,-100.0,-100.0,-100.0,-100.0,-100.0,-100.0,-100.0,-100.0,-100.0,-100.0,-100.0,-100.0,-100.0,-100.0,-100.0,-100.0,-100.0,-100.0,-100.0,-100.0,-100.0,-100.0,-100.0,-100.0,-100.0,-100.0,-100.0,-100.0,-100.0,-100.0,-100.0,-100.0,-100.0,-100.0,-100.0,-100.0,-100.0,-100.0,-100.0,-100.0,-100.0,-100.0,-100.0,-100.0,-100.0,-100.0,-100.0,-100.0,-100.0,-100.0,-100.0,-100.0,-100.0,-100.0,-100.0,-100.0,-100.0,-100.0,-100.0,-100.0,-100.0,-100.0,-100.0,-100.0,-100.0,-100.0,-100.0
2021.02.09 082018,16.0,24.0,23.827455319526624,-1.1201183163905326,-38.26970372189349,-0.07348357493254438,0.5561773107692307,9.699562698224854,-0.0014060743822485212,-0.0005313444059171601,0.0043049733804733726,-0.05733290204458684,0.007568241022936765,-1.5245926732847677,1023.2469624852071,-100.0,-55.0,-100.0,-100.0,-100.0,-100.0,-75.0,-100.0,-80.0,-63.0,-79.0,-100.0,-100.0,-100.0,-100.0,-84.0,-100.0,-100.0,-100.0,-71.0,-100.0,-61.0,-100.0,-59.0,-56.0,-72.0,-68.0,-39.0,-51.0,-41.0,-55.0,-57.0,-61.0,-100.0,-62.0,-69.0,-80.0,-48.0,-61.0,-53.0,-54.0,-54.0,-69.0,-76.0,-100.0,-61.0,-100.0,-56.0,-100.0,-73.0,-67.0,-39.0,-52.0,-43.0,-55.0,-57.0,-62.0,-59.0,-67.0,-81.0,-48.0,-60.0,-54.0,-53.0,-54.0,-70.0,-47.0,-69.0,-72.0,-62.0,-100.0,-66.0,-84.0,-75.0,-79.0,-100.0,-86.0,-100.0,-85.0,-59.0,-55.0,-64.0,-100.0,-100.0,-56.0,-100.0,-60.0,-100.0,-100.0,-100.0,-100.0,-100.0,-100.0,-74.0,-57.0,-85.0,-85.0,-84.0,-85.0,-84.0,-100.0,-100.0,-100.0,-100.0,-100.0,-100.0,-100.0,-100.0,-100.0,-100.0,-100.0,-100.0,-100.0,-100.0,-100.0,-100.0,-100.0,-100.0,-100.0,-100.0,-100.0,-100.0,-100.0,-100.0,-100.0,-100.0,-100.0,-100.0,-100.0,-100.0,-100.0,-100.0,-100.0,-100.0,-100.0,-100.0,-100.0,-100.0,-100.0,-100.0,-100.0,-100.0,-100.0,-100.0,-100.0,-100.0,-100.0,-100.0,-100.0,-100.0,-100.0,-100.0,-100.0,-100.0,-100.0,-100.0,-100.0,-100.0,-100.0,-100.0,-100.0,-100.0,-100.0,-100.0,-100.0,-100.0,-100.0,-100.0,-100.0,-100.0,-100.0
2021.02.09 082028,17.0,24.0,23.572899124260356,0.7586981965088758,-39.317395917159764,-0.05459913260473372,0.3242089107218935,9.712114579881657,0.00011928130502958641,-0.0009000320997041417,0.0005060422748520712,-0.033397750386185684,0.0056333258742701665,-1.4819995990166297,1023.2530962130177,-100.0,-59.0,-100.0,-100.0,-100.0,-74.0,-100.0,-100.0,-80.0,-69.0,-72.0,-71.0,-50.0,-100.0,-100.0,-100.0,-100.0,-61.0,-100.0,-100.0,-100.0,-100.0,-100.0,-57.0,-100.0,-82.0,-69.0,-36.0,-45.0,-34.0,-54.0,-62.0,-66.0,-100.0,-75.0,-66.0,-79.0,-52.0,-59.0,-43.0,-47.0,-55.0,-70.0,-100.0,-100.0,-100.0,-100.0,-57.0,-100.0,-82.0,-67.0,-34.0,-44.0,-34.0,-54.0,-100.0,-66.0,-75.0,-65.0,-79.0,-52.0,-59.0,-43.0,-48.0,-56.0,-68.0,-56.0,-73.0,-80.0,-62.0,-100.0,-100.0,-88.0,-69.0,-100.0,-83.0,-88.0,-85.0,-88.0,-100.0,-56.0,-100.0,-100.0,-100.0,-66.0,-82.0,-56.0,-100.0,-100.0,-100.0,-100.0,-77.0,-100.0,-76.0,-57.0,-78.0,-100.0,-100.0,-78.0,-100.0,-64.0,-85.0,-75.0,-85.0,-100.0,-100.0,-100.0,-100.0,-100.0,-100.0,-100.0,-100.0,-100.0,-100.0,-100.0,-100.0,-100.0,-100.0,-100.0,-100.0,-100.0,-100.0,-100.0,-100.0,-100.0,-100.0,-100.0,-100.0,-100.0,-100.0,-100.0,-100.0,-100.0,-100.0,-100.0,-100.0,-100.0,-100.0,-100.0,-100.0,-100.0,-100.0,-100.0,-100.0,-100.0,-100.0,-100.0,-100.0,-100.0,-100.0,-100.0,-100.0,-100.0,-100.0,-100.0,-100.0,-100.0,-100.0,-100.0,-100.0,-100.0,-100.0,-100.0,-100.0,-100.0,-100.0,-100.0,-100.0,-100.0,-100.0,-100.0
2021.02.09 082200,26.0,24.0,33.17666632716049,-0.769259239074074,-43.32518456790124,-0.15380529017777778,0.5678839592592593,9.70522171604938,-0.0022662346509259262,-0.00033936957839506184,-0.002062612762345679,-0.05843475557587761,0.01598407895258267,-1.5155253807703655,1023.2961127160494,-100.0,-55.0,-100.0,-75.0,-100.0,-100.0,-100.0,-100.0,-85.0,-58.0,-75.0,-100.0,-47.0,-100.0,-100.0,-100.0,-100.0,-66.0,-88.0,-72.0,-100.0,-67.0,-100.0,-53.0,-61.0,-75.0,-70.0,-33.0,-48.0,-35.0,-58.0,-59.0,-69.0,-100.0,-73.0,-64.0,-78.0,-53.0,-63.0,-50.0,-49.0,-56.0,-74.0,-73.0,-100.0,-65.0,-100.0,-56.0,-61.0,-77.0,-73.0,-33.0,-49.0,-37.0,-59.0,-58.0,-69.0,-73.0,-64.0,-76.0,-54.0,-64.0,-51.0,-49.0,-55.0,-74.0,-59.0,-79.0,-77.0,-71.0,-100.0,-100.0,-100.0,-72.0,-100.0,-85.0,-87.0,-88.0,-87.0,-100.0,-63.0,-77.0,-100.0,-100.0,-100.0,-100.0,-64.0,-100.0,-100.0,-100.0,-100.0,-100.0,-100.0,-73.0,-100.0,-79.0,-87.0,-100.0,-80.0,-100.0,-100.0,-79.0,-100.0,-100.0,-75.0,-100.0,-100.0,-100.0,-100.0,-100.0,-100.0,-100.0,-100.0,-100.0,-100.0,-100.0,-100.0,-100.0,-100.0,-100.0,-100.0,-100.0,-100.0,-100.0,-100.0,-100.0,-100.0,-100.0,-100.0,-100.0,-100.0,-100.0,-100.0,-100.0,-100.0,-100.0,-100.0,-100.0,-100.0,-100.0,-100.0,-100.0,-100.0,-100.0,-100.0,-100.0,-100.0,-100.0,-100.0,-100.0,-100.0,-100.0,-100.0,-100.0,-100.0,-100.0,-100.0,-100.0,-100.0,-100.0,-100.0,-100.0,-100.0,-100.0,-100.0,-100.0,-100.0,-100.0,-100.0,-100.0,-100.0
2021.02.09 082210,27.0,24.0,29.51294069934641,2.7901960411764706,-40.4764701503268,-0.18159941583006536,0.6349954936601307,9.681118879084966,0.0016688998098039218,-0.001768714391503268,-0.00024354754183006548,-0.06550199010111143,0.0188446285399407,-1.382689263306412,1023.3108751633987,-76.0,-62.0,-100.0,-63.0,-100.0,-100.0,-100.0,-88.0,-64.0,-48.0,-65.0,-69.0,-56.0,-100.0,-100.0,-100.0,-100.0,-61.0,-100.0,-100.0,-87.0,-67.0,-86.0,-67.0,-43.0,-68.0,-100.0,-44.0,-60.0,-58.0,-71.0,-58.0,-77.0,-100.0,-100.0,-62.0,-72.0,-58.0,-68.0,-37.0,-45.0,-54.0,-71.0,-63.0,-90.0,-68.0,-88.0,-67.0,-42.0,-68.0,-100.0,-43.0,-60.0,-59.0,-72.0,-57.0,-76.0,-100.0,-64.0,-73.0,-58.0,-66.0,-38.0,-45.0,-54.0,-72.0,-75.0,-100.0,-100.0,-86.0,-100.0,-100.0,-100.0,-100.0,-100.0,-100.0,-100.0,-100.0,-100.0,-100.0,-76.0,-100.0,-100.0,-100.0,-100.0,-100.0,-67.0,-100.0,-100.0,-100.0,-84.0,-100.0,-100.0,-83.0,-100.0,-85.0,-100.0,-100.0,-87.0,-100.0,-51.0,-61.0,-73.0,-100.0,-100.0,-74.0,-72.0,-100.0,-100.0,-100.0,-100.0,-100.0,-100.0,-100.0,-100.0,-100.0,-100.0,-100.0,-100.0,-100.0,-100.0,-100.0,-100.0,-100.0,-100.0,-100.0,-100.0,-100.0,-100.0,-100.0,-100.0,-100.0,-100.0,-100.0,-100.0,-100.0,-100.0,-100.0,-100.0,-100.0,-100.0,-100.0,-100.0,-100.0,-100.0,-100.0,-100.0,-100.0,-100.0,-100.0,-100.0,-100.0,-100.0,-100.0,-100.0,-100.0,-100.0,-100.0,-100.0,-100.0,-100.0,-100.0,-100.0,-100.0,-100.0,-100.0,-100.0,-100.0,-100.0,-100.0,-100.0
2021.02.09 082219,28.0,24.0,28.597851953020132,3.238791901342282,-37.87369075838926,-0.10887993685637584,0.6288876975838926,9.702365761744968,-0.0040751680966442955,-0.0006313640714765095,0.0007461575093959731,-0.06475701378095867,0.01132929577911315,-1.3708729159912008,1023.3044340939596,-100.0,-69.0,-100.0,-55.0,-89.0,-100.0,-85.0,-100.0,-68.0,-61.0,-63.0,-100.0,-100.0,-100.0,-100.0,-100.0,-100.0,-60.0,-100.0,-67.0,-90.0,-69.0,-90.0,-100.0,-42.0,-76.0,-74.0,-47.0,-57.0,-61.0,-77.0,-59.0,-73.0,-100.0,-100.0,-75.0,-77.0,-57.0,-71.0,-30.0,-43.0,-54.0,-67.0,-100.0,-100.0,-100.0,-90.0,-100.0,-42.0,-72.0,-76.0,-45.0,-55.0,-60.0,-78.0,-60.0,-73.0,-100.0,-71.0,-76.0,-57.0,-70.0,-30.0,-42.0,-54.0,-67.0,-73.0,-100.0,-100.0,-100.0,-100.0,-100.0,-100.0,-100.0,-82.0,-100.0,-100.0,-100.0,-100.0,-73.0,-76.0,-100.0,-100.0,-100.0,-100.0,-100.0,-100.0,-100.0,-100.0,-100.0,-100.0,-100.0,-100.0,-81.0,-100.0,-85.0,-86.0,-86.0,-85.0,-80.0,-48.0,-64.0,-78.0,-100.0,-100.0,-69.0,-100.0,-71.0,-57.0,-80.0,-100.0,-100.0,-100.0,-100.0,-100.0,-100.0,-100.0,-100.0,-100.0,-100.0,-100.0,-100.0,-100.0,-100.0,-100.0,-100.0,-100.0,-100.0,-100.0,-100.0,-100.0,-100.0,-100.0,-100.0,-100.0,-100.0,-100.0,-100.0,-100.0,-100.0,-100.0,-100.0,-100.0,-100.0,-100.0,-100.0,-100.0,-100.0,-100.0,-100.0,-100.0,-100.0,-100.0,-100.0,-100.0,-100.0,-100.0,-100.0,-100.0,-100.0,-100.0,-100.0,-100.0,-100.0,-100.0,-100.0,-100.0,-100.0,-100.0,-100.0,-100.0
2021.02.09 082228,29.0,24.0,28.750318146496816,3.636687842038217,-36.3886618343949,0.0026686963764331224,0.3876014301273885,9.69375663057325,-0.00543942431178344,0.0003813045006369419,0.001929867257006369,-0.04002270766883894,-0.00022804508046914113,-1.3954481266106769,1023.3061835668791,-75.0,-68.0,-100.0,-70.0,-100.0,-100.0,-100.0,-100.0,-67.0,-53.0,-64.0,-73.0,-100.0,-88.0,-100.0,-71.0,-100.0,-100.0,-88.0,-70.0,-86.0,-65.0,-100.0,-64.0,-44.0,-63.0,-100.0,-54.0,-58.0,-58.0,-73.0,-58.0,-71.0,-100.0,-74.0,-58.0,-72.0,-53.0,-65.0,-32.0,-42.0,-53.0,-73.0,-73.0,-86.0,-65.0,-100.0,-64.0,-43.0,-63.0,-100.0,-54.0,-58.0,-58.0,-73.0,-57.0,-72.0,-75.0,-61.0,-73.0,-53.0,-65.0,-34.0,-42.0,-52.0,-72.0,-100.0,-100.0,-100.0,-100.0,-100.0,-100.0,-100.0,-71.0,-100.0,-100.0,-100.0,-100.0,-100.0,-100.0,-100.0,-100.0,-100.0,-100.0,-78.0,-100.0,-75.0,-100.0,-100.0,-100.0,-76.0,-100.0,-89.0,-84.0,-100.0,-82.0,-100.0,-100.0,-82.0,-100.0,-55.0,-78.0,-80.0,-100.0,-100.0,-66.0,-100.0,-100.0,-59.0,-100.0,-71.0,-67.0,-100.0,-100.0,-100.0,-100.0,-100.0,-100.0,-100.0,-100.0,-100.0,-100.0,-100.0,-100.0,-100.0,-100.0,-100.0,-100.0,-100.0,-100.0,-100.0,-100.0,-100.0,-100.0,-100.0,-100.0,-100.0,-100.0,-100.0,-100.0,-100.0,-100.0,-100.0,-100.0,-100.0,-100.0,-100.0,-100.0,-100.0,-100.0,-100.0,-100.0,-100.0,-100.0,-100.0,-100.0,-100.0,-100.0,-100.0,-100.0,-100.0,-100.0,-100.0,-100.0,-100.0,-100.0,-100.0,-100.0,-100.0,-100.0,-100.0
2021.02.09 082407,39.0,24.0,15.539607614379088,-8.543921407189542,-31.696862366013068,-0.07719344437254902,0.5809616488562092,9.748860705882354,0.002375586963071896,0.0013135600705882354,-0.0041882199464052285,-0.059560279751476465,0.007927445347220414,-1.980230994473875,1023.3134512418301,-64.0,-64.0,-88.0,-100.0,-100.0,-100.0,-100.0,-100.0,-65.0,-43.0,-61.0,-73.0,-100.0,-83.0,-100.0,-68.0,-100.0,-61.0,-87.0,-100.0,-100.0,-63.0,-90.0,-63.0,-45.0,-58.0,-100.0,-48.0,-64.0,-64.0,-78.0,-52.0,-69.0,-100.0,-71.0,-100.0,-76.0,-56.0,-70.0,-33.0,-35.0,-55.0,-70.0,-100.0,-100.0,-62.0,-87.0,-64.0,-45.0,-59.0,-100.0,-48.0,-62.0,-63.0,-77.0,-51.0,-69.0,-100.0,-100.0,-75.0,-54.0,-69.0,-32.0,-35.0,-55.0,-70.0,-73.0,-100.0,-100.0,-100.0,-100.0,-79.0,-100.0,-100.0,-100.0,-100.0,-100.0,-100.0,-100.0,-100.0,-100.0,-100.0,-100.0,-100.0,-100.0,-100.0,-100.0,-100.0,-100.0,-100.0,-100.0,-100.0,-100.0,-100.0,-100.0,-90.0,-100.0,-100.0,-100.0,-100.0,-60.0,-69.0,-85.0,-100.0,-100.0,-76.0,-100.0,-100.0,-100.0,-100.0,-86.0,-100.0,-88.0,-85.0,-100.0,-100.0,-100.0,-100.0,-100.0,-100.0,-100.0,-100.0,-100.0,-100.0,-100.0,-100.0,-100.0,-100.0,-100.0,-100.0,-100.0,-100.0,-100.0,-100.0,-100.0,-100.0,-100.0,-100.0,-100.0,-100.0,-100.0,-100.0,-100.0,-100.0,-100.0,-100.0,-100.0,-100.0,-100.0,-100.0,-100.0,-100.0,-100.0,-100.0,-100.0,-100.0,-100.0,-100.0,-100.0,-100.0,-100.0,-100.0,-100.0,-100.0,-100.0,-100.0,-100.0,-100.0,-100.0,-100.0,-100.0
2021.02.09 082419,40.0,24.0,14.361710233552632,-1.5477631225000001,-34.26907842105263,-0.16019099465789471,0.4620179224342105,9.684467128289475,0.003886228296710527,-0.0018285769447368427,-0.001603521300657895,-0.047724779278628095,0.016505615109436808,-1.5630802598438764,1023.315925263158,-57.0,-100.0,-66.0,-61.0,-85.0,-100.0,-100.0,-80.0,-73.0,-62.0,-71.0,-100.0,-100.0,-78.0,-82.0,-62.0,-100.0,-100.0,-81.0,-69.0,-82.0,-64.0,-85.0,-100.0,-53.0,-69.0,-100.0,-59.0,-69.0,-69.0,-100.0,-56.0,-71.0,-100.0,-100.0,-52.0,-62.0,-68.0,-73.0,-45.0,-54.0,-56.0,-59.0,-70.0,-82.0,-66.0,-85.0,-100.0,-53.0,-69.0,-100.0,-60.0,-68.0,-69.0,-100.0,-56.0,-71.0,-100.0,-51.0,-62.0,-68.0,-74.0,-46.0,-54.0,-57.0,-60.0,-100.0,-100.0,-100.0,-100.0,-100.0,-100.0,-100.0,-100.0,-100.0,-100.0,-100.0,-100.0,-100.0,-100.0,-100.0,-100.0,-100.0,-65.0,-88.0,-100.0,-100.0,-100.0,-100.0,-100.0,-100.0,-100.0,-100.0,-100.0,-100.0,-100.0,-85.0,-86.0,-100.0,-78.0,-70.0,-100.0,-100.0,-100.0,-100.0,-100.0,-100.0,-100.0,-100.0,-79.0,-100.0,-100.0,-100.0,-100.0,-75.0,-83.0,-82.0,-69.0,-83.0,-70.0,-83.0,-88.0,-90.0,-90.0,-100.0,-100.0,-100.0,-100.0,-100.0,-100.0,-100.0,-100.0,-100.0,-100.0,-100.0,-100.0,-100.0,-100.0,-100.0,-100.0,-100.0,-100.0,-100.0,-100.0,-100.0,-100.0,-100.0,-100.0,-100.0,-100.0,-100.0,-100.0,-100.0,-100.0,-100.0,-100.0,-100.0,-100.0,-100.0,-100.0,-100.0,-100.0,-100.0,-100.0,-100.0,-100.0,-100.0,-100.0,-100.0,-100.0,-100.0
2021.02.09 082429,41.0,24.0,16.187272454545454,3.8999999533333334,-36.7243630969697,-0.1750088889739394,0.28013610918181825,9.694122648484848,-0.002961770887272728,-0.0010551308306060605,-0.004053923843636365,-0.02895097109686691,0.017957020773213653,-1.2607193925163962,1023.3075263030302,-56.0,-84.0,-82.0,-60.0,-100.0,-100.0,-100.0,-82.0,-79.0,-73.0,-100.0,-89.0,-100.0,-77.0,-100.0,-60.0,-100.0,-100.0,-82.0,-100.0,-85.0,-61.0,-82.0,-100.0,-55.0,-70.0,-100.0,-57.0,-76.0,-74.0,-85.0,-51.0,-69.0,-100.0,-100.0,-51.0,-63.0,-67.0,-74.0,-52.0,-58.0,-45.0,-68.0,-100.0,-86.0,-62.0,-80.0,-100.0,-58.0,-71.0,-100.0,-57.0,-73.0,-72.0,-84.0,-51.0,-70.0,-100.0,-52.0,-63.0,-66.0,-73.0,-52.0,-57.0,-45.0,-69.0,-100.0,-100.0,-100.0,-100.0,-100.0,-100.0,-100.0,-100.0,-100.0,-100.0,-100.0,-100.0,-100.0,-100.0,-90.0,-100.0,-100.0,-60.0,-100.0,-100.0,-100.0,-100.0,-100.0,-100.0,-100.0,-100.0,-100.0,-100.0,-100.0,-100.0,-100.0,-100.0,-100.0,-100.0,-100.0,-100.0,-100.0,-100.0,-72.0,-90.0,-100.0,-100.0,-100.0,-69.0,-100.0,-100.0,-100.0,-100.0,-69.0,-100.0,-86.0,-60.0,-100.0,-100.0,-89.0,-88.0,-84.0,-84.0,-88.0,-100.0,-100.0,-100.0,-100.0,-100.0,-100.0,-100.0,-100.0,-100.0,-100.0,-100.0,-100.0,-100.0,-100.0,-100.0,-100.0,-100.0,-100.0,-100.0,-100.0,-100.0,-100.0,-100.0,-100.0,-100.0,-100.0,-100.0,-100.0,-100.0,-100.0,-100.0,-100.0,-100.0,-100.0,-100.0,-100.0,-100.0,-100.0,-100.0,-100.0,-100.0,-100.0,-100.0,-100.0,-100.0,-100.0
2021.02.09 082439,42.0,24.0,20.500118112426037,2.642485174556213,-37.612544011834316,-0.11496418236686391,0.7316907036094674,9.750535162721892,0.0007048444754437872,5.783330029585843e-05,-9.036459023668619e-05,-0.07499132241458578,0.011783110974260047,-1.304311596430265,1023.3005849112424,-56.0,-100.0,-81.0,-57.0,-82.0,-100.0,-100.0,-74.0,-100.0,-63.0,-76.0,-100.0,-100.0,-78.0,-82.0,-69.0,-100.0,-100.0,-100.0,-66.0,-85.0,-58.0,-86.0,-100.0,-54.0,-75.0,-100.0,-60.0,-78.0,-75.0,-100.0,-53.0,-67.0,-100.0,-79.0,-44.0,-59.0,-64.0,-72.0,-59.0,-57.0,-45.0,-61.0,-66.0,-86.0,-56.0,-86.0,-100.0,-55.0,-75.0,-100.0,-100.0,-75.0,-79.0,-100.0,-54.0,-66.0,-78.0,-44.0,-60.0,-65.0,-72.0,-58.0,-58.0,-45.0,-61.0,-100.0,-100.0,-100.0,-100.0,-100.0,-100.0,-100.0,-100.0,-100.0,-100.0,-100.0,-100.0,-100.0,-100.0,-100.0,-100.0,-100.0,-62.0,-100.0,-100.0,-100.0,-100.0,-100.0,-100.0,-100.0,-100.0,-86.0,-100.0,-100.0,-100.0,-100.0,-100.0,-100.0,-72.0,-100.0,-100.0,-100.0,-100.0,-62.0,-100.0,-100.0,-100.0,-100.0,-73.0,-100.0,-100.0,-100.0,-100.0,-61.0,-100.0,-87.0,-100.0,-77.0,-100.0,-100.0,-88.0,-100.0,-100.0,-100.0,-87.0,-100.0,-100.0,-100.0,-100.0,-100.0,-100.0,-100.0,-100.0,-100.0,-100.0,-100.0,-100.0,-100.0,-100.0,-100.0,-100.0,-100.0,-100.0,-100.0,-100.0,-100.0,-100.0,-100.0,-100.0,-100.0,-100.0,-100.0,-100.0,-100.0,-100.0,-100.0,-100.0,-100.0,-100.0,-100.0,-100.0,-100.0,-100.0,-100.0,-100.0,-100.0,-100.0,-100.0,-100.0,-100.0
2021.02.09 082449,43.0,24.0,23.18374967361111,2.1270832972222222,-37.79333284027778,-0.14717689869236109,0.6372400661111111,9.672175777777777,-0.0032155266482638886,0.0011665828312500005,-0.0027107144857638887,-0.06586079371886117,0.015187079791657046,-1.3685287071598902,1023.3002533333334,-51.0,-100.0,-66.0,-100.0,-100.0,-100.0,-100.0,-72.0,-100.0,-72.0,-74.0,-100.0,-100.0,-74.0,-88.0,-63.0,-100.0,-100.0,-71.0,-66.0,-86.0,-57.0,-85.0,-100.0,-53.0,-70.0,-100.0,-100.0,-75.0,-100.0,-100.0,-51.0,-73.0,-70.0,-80.0,-42.0,-60.0,-66.0,-72.0,-65.0,-55.0,-40.0,-61.0,-66.0,-84.0,-58.0,-86.0,-100.0,-53.0,-68.0,-100.0,-100.0,-77.0,-73.0,-100.0,-51.0,-74.0,-100.0,-57.0,-60.0,-66.0,-73.0,-65.0,-56.0,-41.0,-60.0,-100.0,-100.0,-100.0,-100.0,-100.0,-100.0,-100.0,-100.0,-100.0,-100.0,-100.0,-100.0,-100.0,-100.0,-100.0,-100.0,-100.0,-61.0,-100.0,-100.0,-100.0,-100.0,-100.0,-100.0,-100.0,-100.0,-100.0,-100.0,-100.0,-100.0,-100.0,-100.0,-100.0,-75.0,-100.0,-100.0,-100.0,-100.0,-56.0,-100.0,-100.0,-100.0,-100.0,-77.0,-100.0,-100.0,-100.0,-100.0,-56.0,-100.0,-82.0,-66.0,-77.0,-64.0,-100.0,-100.0,-100.0,-100.0,-82.0,-100.0,-67.0,-69.0,-100.0,-100.0,-100.0,-100.0,-100.0,-100.0,-100.0,-100.0,-100.0,-100.0,-100.0,-100.0,-100.0,-100.0,-100.0,-100.0,-100.0,-100.0,-100.0,-100.0,-100.0,-100.0,-100.0,-100.0,-100.0,-100.0,-100.0,-100.0,-100.0,-100.0,-100.0,-100.0,-100.0,-100.0,-100.0,-100.0,-100.0,-100.0,-100.0,-100.0,-100.0,-100.0,-100.0
2021.02.09 082612,45.0,18.0,6.207664608383234,-26.203472676646708,-40.08574791017964,0.025131949405389216,0.6234673298802397,9.677463577844312,-0.003251851510778441,0.0013168352631736527,-0.0018472272568862277,-0.06439457795844816,-0.0026055759114901873,-2.8799819760693763,1023.3147076646704,-51.0,-100.0,-66.0,-100.0,-100.0,-100.0,-100.0,-72.0,-100.0,-72.0,-74.0,-100.0,-100.0,-74.0,-88.0,-63.0,-100.0,-100.0,-71.0,-66.0,-86.0,-73.0,-85.0,-100.0,-53.0,-70.0,-100.0,-100.0,-75.0,-100.0,-100.0,-51.0,-73.0,-70.0,-80.0,-50.0,-60.0,-66.0,-72.0,-65.0,-55.0,-40.0,-61.0,-66.0,-84.0,-58.0,-86.0,-100.0,-53.0,-68.0,-100.0,-100.0,-77.0,-73.0,-100.0,-51.0,-74.0,-100.0,-57.0,-60.0,-66.0,-73.0,-65.0,-56.0,-41.0,-60.0,-100.0,-100.0,-100.0,-100.0,-100.0,-100.0,-100.0,-100.0,-100.0,-100.0,-100.0,-100.0,-100.0,-100.0,-100.0,-100.0,-100.0,-61.0,-100.0,-100.0,-100.0,-100.0,-100.0,-100.0,-100.0,-100.0,-100.0,-100.0,-100.0,-100.0,-100.0,-100.0,-100.0,-75.0,-100.0,-100.0,-100.0,-100.0,-56.0,-100.0,-100.0,-100.0,-100.0,-77.0,-100.0,-100.0,-100.0,-100.0,-56.0,-100.0,-82.0,-66.0,-77.0,-64.0,-100.0,-100.0,-100.0,-100.0,-82.0,-100.0,-67.0,-69.0,-100.0,-100.0,-100.0,-100.0,-100.0,-100.0,-100.0,-100.0,-100.0,-100.0,-100.0,-100.0,-100.0,-100.0,-100.0,-100.0,-100.0,-100.0,-100.0,-100.0,-100.0,-100.0,-100.0,-100.0,-100.0,-100.0,-100.0,-100.0,-100.0,-100.0,-100.0,-100.0,-100.0,-100.0,-100.0,-100.0,-100.0,-100.0,-100.0,-100.0,-100.0,-100.0,-100.0
2021.02.09 082622,45.0,17.0,5.119199923333334,-25.86199964666667,-38.68399954,-0.111027112684,0.43678219726666667,9.704944453333335,-0.0010303260976666678,-0.0042149701236666665,0.00017104222633333333,-0.045009669301410475,0.011487315834138654,-2.950116868019104,1023.3080456666668,-56.0,-100.0,-100.0,-100.0,-100.0,-100.0,-100.0,-70.0,-100.0,-66.0,-100.0,-100.0,-100.0,-75.0,-100.0,-57.0,-69.0,-100.0,-78.0,-100.0,-100.0,-78.0,-100.0,-100.0,-100.0,-100.0,-100.0,-76.0,-90.0,-100.0,-100.0,-86.0,-100.0,-66.0,-100.0,-51.0,-55.0,-85.0,-100.0,-67.0,-80.0,-66.0,-79.0,-100.0,-100.0,-77.0,-100.0,-100.0,-100.0,-100.0,-100.0,-75.0,-100.0,-100.0,-100.0,-100.0,-100.0,-100.0,-50.0,-55.0,-86.0,-100.0,-67.0,-80.0,-67.0,-78.0,-100.0,-100.0,-100.0,-100.0,-100.0,-100.0,-100.0,-100.0,-100.0,-100.0,-100.0,-100.0,-100.0,-90.0,-100.0,-100.0,-100.0,-58.0,-100.0,-100.0,-100.0,-100.0,-100.0,-100.0,-100.0,-100.0,-100.0,-100.0,-100.0,-100.0,-82.0,-78.0,-100.0,-100.0,-100.0,-100.0,-100.0,-100.0,-48.0,-100.0,-100.0,-100.0,-100.0,-84.0,-100.0,-100.0,-100.0,-100.0,-55.0,-100.0,-100.0,-46.0,-81.0,-100.0,-100.0,-100.0,-75.0,-75.0,-83.0,-100.0,-100.0,-66.0,-85.0,-85.0,-80.0,-90.0,-84.0,-69.0,-100.0,-100.0,-100.0,-100.0,-100.0,-100.0,-100.0,-100.0,-100.0,-100.0,-100.0,-100.0,-100.0,-100.0,-100.0,-100.0,-100.0,-100.0,-100.0,-100.0,-100.0,-100.0,-100.0,-100.0,-100.0,-100.0,-100.0,-100.0,-100.0,-100.0,-100.0,-100.0,-100.0,-100.0,-100.0,-100.0,-100.0
2021.02.09 082633,46.0,17.0,20.67479976666667,-1.6043999794666666,-42.26719946666667,-0.04207410525266667,0.6286216013333334,9.69487285,-0.0032090787589999998,-0.0021868975210000002,-0.004027638177666667,-0.0647652310878038,0.004286072896691934,-1.5150269118944804,1023.3016898000002,-38.0,-100.0,-100.0,-100.0,-100.0,-100.0,-100.0,-76.0,-100.0,-78.0,-100.0,-100.0,-100.0,-77.0,-84.0,-60.0,-73.0,-100.0,-76.0,-100.0,-100.0,-100.0,-100.0,-100.0,-100.0,-100.0,-100.0,-100.0,-90.0,-100.0,-100.0,-100.0,-100.0,-66.0,-100.0,-45.0,-53.0,-100.0,-100.0,-73.0,-87.0,-71.0,-82.0,-100.0,-100.0,-100.0,-100.0,-100.0,-100.0,-100.0,-100.0,-100.0,-88.0,-100.0,-100.0,-100.0,-100.0,-100.0,-46.0,-53.0,-100.0,-100.0,-74.0,-86.0,-71.0,-79.0,-100.0,-100.0,-100.0,-100.0,-100.0,-100.0,-100.0,-100.0,-100.0,-100.0,-100.0,-100.0,-100.0,-100.0,-100.0,-100.0,-100.0,-61.0,-100.0,-100.0,-100.0,-100.0,-100.0,-100.0,-100.0,-100.0,-100.0,-100.0,-100.0,-100.0,-100.0,-100.0,-100.0,-100.0,-100.0,-100.0,-100.0,-100.0,-51.0,-100.0,-100.0,-100.0,-100.0,-100.0,-100.0,-100.0,-100.0,-100.0,-53.0,-100.0,-100.0,-54.0,-75.0,-69.0,-100.0,-100.0,-85.0,-86.0,-100.0,-100.0,-100.0,-66.0,-100.0,-100.0,-74.0,-100.0,-100.0,-67.0,-78.0,-100.0,-100.0,-100.0,-100.0,-100.0,-100.0,-100.0,-100.0,-100.0,-100.0,-100.0,-100.0,-100.0,-100.0,-100.0,-100.0,-100.0,-100.0,-100.0,-100.0,-100.0,-100.0,-100.0,-100.0,-100.0,-100.0,-100.0,-100.0,-100.0,-100.0,-100.0,-100.0,-100.0,-100.0,-100.0,-100.0
2021.02.09 082644,47.0,17.0,-6.387547066037737,16.72150925157233,-46.95094274842767,-0.23317115217610065,0.551148245408805,9.693701025157234,-0.0011564178867924523,-0.0008567481110062889,-0.007368802251572328,-0.056795151154481346,0.02411020122199028,0.37008666373648735,1023.2935508805028,-54.0,-100.0,-100.0,-100.0,-72.0,-100.0,-100.0,-67.0,-100.0,-81.0,-85.0,-100.0,-100.0,-77.0,-90.0,-67.0,-66.0,-100.0,-74.0,-75.0,-100.0,-100.0,-100.0,-100.0,-74.0,-100.0,-100.0,-100.0,-86.0,-100.0,-100.0,-100.0,-100.0,-100.0,-100.0,-49.0,-60.0,-85.0,-100.0,-68.0,-77.0,-64.0,-78.0,-72.0,-100.0,-100.0,-100.0,-100.0,-73.0,-100.0,-100.0,-81.0,-86.0,-100.0,-100.0,-100.0,-100.0,-100.0,-48.0,-60.0,-85.0,-100.0,-68.0,-78.0,-64.0,-80.0,-100.0,-100.0,-100.0,-100.0,-100.0,-100.0,-100.0,-100.0,-100.0,-100.0,-100.0,-100.0,-100.0,-100.0,-100.0,-100.0,-100.0,-56.0,-100.0,-100.0,-100.0,-100.0,-100.0,-100.0,-100.0,-100.0,-100.0,-100.0,-100.0,-100.0,-100.0,-100.0,-100.0,-100.0,-100.0,-100.0,-100.0,-100.0,-45.0,-100.0,-100.0,-100.0,-100.0,-100.0,-100.0,-100.0,-100.0,-100.0,-53.0,-100.0,-100.0,-49.0,-82.0,-70.0,-100.0,-100.0,-82.0,-83.0,-73.0,-100.0,-100.0,-100.0,-100.0,-100.0,-100.0,-100.0,-80.0,-100.0,-100.0,-88.0,-100.0,-100.0,-100.0,-100.0,-100.0,-100.0,-100.0,-100.0,-100.0,-100.0,-100.0,-100.0,-100.0,-100.0,-100.0,-100.0,-100.0,-100.0,-100.0,-100.0,-100.0,-100.0,-100.0,-100.0,-100.0,-100.0,-100.0,-100.0,-100.0,-100.0,-100.0,-100.0,-100.0,-100.0,-100.0
2021.02.09 082820,50.0,23.0,-5.008026247368421,20.72092082894737,-36.77921003947369,-0.10367523475394738,0.4104480776315789,9.713213220394737,0.00029337592730263086,-0.0004702054299342098,0.0012940698187499998,-0.04228460410070651,0.010678202003342553,0.23772968381251158,1023.2788171052631,-43.0,-100.0,-100.0,-84.0,-78.0,-100.0,-100.0,-67.0,-100.0,-70.0,-100.0,-100.0,-100.0,-73.0,-100.0,-56.0,-100.0,-100.0,-73.0,-72.0,-100.0,-100.0,-100.0,-100.0,-72.0,-100.0,-100.0,-100.0,-100.0,-88.0,-100.0,-75.0,-100.0,-72.0,-100.0,-49.0,-56.0,-80.0,-100.0,-71.0,-73.0,-65.0,-80.0,-78.0,-100.0,-100.0,-100.0,-100.0,-72.0,-100.0,-100.0,-100.0,-100.0,-88.0,-100.0,-100.0,-100.0,-100.0,-49.0,-57.0,-82.0,-88.0,-70.0,-73.0,-65.0,-81.0,-100.0,-100.0,-100.0,-100.0,-100.0,-100.0,-100.0,-100.0,-100.0,-100.0,-100.0,-100.0,-100.0,-100.0,-100.0,-100.0,-100.0,-57.0,-100.0,-100.0,-100.0,-100.0,-100.0,-100.0,-100.0,-100.0,-100.0,-100.0,-100.0,-100.0,-100.0,-100.0,-100.0,-100.0,-100.0,-81.0,-100.0,-100.0,-52.0,-100.0,-100.0,-100.0,-100.0,-100.0,-100.0,-100.0,-100.0,-100.0,-59.0,-100.0,-87.0,-48.0,-82.0,-75.0,-100.0,-100.0,-81.0,-82.0,-100.0,-100.0,-100.0,-72.0,-100.0,-100.0,-100.0,-100.0,-90.0,-65.0,-100.0,-88.0,-88.0,-100.0,-100.0,-100.0,-100.0,-100.0,-100.0,-100.0,-100.0,-100.0,-100.0,-100.0,-100.0,-100.0,-100.0,-100.0,-100.0,-100.0,-100.0,-100.0,-100.0,-100.0,-100.0,-100.0,-100.0,-100.0,-100.0,-100.0,-100.0,-100.0,-100.0,-100.0,-100.0,-100.0,-100.0
2021.02.09 082830,50.0,24.0,26.465589720496897,1.5879502859006212,-30.4863350310559,-0.03539254694968945,0.639013924347826,9.676084344720497,-0.0027280254832298145,0.0014076459677018632,-0.006461512495031055,-0.06601666270390796,0.003681876439678673,-1.4348507008937574,1023.2722647204968,-51.0,-100.0,-100.0,-100.0,-100.0,-83.0,-100.0,-67.0,-86.0,-69.0,-82.0,-100.0,-100.0,-68.0,-100.0,-100.0,-70.0,-84.0,-65.0,-65.0,-87.0,-54.0,-83.0,-100.0,-62.0,-74.0,-100.0,-49.0,-65.0,-69.0,-100.0,-58.0,-67.0,-64.0,-73.0,-35.0,-46.0,-68.0,-66.0,-51.0,-60.0,-45.0,-51.0,-67.0,-88.0,-55.0,-83.0,-82.0,-63.0,-74.0,-100.0,-49.0,-67.0,-69.0,-100.0,-58.0,-68.0,-72.0,-35.0,-46.0,-72.0,-66.0,-51.0,-60.0,-45.0,-50.0,-100.0,-100.0,-100.0,-87.0,-100.0,-100.0,-100.0,-100.0,-100.0,-100.0,-100.0,-100.0,-100.0,-100.0,-100.0,-100.0,-100.0,-50.0,-100.0,-100.0,-100.0,-100.0,-100.0,-100.0,-100.0,-100.0,-100.0,-100.0,-100.0,-100.0,-100.0,-100.0,-100.0,-67.0,-100.0,-100.0,-100.0,-100.0,-100.0,-100.0,-100.0,-100.0,-100.0,-68.0,-100.0,-100.0,-100.0,-100.0,-56.0,-100.0,-82.0,-60.0,-100.0,-67.0,-100.0,-100.0,-71.0,-71.0,-100.0,-100.0,-100.0,-100.0,-100.0,-100.0,-100.0,-100.0,-100.0,-100.0,-100.0,-100.0,-90.0,-100.0,-100.0,-100.0,-100.0,-100.0,-100.0,-100.0,-100.0,-100.0,-100.0,-100.0,-100.0,-100.0,-100.0,-100.0,-100.0,-100.0,-100.0,-100.0,-100.0,-100.0,-100.0,-100.0,-100.0,-100.0,-100.0,-100.0,-100.0,-100.0,-100.0,-100.0,-100.0,-100.0,-100.0
2021.02.09 082840,51.0,24.0,25.848139209302328,2.3218604325,-29.480232168604648,-0.02619702117325581,0.5319860527325582,9.683084311046512,-0.0020350335976744172,-0.0033064858697674426,-0.0024328062523255815,-0.05492715650173117,0.0027914188877032208,-1.41875606983207,1023.2769063953486,-62.0,-100.0,-100.0,-100.0,-100.0,-100.0,-100.0,-67.0,-90.0,-100.0,-100.0,-100.0,-80.0,-58.0,-100.0,-77.0,-100.0,-100.0,-70.0,-100.0,-100.0,-62.0,-74.0,-100.0,-72.0,-82.0,-100.0,-64.0,-75.0,-100.0,-100.0,-54.0,-66.0,-68.0,-80.0,-40.0,-48.0,-65.0,-73.0,-67.0,-68.0,-40.0,-53.0,-100.0,-100.0,-60.0,-74.0,-100.0,-72.0,-82.0,-100.0,-64.0,-76.0,-100.0,-100.0,-53.0,-67.0,-100.0,-39.0,-48.0,-64.0,-74.0,-67.0,-66.0,-40.0,-52.0,-100.0,-100.0,-100.0,-100.0,-100.0,-100.0,-100.0,-100.0,-100.0,-100.0,-100.0,-100.0,-100.0,-100.0,-100.0,-100.0,-100.0,-51.0,-100.0,-100.0,-100.0,-100.0,-100.0,-100.0,-100.0,-100.0,-100.0,-100.0,-100.0,-100.0,-100.0,-100.0,-100.0,-69.0,-100.0,-100.0,-100.0,-100.0,-56.0,-100.0,-100.0,-100.0,-100.0,-69.0,-100.0,-100.0,-100.0,-100.0,-58.0,-100.0,-79.0,-60.0,-100.0,-71.0,-100.0,-85.0,-80.0,-78.0,-100.0,-100.0,-100.0,-68.0,-100.0,-100.0,-100.0,-100.0,-100.0,-100.0,-100.0,-100.0,-88.0,-63.0,-88.0,-89.0,-90.0,-90.0,-100.0,-100.0,-100.0,-100.0,-100.0,-100.0,-100.0,-100.0,-100.0,-100.0,-100.0,-100.0,-100.0,-100.0,-100.0,-100.0,-100.0,-100.0,-100.0,-100.0,-100.0,-100.0,-100.0,-100.0,-100.0,-100.0,-100.0,-100.0,-100.0
2021.02.09 082850,52.0,24.0,24.80848072151899,2.2188607240506326,-28.075442620253163,-0.027972761505696202,0.48728066170253165,9.696062243670886,-0.0024975882857594936,-0.003382956479746836,-0.003955159175949367,-0.050300454056992655,0.002918725995894179,-1.42475719542443,1023.2836860759494,-100.0,-100.0,-100.0,-90.0,-82.0,-100.0,-100.0,-59.0,-100.0,-80.0,-100.0,-100.0,-84.0,-61.0,-100.0,-100.0,-58.0,-100.0,-66.0,-100.0,-100.0,-61.0,-73.0,-100.0,-67.0,-82.0,-100.0,-60.0,-100.0,-77.0,-100.0,-57.0,-65.0,-100.0,-84.0,-41.0,-60.0,-67.0,-75.0,-62.0,-68.0,-38.0,-49.0,-100.0,-100.0,-60.0,-73.0,-100.0,-64.0,-84.0,-100.0,-63.0,-100.0,-100.0,-100.0,-56.0,-65.0,-84.0,-40.0,-60.0,-100.0,-74.0,-63.0,-67.0,-39.0,-49.0,-100.0,-100.0,-100.0,-100.0,-100.0,-100.0,-100.0,-100.0,-100.0,-100.0,-100.0,-100.0,-100.0,-100.0,-100.0,-100.0,-100.0,-63.0,-100.0,-100.0,-100.0,-100.0,-100.0,-100.0,-100.0,-100.0,-100.0,-100.0,-100.0,-100.0,-100.0,-100.0,-100.0,-51.0,-100.0,-100.0,-100.0,-100.0,-56.0,-100.0,-100.0,-100.0,-100.0,-56.0,-100.0,-100.0,-100.0,-100.0,-60.0,-100.0,-82.0,-55.0,-65.0,-56.0,-100.0,-100.0,-82.0,-82.0,-67.0,-100.0,-100.0,-100.0,-100.0,-100.0,-100.0,-100.0,-100.0,-63.0,-100.0,-84.0,-86.0,-69.0,-100.0,-100.0,-84.0,-100.0,-84.0,-100.0,-100.0,-100.0,-100.0,-100.0,-100.0,-100.0,-100.0,-100.0,-100.0,-100.0,-100.0,-100.0,-100.0,-100.0,-100.0,-100.0,-100.0,-100.0,-100.0,-100.0,-100.0,-100.0,-100.0,-100.0,-100.0,-100.0,-100.0
2021.02.09 083024,62.0,24.0,26.941058417647056,2.1977646717058823,-31.73082304705882,-0.047616447268235294,0.3505111291176471,9.705403561764706,-0.006342218565294119,0.0014912298582352946,-0.004743188972941177,-0.03615000045803535,0.004865223994249153,-1.4462781625635484,1023.3085195882352,-100.0,-100.0,-100.0,-100.0,-79.0,-100.0,-100.0,-62.0,-100.0,-100.0,-100.0,-100.0,-100.0,-55.0,-100.0,-100.0,-58.0,-100.0,-66.0,-100.0,-100.0,-62.0,-78.0,-100.0,-73.0,-87.0,-100.0,-62.0,-77.0,-80.0,-100.0,-54.0,-60.0,-80.0,-100.0,-52.0,-61.0,-67.0,-72.0,-61.0,-71.0,-39.0,-51.0,-100.0,-100.0,-59.0,-78.0,-100.0,-73.0,-90.0,-100.0,-64.0,-77.0,-100.0,-100.0,-54.0,-61.0,-100.0,-52.0,-61.0,-67.0,-72.0,-59.0,-71.0,-39.0,-50.0,-100.0,-100.0,-100.0,-100.0,-100.0,-100.0,-100.0,-100.0,-100.0,-100.0,-100.0,-100.0,-100.0,-100.0,-100.0,-100.0,-100.0,-47.0,-100.0,-100.0,-100.0,-100.0,-100.0,-100.0,-100.0,-100.0,-81.0,-100.0,-100.0,-100.0,-100.0,-100.0,-100.0,-100.0,-100.0,-100.0,-100.0,-100.0,-58.0,-100.0,-100.0,-100.0,-100.0,-61.0,-100.0,-100.0,-100.0,-100.0,-61.0,-79.0,-74.0,-49.0,-70.0,-56.0,-100.0,-100.0,-86.0,-86.0,-72.0,-81.0,-100.0,-80.0,-100.0,-100.0,-100.0,-100.0,-80.0,-100.0,-100.0,-85.0,-85.0,-66.0,-100.0,-87.0,-90.0,-87.0,-88.0,-100.0,-100.0,-100.0,-100.0,-100.0,-100.0,-100.0,-100.0,-100.0,-100.0,-100.0,-100.0,-100.0,-100.0,-100.0,-100.0,-100.0,-100.0,-100.0,-100.0,-100.0,-100.0,-100.0,-100.0,-100.0,-100.0,-100.0,-100.0
2021.02.09 083034,63.0,24.0,28.36119962,2.2063999660666664,-32.19759955333333,-0.018211894877333334,0.5108907208666666,9.686030223333333,-0.0008063424310000008,-0.0028792114770000003,-0.008780169895666667,-0.05275918296227848,0.0018256407927136472,-1.433613776365916,1023.3241093333335,-100.0,-100.0,-100.0,-100.0,-100.0,-100.0,-100.0,-80.0,-100.0,-80.0,-100.0,-100.0,-100.0,-84.0,-100.0,-90.0,-54.0,-100.0,-76.0,-100.0,-100.0,-39.0,-59.0,-100.0,-74.0,-100.0,-100.0,-100.0,-79.0,-100.0,-100.0,-42.0,-63.0,-100.0,-77.0,-67.0,-79.0,-100.0,-75.0,-60.0,-72.0,-35.0,-46.0,-100.0,-100.0,-38.0,-59.0,-100.0,-75.0,-100.0,-100.0,-100.0,-78.0,-100.0,-100.0,-42.0,-64.0,-79.0,-68.0,-80.0,-100.0,-74.0,-61.0,-73.0,-35.0,-46.0,-100.0,-100.0,-100.0,-100.0,-100.0,-100.0,-100.0,-100.0,-100.0,-100.0,-100.0,-100.0,-100.0,-100.0,-100.0,-100.0,-100.0,-69.0,-100.0,-100.0,-100.0,-100.0,-100.0,-100.0,-100.0,-100.0,-100.0,-100.0,-100.0,-100.0,-80.0,-78.0,-100.0,-65.0,-100.0,-100.0,-100.0,-100.0,-56.0,-100.0,-100.0,-100.0,-100.0,-65.0,-100.0,-100.0,-100.0,-100.0,-100.0,-58.0,-58.0,-76.0,-63.0,-47.0,-71.0,-100.0,-100.0,-100.0,-53.0,-87.0,-100.0,-100.0,-100.0,-100.0,-100.0,-100.0,-72.0,-60.0,-100.0,-83.0,-77.0,-54.0,-82.0,-83.0,-84.0,-100.0,-85.0,-78.0,-80.0,-61.0,-87.0,-86.0,-63.0,-100.0,-100.0,-100.0,-100.0,-100.0,-100.0,-100.0,-100.0,-100.0,-100.0,-100.0,-100.0,-100.0,-100.0,-100.0,-100.0,-100.0,-100.0,-100.0,-100.0,-100.0,-100.0
2021.02.09 083043,64.0,24.0,32.250181224242425,3.98327266060606,-31.733090478787883,0.03649343831151515,0.3818388961818182,9.693672833333332,-0.004179799333939394,-0.0027766601699999996,-0.0026026561484848486,-0.03935676667500622,-0.0038016400284132347,-1.4107519243702744,1023.3209047272726,-100.0,-100.0,-100.0,-100.0,-100.0,-100.0,-100.0,-86.0,-100.0,-100.0,-100.0,-100.0,-100.0,-85.0,-100.0,-100.0,-51.0,-100.0,-80.0,-100.0,-100.0,-43.0,-58.0,-100.0,-100.0,-100.0,-100.0,-61.0,-73.0,-100.0,-100.0,-43.0,-59.0,-100.0,-100.0,-68.0,-85.0,-61.0,-76.0,-56.0,-72.0,-36.0,-48.0,-100.0,-100.0,-44.0,-58.0,-100.0,-100.0,-100.0,-100.0,-62.0,-73.0,-100.0,-100.0,-43.0,-61.0,-100.0,-100.0,-85.0,-60.0,-75.0,-53.0,-73.0,-35.0,-46.0,-100.0,-100.0,-100.0,-100.0,-100.0,-100.0,-100.0,-100.0,-100.0,-100.0,-100.0,-100.0,-100.0,-100.0,-100.0,-100.0,-100.0,-68.0,-100.0,-100.0,-100.0,-100.0,-100.0,-100.0,-100.0,-100.0,-68.0,-100.0,-100.0,-100.0,-79.0,-100.0,-100.0,-56.0,-100.0,-100.0,-100.0,-100.0,-60.0,-100.0,-100.0,-100.0,-100.0,-57.0,-100.0,-100.0,-100.0,-100.0,-81.0,-50.0,-63.0,-63.0,-100.0,-57.0,-100.0,-100.0,-100.0,-100.0,-56.0,-68.0,-100.0,-100.0,-100.0,-100.0,-100.0,-100.0,-100.0,-58.0,-100.0,-85.0,-74.0,-57.0,-83.0,-100.0,-81.0,-76.0,-80.0,-77.0,-88.0,-100.0,-100.0,-100.0,-56.0,-100.0,-100.0,-100.0,-100.0,-100.0,-100.0,-100.0,-100.0,-100.0,-100.0,-100.0,-100.0,-100.0,-100.0,-100.0,-100.0,-100.0,-100.0,-100.0,-100.0,-100.0,-100.0
2021.02.09 083052,65.0,24.0,38.283417202531645,6.3208859898734175,-32.213923607594936,-0.06818928893037976,0.6115973148734177,9.692046712025316,-0.006039060476265821,-6.959219145569641e-05,-0.0035801342376582277,-0.06309024350646926,0.006996638086263811,-1.3546043460882162,1023.3318146835443,-100.0,-100.0,-100.0,-100.0,-100.0,-100.0,-100.0,-84.0,-100.0,-100.0,-100.0,-100.0,-100.0,-100.0,-100.0,-100.0,-55.0,-100.0,-83.0,-100.0,-100.0,-52.0,-66.0,-100.0,-100.0,-100.0,-100.0,-61.0,-75.0,-100.0,-100.0,-41.0,-54.0,-88.0,-100.0,-73.0,-77.0,-65.0,-75.0,-100.0,-68.0,-39.0,-51.0,-100.0,-100.0,-51.0,-66.0,-100.0,-73.0,-100.0,-100.0,-61.0,-74.0,-100.0,-100.0,-41.0,-56.0,-100.0,-75.0,-78.0,-68.0,-78.0,-100.0,-69.0,-39.0,-53.0,-100.0,-100.0,-100.0,-100.0,-100.0,-100.0,-100.0,-100.0,-100.0,-100.0,-100.0,-100.0,-100.0,-100.0,-100.0,-100.0,-100.0,-70.0,-100.0,-100.0,-100.0,-100.0,-100.0,-100.0,-100.0,-100.0,-100.0,-100.0,-100.0,-100.0,-75.0,-77.0,-100.0,-61.0,-100.0,-100.0,-100.0,-100.0,-100.0,-100.0,-100.0,-100.0,-100.0,-62.0,-100.0,-100.0,-100.0,-100.0,-100.0,-60.0,-67.0,-64.0,-67.0,-60.0,-65.0,-100.0,-100.0,-100.0,-56.0,-100.0,-100.0,-88.0,-100.0,-100.0,-100.0,-100.0,-69.0,-64.0,-100.0,-82.0,-81.0,-53.0,-83.0,-100.0,-82.0,-81.0,-82.0,-76.0,-88.0,-100.0,-100.0,-100.0,-73.0,-100.0,-100.0,-100.0,-100.0,-100.0,-100.0,-100.0,-100.0,-100.0,-100.0,-100.0,-100.0,-100.0,-100.0,-100.0,-100.0,-100.0,-100.0,-100.0,-100.0,-100.0,-100.0
2021.02.09 083231,75.0,24.0,45.45355189473685,6.845131484868421,-32.005657460526315,-0.17326459597565788,0.7563944711842105,9.710551292763157,0.0016919358203947368,-0.0009323732236842103,0.0019169914845394737,-0.07779160534080702,0.01781509513641232,-1.3648429724730944,1023.3605238157893,-100.0,-100.0,-100.0,-100.0,-100.0,-100.0,-100.0,-87.0,-100.0,-100.0,-100.0,-100.0,-100.0,-86.0,-100.0,-100.0,-56.0,-100.0,-80.0,-100.0,-100.0,-50.0,-68.0,-100.0,-75.0,-100.0,-100.0,-65.0,-79.0,-100.0,-100.0,-50.0,-57.0,-100.0,-100.0,-74.0,-80.0,-69.0,-74.0,-63.0,-75.0,-45.0,-50.0,-100.0,-100.0,-50.0,-68.0,-100.0,-72.0,-100.0,-100.0,-64.0,-78.0,-100.0,-100.0,-49.0,-56.0,-100.0,-100.0,-79.0,-100.0,-74.0,-63.0,-73.0,-45.0,-50.0,-100.0,-100.0,-100.0,-100.0,-100.0,-100.0,-100.0,-100.0,-100.0,-100.0,-100.0,-100.0,-100.0,-100.0,-100.0,-100.0,-100.0,-75.0,-100.0,-100.0,-100.0,-100.0,-100.0,-100.0,-100.0,-100.0,-100.0,-100.0,-100.0,-100.0,-100.0,-100.0,-100.0,-63.0,-100.0,-100.0,-100.0,-100.0,-58.0,-100.0,-100.0,-100.0,-100.0,-63.0,-100.0,-100.0,-100.0,-100.0,-100.0,-57.0,-63.0,-72.0,-100.0,-62.0,-100.0,-100.0,-100.0,-100.0,-56.0,-100.0,-100.0,-100.0,-100.0,-100.0,-100.0,-100.0,-72.0,-67.0,-100.0,-85.0,-79.0,-55.0,-88.0,-100.0,-87.0,-77.0,-90.0,-85.0,-88.0,-100.0,-100.0,-100.0,-100.0,-100.0,-100.0,-100.0,-100.0,-100.0,-100.0,-100.0,-100.0,-100.0,-100.0,-100.0,-100.0,-100.0,-100.0,-100.0,-100.0,-100.0,-100.0,-100.0,-100.0,-100.0,-100.0
2021.02.09 083240,76.0,24.0,39.009758313253016,3.7106023518072293,-32.912529704819285,-0.08443166743674699,0.6718764576506023,9.687329478915663,-0.0045299704807228915,-0.0015897216780120472,-0.00476916485060241,-0.069301849545305,0.008698063970315627,-1.4168522142502198,1023.3587587349399,-85.0,-100.0,-100.0,-100.0,-100.0,-100.0,-100.0,-100.0,-100.0,-100.0,-100.0,-100.0,-100.0,-100.0,-100.0,-100.0,-100.0,-100.0,-100.0,-100.0,-100.0,-57.0,-88.0,-100.0,-80.0,-100.0,-100.0,-71.0,-82.0,-82.0,-100.0,-38.0,-41.0,-100.0,-76.0,-78.0,-90.0,-68.0,-79.0,-69.0,-75.0,-58.0,-67.0,-100.0,-100.0,-59.0,-90.0,-100.0,-79.0,-100.0,-100.0,-70.0,-82.0,-84.0,-100.0,-37.0,-42.0,-100.0,-78.0,-88.0,-67.0,-78.0,-69.0,-75.0,-58.0,-64.0,-100.0,-100.0,-100.0,-100.0,-100.0,-100.0,-100.0,-100.0,-100.0,-100.0,-100.0,-100.0,-100.0,-100.0,-100.0,-100.0,-100.0,-79.0,-100.0,-100.0,-100.0,-100.0,-100.0,-100.0,-100.0,-100.0,-60.0,-100.0,-100.0,-100.0,-57.0,-56.0,-100.0,-77.0,-100.0,-100.0,-100.0,-100.0,-100.0,-100.0,-100.0,-100.0,-100.0,-79.0,-100.0,-100.0,-100.0,-100.0,-100.0,-72.0,-82.0,-83.0,-89.0,-70.0,-55.0,-67.0,-100.0,-100.0,-100.0,-62.0,-100.0,-100.0,-100.0,-100.0,-100.0,-100.0,-100.0,-83.0,-100.0,-100.0,-100.0,-78.0,-100.0,-61.0,-100.0,-63.0,-100.0,-100.0,-100.0,-100.0,-100.0,-100.0,-100.0,-77.0,-72.0,-75.0,-71.0,-71.0,-73.0,-71.0,-100.0,-100.0,-100.0,-100.0,-100.0,-100.0,-100.0,-100.0,-100.0,-100.0,-100.0,-100.0,-100.0,-100.0,-100.0
2021.02.09 083250,77.0,24.0,35.67455655063292,4.8527847265822786,-36.68278439873418,-0.2775455593670886,0.7584315747468354,9.678530037974683,-0.004701342510759493,0.0004600819936708863,-0.0043031204360759485,-0.07820944643661941,0.028660661470192098,-1.349517462374289,1023.3580879746836,-100.0,-100.0,-100.0,-100.0,-100.0,-100.0,-100.0,-100.0,-100.0,-100.0,-100.0,-100.0,-100.0,-100.0,-100.0,-100.0,-100.0,-100.0,-100.0,-100.0,-100.0,-62.0,-85.0,-100.0,-100.0,-100.0,-100.0,-72.0,-80.0,-100.0,-100.0,-27.0,-40.0,-100.0,-76.0,-79.0,-85.0,-70.0,-80.0,-70.0,-81.0,-54.0,-73.0,-100.0,-100.0,-62.0,-82.0,-100.0,-100.0,-100.0,-100.0,-100.0,-82.0,-100.0,-100.0,-27.0,-40.0,-79.0,-79.0,-84.0,-70.0,-79.0,-72.0,-81.0,-54.0,-73.0,-100.0,-100.0,-100.0,-100.0,-100.0,-100.0,-100.0,-100.0,-100.0,-100.0,-100.0,-100.0,-100.0,-100.0,-100.0,-100.0,-100.0,-100.0,-100.0,-100.0,-100.0,-100.0,-100.0,-100.0,-100.0,-100.0,-68.0,-100.0,-100.0,-100.0,-52.0,-52.0,-100.0,-83.0,-100.0,-100.0,-100.0,-100.0,-100.0,-100.0,-100.0,-100.0,-100.0,-83.0,-100.0,-100.0,-100.0,-100.0,-100.0,-74.0,-100.0,-100.0,-100.0,-71.0,-57.0,-65.0,-100.0,-100.0,-100.0,-67.0,-100.0,-100.0,-100.0,-100.0,-100.0,-100.0,-100.0,-100.0,-100.0,-100.0,-100.0,-73.0,-100.0,-73.0,-100.0,-73.0,-100.0,-100.0,-100.0,-100.0,-100.0,-100.0,-100.0,-71.0,-58.0,-100.0,-71.0,-58.0,-100.0,-72.0,-72.0,-88.0,-86.0,-72.0,-88.0,-85.0,-100.0,-100.0,-100.0,-100.0,-100.0,-100.0,-100.0,-100.0,-100.0
2021.02.09 083300,77.0,23.0,12.648242986486485,-37.78702666216217,-38.19405360810811,-0.1130613222614865,0.49653802054054047,9.685726804054053,-0.0019853120929054042,-0.003768378218918919,0.0010236121216216215,-0.05130214607846491,0.011712346088066405,-2.812949831421311,1023.3647324324324,-88.0,-100.0,-100.0,-100.0,-100.0,-100.0,-100.0,-100.0,-100.0,-100.0,-100.0,-100.0,-100.0,-100.0,-100.0,-100.0,-76.0,-100.0,-100.0,-100.0,-100.0,-63.0,-88.0,-100.0,-100.0,-100.0,-100.0,-65.0,-81.0,-100.0,-100.0,-28.0,-39.0,-100.0,-80.0,-76.0,-88.0,-67.0,-76.0,-72.0,-73.0,-62.0,-76.0,-100.0,-100.0,-64.0,-87.0,-100.0,-100.0,-100.0,-100.0,-66.0,-81.0,-100.0,-100.0,-28.0,-38.0,-80.0,-76.0,-87.0,-68.0,-77.0,-73.0,-74.0,-60.0,-77.0,-100.0,-100.0,-100.0,-100.0,-100.0,-100.0,-100.0,-100.0,-100.0,-100.0,-100.0,-100.0,-100.0,-100.0,-100.0,-100.0,-100.0,-83.0,-100.0,-100.0,-100.0,-100.0,-100.0,-100.0,-100.0,-100.0,-62.0,-100.0,-100.0,-100.0,-57.0,-58.0,-100.0,-100.0,-100.0,-100.0,-100.0,-100.0,-100.0,-100.0,-100.0,-100.0,-100.0,-100.0,-100.0,-100.0,-100.0,-100.0,-100.0,-80.0,-86.0,-100.0,-85.0,-70.0,-60.0,-100.0,-100.0,-100.0,-100.0,-62.0,-100.0,-100.0,-100.0,-100.0,-100.0,-100.0,-100.0,-100.0,-100.0,-100.0,-100.0,-80.0,-100.0,-64.0,-100.0,-64.0,-100.0,-100.0,-100.0,-100.0,-100.0,-100.0,-100.0,-74.0,-66.0,-100.0,-100.0,-67.0,-100.0,-100.0,-100.0,-87.0,-86.0,-100.0,-88.0,-86.0,-100.0,-100.0,-100.0,-100.0,-100.0,-100.0,-100.0,-100.0,-100.0
2021.02.09 083437,78.0,14.0,26.957407049382716,1.9055555228395065,-40.92185122839506,-0.040509301929012344,0.3888360902592593,9.73531177160494,-0.005033982276234568,0.0004487219731481481,-0.003291885105246914,-0.039909607792606556,0.004101082832885321,-1.4394717496118428,1023.3737434567902,-100.0,-100.0,-100.0,-100.0,-100.0,-100.0,-100.0,-100.0,-100.0,-100.0,-100.0,-100.0,-100.0,-100.0,-100.0,-100.0,-74.0,-100.0,-100.0,-100.0,-100.0,-66.0,-90.0,-100.0,-100.0,-100.0,-100.0,-75.0,-83.0,-100.0,-100.0,-30.0,-39.0,-100.0,-100.0,-83.0,-100.0,-100.0,-85.0,-73.0,-85.0,-58.0,-74.0,-100.0,-100.0,-66.0,-90.0,-100.0,-100.0,-100.0,-100.0,-75.0,-85.0,-100.0,-100.0,-30.0,-40.0,-100.0,-82.0,-100.0,-78.0,-82.0,-74.0,-82.0,-57.0,-74.0,-100.0,-100.0,-100.0,-100.0,-100.0,-100.0,-100.0,-100.0,-100.0,-100.0,-100.0,-100.0,-100.0,-100.0,-100.0,-100.0,-100.0,-100.0,-100.0,-100.0,-100.0,-100.0,-100.0,-100.0,-100.0,-100.0,-64.0,-100.0,-100.0,-100.0,-49.0,-49.0,-100.0,-77.0,-100.0,-100.0,-100.0,-100.0,-100.0,-100.0,-100.0,-100.0,-100.0,-78.0,-100.0,-100.0,-100.0,-100.0,-100.0,-72.0,-83.0,-100.0,-100.0,-74.0,-60.0,-73.0,-100.0,-100.0,-75.0,-64.0,-100.0,-100.0,-100.0,-100.0,-100.0,-100.0,-100.0,-100.0,-100.0,-100.0,-100.0,-74.0,-100.0,-71.0,-100.0,-71.0,-100.0,-100.0,-100.0,-100.0,-100.0,-100.0,-100.0,-63.0,-59.0,-80.0,-74.0,-59.0,-78.0,-74.0,-100.0,-88.0,-83.0,-100.0,-90.0,-83.0,-86.0,-88.0,-90.0,-90.0,-100.0,-100.0,-100.0,-100.0,-100.0
2021.02.09 083447,79.0,14.0,27.727110770370373,-1.6053333074074072,-40.21111048888888,-0.02168969410296296,0.7724404044,9.686798140740741,0.009081529707037036,0.0005882406937037039,0.0030090769292592597,-0.07957883873885423,0.0022342023660628612,-1.5129021406173706,1023.3684848888887,-100.0,-100.0,-100.0,-100.0,-100.0,-100.0,-100.0,-100.0,-100.0,-100.0,-100.0,-100.0,-100.0,-100.0,-100.0,-100.0,-100.0,-100.0,-100.0,-100.0,-100.0,-100.0,-100.0,-100.0,-100.0,-100.0,-100.0,-100.0,-100.0,-100.0,-100.0,-51.0,-57.0,-100.0,-100.0,-100.0,-100.0,-100.0,-100.0,-100.0,-100.0,-100.0,-88.0,-100.0,-100.0,-100.0,-100.0,-100.0,-100.0,-100.0,-100.0,-100.0,-100.0,-100.0,-100.0,-50.0,-58.0,-100.0,-100.0,-100.0,-100.0,-100.0,-100.0,-100.0,-79.0,-86.0,-100.0,-100.0,-100.0,-100.0,-100.0,-100.0,-100.0,-100.0,-100.0,-100.0,-100.0,-100.0,-100.0,-100.0,-100.0,-100.0,-100.0,-100.0,-100.0,-100.0,-100.0,-100.0,-100.0,-100.0,-100.0,-100.0,-80.0,-100.0,-100.0,-100.0,-47.0,-46.0,-100.0,-100.0,-100.0,-100.0,-100.0,-100.0,-100.0,-100.0,-100.0,-100.0,-100.0,-100.0,-100.0,-100.0,-100.0,-100.0,-100.0,-100.0,-100.0,-100.0,-100.0,-84.0,-52.0,-79.0,-100.0,-100.0,-100.0,-78.0,-100.0,-100.0,-100.0,-100.0,-100.0,-100.0,-100.0,-100.0,-100.0,-100.0,-100.0,-100.0,-100.0,-80.0,-100.0,-80.0,-100.0,-100.0,-100.0,-100.0,-100.0,-100.0,-100.0,-75.0,-54.0,-66.0,-58.0,-54.0,-67.0,-58.0,-63.0,-100.0,-100.0,-63.0,-100.0,-100.0,-100.0,-86.0,-85.0,-83.0,-83.0,-87.0,-83.0,-88.0,-100.0
2021.02.09 083456,79.0,15.0,-9.887484450920246,20.274846386503068,-48.26797462576687,-0.04625362698895707,0.6833169161349693,9.679551837423313,-0.0019525201923312882,-0.005197975967177915,-0.0023422747162576696,-0.07053597833664135,0.004743095218768591,0.40438358641109584,1023.3721309202456,-100.0,-100.0,-100.0,-100.0,-100.0,-100.0,-100.0,-100.0,-100.0,-100.0,-100.0,-100.0,-100.0,-100.0,-100.0,-100.0,-100.0,-100.0,-100.0,-100.0,-100.0,-100.0,-100.0,-100.0,-100.0,-100.0,-100.0,-100.0,-100.0,-100.0,-100.0,-51.0,-67.0,-100.0,-100.0,-100.0,-100.0,-100.0,-100.0,-100.0,-100.0,-68.0,-86.0,-100.0,-100.0,-82.0,-100.0,-100.0,-100.0,-100.0,-100.0,-100.0,-100.0,-100.0,-100.0,-51.0,-64.0,-100.0,-100.0,-100.0,-100.0,-100.0,-100.0,-100.0,-68.0,-86.0,-100.0,-100.0,-100.0,-100.0,-100.0,-100.0,-100.0,-100.0,-100.0,-100.0,-100.0,-100.0,-100.0,-100.0,-100.0,-100.0,-100.0,-100.0,-100.0,-100.0,-100.0,-100.0,-100.0,-100.0,-100.0,-100.0,-74.0,-100.0,-100.0,-100.0,-46.0,-46.0,-100.0,-100.0,-100.0,-100.0,-100.0,-100.0,-100.0,-100.0,-100.0,-100.0,-100.0,-87.0,-100.0,-100.0,-100.0,-100.0,-100.0,-75.0,-100.0,-100.0,-100.0,-86.0,-58.0,-100.0,-100.0,-100.0,-100.0,-100.0,-100.0,-100.0,-100.0,-100.0,-100.0,-100.0,-100.0,-100.0,-100.0,-100.0,-100.0,-100.0,-100.0,-82.0,-100.0,-81.0,-100.0,-100.0,-100.0,-100.0,-100.0,-100.0,-100.0,-73.0,-55.0,-64.0,-64.0,-57.0,-63.0,-64.0,-65.0,-100.0,-100.0,-65.0,-100.0,-100.0,-100.0,-100.0,-100.0,-100.0,-100.0,-83.0,-100.0,-85.0,-100.0
2021.02.09 083506,79.0,16.0,-10.553120821656051,21.01070037579618,-48.98560421656051,-0.014227963474522291,0.6183292802547771,9.705254869426751,-0.0021749915980891726,-0.0012411847550955408,-0.0016458343926751592,-0.06371576299855279,0.0013962456879788557,0.4151620718703908,1023.3711394904458,-100.0,-100.0,-100.0,-100.0,-100.0,-100.0,-100.0,-100.0,-100.0,-100.0,-100.0,-100.0,-100.0,-100.0,-100.0,-100.0,-100.0,-100.0,-100.0,-100.0,-100.0,-100.0,-100.0,-100.0,-100.0,-100.0,-100.0,-100.0,-100.0,-100.0,-100.0,-43.0,-60.0,-100.0,-100.0,-100.0,-100.0,-100.0,-100.0,-84.0,-100.0,-68.0,-88.0,-100.0,-100.0,-100.0,-100.0,-100.0,-100.0,-100.0,-100.0,-100.0,-100.0,-100.0,-100.0,-43.0,-58.0,-100.0,-100.0,-100.0,-100.0,-100.0,-100.0,-100.0,-68.0,-88.0,-100.0,-100.0,-100.0,-100.0,-100.0,-100.0,-100.0,-100.0,-100.0,-100.0,-100.0,-100.0,-100.0,-100.0,-100.0,-100.0,-100.0,-100.0,-100.0,-100.0,-100.0,-100.0,-100.0,-100.0,-100.0,-100.0,-84.0,-100.0,-100.0,-100.0,-51.0,-51.0,-100.0,-100.0,-100.0,-100.0,-100.0,-100.0,-100.0,-100.0,-100.0,-100.0,-100.0,-100.0,-100.0,-100.0,-100.0,-100.0,-100.0,-74.0,-87.0,-100.0,-100.0,-82.0,-58.0,-100.0,-100.0,-100.0,-100.0,-84.0,-100.0,-100.0,-100.0,-100.0,-100.0,-100.0,-100.0,-100.0,-100.0,-100.0,-100.0,-100.0,-100.0,-77.0,-100.0,-69.0,-100.0,-100.0,-100.0,-100.0,-100.0,-100.0,-100.0,-73.0,-63.0,-64.0,-64.0,-63.0,-64.0,-64.0,-66.0,-100.0,-100.0,-65.0,-100.0,-100.0,-100.0,-100.0,-84.0,-85.0,-83.0,-87.0,-87.0,-86.0,-100.0
2021.02.09 083642,81.0,24.0,41.9561531025641,12.042307435897436,-35.20384575641026,0.12482078430961539,0.33836515869423067,9.698128397435898,-0.005446882153525641,-0.0016250580387820513,-8.223181282051274e-05,-0.03496734169022645,-0.012846900515567833,-1.2678888952120757,1023.3854449999997,-100.0,-100.0,-100.0,-100.0,-100.0,-100.0,-100.0,-100.0,-100.0,-100.0,-100.0,-100.0,-100.0,-100.0,-100.0,-100.0,-71.0,-100.0,-100.0,-100.0,-100.0,-75.0,-100.0,-100.0,-100.0,-100.0,-100.0,-81.0,-100.0,-100.0,-100.0,-50.0,-58.0,-100.0,-100.0,-100.0,-100.0,-100.0,-100.0,-82.0,-100.0,-65.0,-85.0,-100.0,-100.0,-75.0,-100.0,-100.0,-100.0,-100.0,-100.0,-100.0,-100.0,-100.0,-100.0,-50.0,-58.0,-100.0,-100.0,-100.0,-80.0,-100.0,-100.0,-100.0,-65.0,-83.0,-100.0,-100.0,-100.0,-100.0,-100.0,-100.0,-100.0,-100.0,-100.0,-100.0,-100.0,-100.0,-100.0,-100.0,-100.0,-100.0,-100.0,-100.0,-100.0,-100.0,-100.0,-100.0,-100.0,-100.0,-100.0,-100.0,-72.0,-100.0,-100.0,-100.0,-51.0,-51.0,-100.0,-84.0,-100.0,-100.0,-100.0,-100.0,-100.0,-100.0,-100.0,-100.0,-100.0,-84.0,-100.0,-100.0,-100.0,-100.0,-100.0,-100.0,-100.0,-100.0,-100.0,-100.0,-55.0,-74.0,-100.0,-100.0,-100.0,-67.0,-100.0,-100.0,-100.0,-100.0,-100.0,-100.0,-100.0,-100.0,-100.0,-100.0,-100.0,-100.0,-100.0,-77.0,-100.0,-77.0,-100.0,-100.0,-100.0,-100.0,-100.0,-100.0,-100.0,-69.0,-62.0,-74.0,-72.0,-63.0,-74.0,-71.0,-67.0,-100.0,-100.0,-67.0,-100.0,-100.0,-100.0,-100.0,-88.0,-88.0,-86.0,-100.0,-87.0,-90.0,-100.0
2021.02.09 083651,82.0,24.0,49.89503042236025,7.323726583850931,-32.64894356521739,-0.019956637614906833,0.4517903227142857,9.698375723602485,0.0020943950478260875,0.00351342380652174,-0.002401724868322982,-0.046533504775754186,0.002011925897752748,-1.3952054399881304,1023.3823354037266,-100.0,-100.0,-100.0,-100.0,-100.0,-100.0,-100.0,-100.0,-100.0,-100.0,-100.0,-100.0,-100.0,-100.0,-100.0,-100.0,-100.0,-100.0,-100.0,-100.0,-100.0,-65.0,-100.0,-100.0,-73.0,-100.0,-100.0,-65.0,-84.0,-100.0,-100.0,-26.0,-38.0,-100.0,-84.0,-80.0,-100.0,-71.0,-74.0,-68.0,-85.0,-59.0,-70.0,-100.0,-100.0,-65.0,-100.0,-100.0,-100.0,-100.0,-100.0,-66.0,-84.0,-100.0,-100.0,-26.0,-37.0,-84.0,-76.0,-100.0,-72.0,-74.0,-68.0,-81.0,-59.0,-70.0,-100.0,-100.0,-100.0,-100.0,-100.0,-100.0,-100.0,-100.0,-100.0,-100.0,-100.0,-100.0,-100.0,-100.0,-100.0,-100.0,-100.0,-100.0,-100.0,-100.0,-100.0,-100.0,-100.0,-100.0,-100.0,-100.0,-65.0,-100.0,-100.0,-100.0,-64.0,-64.0,-100.0,-80.0,-100.0,-100.0,-100.0,-100.0,-100.0,-100.0,-100.0,-100.0,-100.0,-82.0,-100.0,-100.0,-100.0,-100.0,-100.0,-100.0,-88.0,-100.0,-100.0,-76.0,-66.0,-76.0,-100.0,-100.0,-100.0,-64.0,-100.0,-100.0,-100.0,-100.0,-100.0,-100.0,-100.0,-100.0,-100.0,-100.0,-100.0,-100.0,-100.0,-78.0,-100.0,-78.0,-100.0,-100.0,-100.0,-100.0,-100.0,-100.0,-100.0,-100.0,-78.0,-100.0,-85.0,-78.0,-82.0,-85.0,-100.0,-100.0,-100.0,-100.0,-100.0,-100.0,-100.0,-100.0,-100.0,-100.0,-100.0,-100.0,-100.0,-100.0,-100.0
2021.02.09 083700,83.0,24.0,46.31018112121212,1.3767272475151517,-31.603272369696974,-0.08030007412424242,0.2991736402181818,9.717194063636365,-0.003957666306363637,-0.0008885312878787877,-0.005842092993333334,-0.030788860419962632,0.00828129283578286,-1.519550566962271,1023.3731752727273,-85.0,-100.0,-100.0,-100.0,-100.0,-100.0,-100.0,-100.0,-100.0,-100.0,-100.0,-100.0,-100.0,-100.0,-100.0,-100.0,-100.0,-100.0,-100.0,-100.0,-100.0,-70.0,-100.0,-100.0,-100.0,-100.0,-100.0,-64.0,-100.0,-100.0,-100.0,-33.0,-37.0,-100.0,-78.0,-80.0,-100.0,-68.0,-73.0,-69.0,-81.0,-56.0,-74.0,-100.0,-100.0,-70.0,-100.0,-100.0,-100.0,-100.0,-100.0,-65.0,-78.0,-100.0,-100.0,-32.0,-38.0,-74.0,-79.0,-100.0,-70.0,-73.0,-69.0,-80.0,-56.0,-75.0,-100.0,-100.0,-100.0,-100.0,-100.0,-100.0,-100.0,-100.0,-100.0,-100.0,-100.0,-100.0,-100.0,-100.0,-100.0,-100.0,-100.0,-100.0,-100.0,-100.0,-100.0,-100.0,-100.0,-100.0,-100.0,-100.0,-62.0,-100.0,-100.0,-100.0,-66.0,-67.0,-100.0,-100.0,-100.0,-100.0,-100.0,-100.0,-100.0,-100.0,-100.0,-100.0,-100.0,-100.0,-100.0,-100.0,-100.0,-100.0,-100.0,-100.0,-100.0,-100.0,-100.0,-79.0,-73.0,-79.0,-100.0,-100.0,-100.0,-62.0,-100.0,-100.0,-100.0,-100.0,-100.0,-100.0,-100.0,-100.0,-100.0,-100.0,-100.0,-78.0,-100.0,-74.0,-100.0,-71.0,-100.0,-100.0,-100.0,-100.0,-100.0,-100.0,-100.0,-100.0,-100.0,-81.0,-100.0,-100.0,-81.0,-100.0,-100.0,-100.0,-100.0,-100.0,-100.0,-100.0,-100.0,-100.0,-100.0,-100.0,-100.0,-100.0,-100.0,-100.0,-86.0
2021.02.09 083710,84.0,24.0,42.188249400000004,1.9016249737499997,-33.91949951875,-0.055500588013125,0.2659209902375,9.710328475,-0.002458732500937501,0.0021571178996874995,0.0011415544668750004,-0.027384160921792456,0.005678789371852867,-1.5033194951713085,1023.36035075,-100.0,-100.0,-100.0,-100.0,-100.0,-100.0,-100.0,-100.0,-100.0,-86.0,-100.0,-100.0,-100.0,-100.0,-100.0,-100.0,-100.0,-100.0,-100.0,-100.0,-100.0,-72.0,-100.0,-100.0,-76.0,-100.0,-100.0,-100.0,-79.0,-84.0,-100.0,-41.0,-43.0,-100.0,-84.0,-79.0,-100.0,-66.0,-75.0,-79.0,-82.0,-58.0,-74.0,-100.0,-100.0,-71.0,-100.0,-100.0,-75.0,-100.0,-100.0,-100.0,-77.0,-83.0,-100.0,-41.0,-44.0,-85.0,-80.0,-100.0,-67.0,-75.0,-66.0,-80.0,-58.0,-73.0,-100.0,-100.0,-100.0,-100.0,-100.0,-100.0,-100.0,-100.0,-100.0,-100.0,-100.0,-100.0,-100.0,-100.0,-100.0,-100.0,-100.0,-100.0,-100.0,-100.0,-100.0,-100.0,-100.0,-100.0,-100.0,-100.0,-61.0,-100.0,-100.0,-100.0,-100.0,-100.0,-100.0,-86.0,-100.0,-100.0,-100.0,-100.0,-100.0,-100.0,-100.0,-100.0,-100.0,-84.0,-100.0,-100.0,-100.0,-100.0,-100.0,-100.0,-100.0,-100.0,-100.0,-100.0,-100.0,-100.0,-100.0,-100.0,-100.0,-61.0,-100.0,-100.0,-100.0,-100.0,-100.0,-100.0,-100.0,-100.0,-100.0,-100.0,-100.0,-100.0,-100.0,-74.0,-100.0,-72.0,-100.0,-100.0,-100.0,-100.0,-100.0,-100.0,-100.0,-100.0,-88.0,-82.0,-100.0,-87.0,-100.0,-100.0,-100.0,-86.0,-100.0,-100.0,-82.0,-100.0,-100.0,-100.0,-100.0,-100.0,-100.0,-100.0,-100.0,-100.0,-100.0
