Timestamp,True_X,True_Y,Mean_Mag_x,Mean_Mag_y,Mean_Mag_z,Mean_Acc_x,Mean_Acc_y,Mean_Acc_z,Mean_Gyro_x,Mean_Gyro_y,Mean_Gyro_z,Mean_Orn_x,Mean_Orn_y,Mean_Orn_z,Mean_Pressure,00:08:9f:7c:21:44,00:1a:ee:a0:de:01,00:1a:ee:a0:de:06,00:1a:ee:a0:de:07,00:1a:ee:a0:de:16,00:1a:ee:a0:de:22,00:1a:ee:a0:de:52,00:1a:ee:a0:de:58,00:1a:ee:a0:de:71,00:1a:ee:a0:de:77,00:1a:ee:a0:de:78,00:1a:ee:a0:de:84,00:1a:ee:a0:de:90,00:1a:ee:a0:de:95,00:1a:ee:a0:de:97,00:1a:ee:a0:df:02,00:1a:ee:a0:df:14,00:1a:ee:a0:df:16,00:1a:ee:a0:df:18,00:1a:ee:a0:df:19,00:1a:ee:a0:df:31,00:1a:ee:a0:df:32,00:1a:ee:a0:df:44,00:1a:ee:a0:df:45,00:1a:ee:a0:de:15,00:1a:ee:a0:de:61,00:1a:ee:a0:de:72,00:1a:ee:a0:de:86,00:1a:ee:a0:df:01,00:1a:ee:a0:df:13,00:1a:ee:a0:de:12,00:1a:ee:a0:de:53,00:1a:ee:a0:de:65,00:1a:ee:a0:df:09,00:1a:ee:a0:de:76,00:1a:ee:a0:de:99,00:1a:ee:a0:df:20,00:1a:ee:a0:df:07,00:1a:ee:a0:de:62,00:1a:ee:a0:de:80,00:1a:ee:a0:df:05,00:1a:ee:a0:de:66,00:1a:ee:a0:df:06,00:1a:ee:a0:de:02,00:1a:ee:a0:de:18,00:1a:ee:a0:de:51,00:1a:ee:a0:df:15,00:1a:ee:a0:df:23,00:1a:ee:a0:df:35,00:1a:ee:a0:de:17,00:1a:ee:a0:de:33,00:1a:ee:a0:de:03,00:1a:ee:a0:de:05,00:1a:ee:a0:de:09,00:1a:ee:a0:de:19,00:1a:ee:a0:de:21,00:1a:ee:a0:de:43,00:1a:ee:a0:de:64,00:1a:ee:a0:de:70,00:1a:ee:a0:df:04,00:1a:ee:a0:df:08,00:1a:ee:a0:de:08,00:1a:ee:a0:de:10,00:1a:ee:a0:de:20,00:1a:ee:a0:de:37,00:1a:ee:a0:de:44,00:1a:ee:a0:de:48,00:1a:ee:a0:de:91,00:1a:ee:a0:de:92,00:1a:ee:a0:df:10,00:1a:ee:a0:df:17,00:1a:ee:a0:de:11,00:1a:ee:a0:de:14,00:1a:ee:a0:de:36,00:1a:ee:a0:de:55,00:1a:ee:a0:de:68,00:1a:ee:a0:de:23,00:1a:ee:a0:de:29,00:1a:ee:a0:de:30,00:1a:ee:a0:de:81,00:1a:ee:a0:de:82,00:1a:ee:a0:de:93,00:1a:ee:a0:de:94,00:1a:ee:a0:df:03,00:1a:ee:a0:de:24,00:1a:ee:a0:de:39,00:1a:ee:a0:de:46,00:1a:ee:a0:df:27,00:1a:ee:a0:de:75,00:1a:ee:a0:df:39,00:1a:ee:a0:de:54,00:1a:ee:a0:de:31,00:1a:ee:a0:de:13,00:1a:ee:a0:de:63,00:1a:ee:a0:de:74,64:e5:99:c6:97:5c,00:1a:ee:a0:de:67,00:1a:ee:a0:df:11,00:1a:ee:a0:de:79,00:1a:ee:a0:de:56,00:1a:ee:a0:de:04,00:1a:ee:a0:de:32,00:1a:ee:a0:de:50,00:1a:ee:a0:de:69,00:1a:ee:a0:de:87,00:1a:ee:a0:de:73,00:1a:ee:a0:df:21,00:1a:ee:a0:de:40,00:1a:ee:a0:de:47,00:1a:ee:a0:de:89,00:1a:ee:a0:de:38,00:1a:ee:a0:de:45,00:1a:ee:a0:df:40,00:1a:ee:a0:de:59,00:1a:ee:a0:df:25,00:1a:ee:a0:df:37,00:1a:ee:a0:df:22,00:1a:ee:a0:df:24,00:1a:ee:a0:df:28,00:1a:ee:a0:df:33,00:1a:ee:a0:df:26,00:1a:ee:a0:df:38,00:1a:ee:a0:df:34,00:1a:ee:a0:de:34,00:1a:ee:a0:de:35,00:1a:ee:a0:de:41,00:1a:ee:a0:de:42,00:1a:ee:a0:df:12
2021.02.11 161956,44.0,35.0,2.2789380200884954,-34.15327400000001,-32.26938007079645,-0.2262907519646018,0.5058700097345132,10.004360738938054,0.0002532116969911501,0.0005117101542477868,-0.006369011011946903,-0.05054710480689469,0.02260852927969933,-2.649686646672477,1016.2503615044249,-81.0,-79.0,-92.0,-88.0,-75.0,-73.0,-67.0,-90.0,-88.0,-82.0,-89.0,-81.0,-87.0,-84.0,-82.0,-75.0,-72.0,-79.0,-89.0,-68.0,-85.0,-81.0,-86.0,-81.0,-100.0,-100.0,-100.0,-100.0,-100.0,-100.0,-100.0,-100.0,-100.0,-100.0,-100.0,-100.0,-100.0,-100.0,-100.0,-100.0,-100.0,-100.0,-100.0,-100.0,-100.0,-100.0,-100.0,-100.0,-100.0,-100.0,-100.0,-100.0,-100.0,-100.0,-100.0,-100.0,-100.0,-100.0,-100.0,-100.0,-100.0,-100.0,-100.0,-100.0,-100.0,-100.0,-100.0,-100.0,-100.0,-100.0,-100.0,-100.0,-100.0,-100.0,-100.0,-100.0,-100.0,-100.0,-100.0,-100.0,-100.0,-100.0,-100.0,-100.0,-100.0,-100.0,-100.0,-100.0,-100.0,-100.0,-100.0,-100.0,-100.0,-100.0,-100.0,-100.0,-100.0,-100.0,-100.0,-100.0,-100.0,-100.0,-100.0,-100.0,-100.0,-100.0,-100.0,-100.0,-100.0,-100.0,-100.0,-100.0,-100.0,-100.0,-100.0,-100.0,-100.0,-100.0,-100.0,-100.0,-100.0,-100.0,-100.0,-100.0,-100.0,-100.0,-100.0,-100.0
2021.02.11 162008,44.0,34.0,3.7413952906976746,-31.986511263565898,-32.115348387596896,-0.1808512681596899,0.4359992987627907,10.007456182170543,0.0014192911452713176,-0.004393901530000001,0.003940099941317829,-0.043574157332488865,0.017999732361063177,-3.0392129513644432,1016.2419482170543,-100.0,-87.0,-100.0,-100.0,-73.0,-80.0,-63.0,-100.0,-100.0,-80.0,-91.0,-83.0,-87.0,-87.0,-100.0,-76.0,-68.0,-84.0,-100.0,-65.0,-100.0,-100.0,-100.0,-100.0,-91.0,-83.0,-90.0,-91.0,-68.0,-86.0,-100.0,-100.0,-100.0,-100.0,-100.0,-100.0,-100.0,-100.0,-100.0,-100.0,-100.0,-100.0,-100.0,-100.0,-100.0,-100.0,-100.0,-100.0,-100.0,-100.0,-100.0,-100.0,-100.0,-100.0,-100.0,-100.0,-100.0,-100.0,-100.0,-100.0,-100.0,-100.0,-100.0,-100.0,-100.0,-100.0,-100.0,-100.0,-100.0,-100.0,-100.0,-100.0,-100.0,-100.0,-100.0,-100.0,-100.0,-100.0,-100.0,-100.0,-100.0,-100.0,-100.0,-100.0,-100.0,-100.0,-100.0,-100.0,-100.0,-100.0,-100.0,-100.0,-100.0,-100.0,-100.0,-100.0,-100.0,-100.0,-100.0,-100.0,-100.0,-100.0,-100.0,-100.0,-100.0,-100.0,-100.0,-100.0,-100.0,-100.0,-100.0,-100.0,-100.0,-100.0,-100.0,-100.0,-100.0,-100.0,-100.0,-100.0,-100.0,-100.0,-100.0,-100.0,-100.0,-100.0,-100.0,-100.0
2021.02.11 162019,44.0,33.0,6.979114913274336,-30.149203159292036,-31.512742964601774,-0.25961990385840705,0.20319553448672564,9.99544047345133,0.002875067032566372,0.0010955462255752219,-0.004487761990442479,-0.020339527248767513,0.02594586069061029,-2.9367095896628053,1016.2317907079647,-87.0,-86.0,-100.0,-89.0,-74.0,-75.0,-63.0,-100.0,-89.0,-83.0,-100.0,-83.0,-86.0,-88.0,-88.0,-74.0,-71.0,-76.0,-100.0,-64.0,-100.0,-100.0,-100.0,-100.0,-100.0,-86.0,-100.0,-89.0,-100.0,-100.0,-91.0,-91.0,-85.0,-87.0,-100.0,-100.0,-100.0,-100.0,-100.0,-100.0,-100.0,-100.0,-100.0,-100.0,-100.0,-100.0,-100.0,-100.0,-100.0,-100.0,-100.0,-100.0,-100.0,-100.0,-100.0,-100.0,-100.0,-100.0,-100.0,-100.0,-100.0,-100.0,-100.0,-100.0,-100.0,-100.0,-100.0,-100.0,-100.0,-100.0,-100.0,-100.0,-100.0,-100.0,-100.0,-100.0,-100.0,-100.0,-100.0,-100.0,-100.0,-100.0,-100.0,-100.0,-100.0,-100.0,-100.0,-100.0,-100.0,-100.0,-100.0,-100.0,-100.0,-100.0,-100.0,-100.0,-100.0,-100.0,-100.0,-100.0,-100.0,-100.0,-100.0,-100.0,-100.0,-100.0,-100.0,-100.0,-100.0,-100.0,-100.0,-100.0,-100.0,-100.0,-100.0,-100.0,-100.0,-100.0,-100.0,-100.0,-100.0,-100.0,-100.0,-100.0,-100.0,-100.0,-100.0,-100.0
2021.02.11 162030,44.0,33.0,9.801578754385966,-24.471052368421052,-28.634210078947365,-0.29149245699298254,0.28412061071754385,10.010588942982457,-0.0016851304638596499,-0.0012639337957894735,-0.0027105058998245614,-0.028419184936578096,0.029055950198150934,-2.7805556769956623,1016.2306458771931,-100.0,-84.0,-100.0,-100.0,-100.0,-77.0,-66.0,-100.0,-87.0,-100.0,-100.0,-80.0,-100.0,-87.0,-87.0,-75.0,-68.0,-73.0,-100.0,-71.0,-100.0,-100.0,-100.0,-100.0,-100.0,-82.0,-100.0,-100.0,-68.0,-84.0,-100.0,-100.0,-79.0,-86.0,-89.0,-87.0,-86.0,-100.0,-100.0,-100.0,-100.0,-100.0,-100.0,-100.0,-100.0,-100.0,-100.0,-100.0,-100.0,-100.0,-100.0,-100.0,-100.0,-100.0,-100.0,-100.0,-100.0,-100.0,-100.0,-100.0,-100.0,-100.0,-100.0,-100.0,-100.0,-100.0,-100.0,-100.0,-100.0,-100.0,-100.0,-100.0,-100.0,-100.0,-100.0,-100.0,-100.0,-100.0,-100.0,-100.0,-100.0,-100.0,-100.0,-100.0,-100.0,-100.0,-100.0,-100.0,-100.0,-100.0,-100.0,-100.0,-100.0,-100.0,-100.0,-100.0,-100.0,-100.0,-100.0,-100.0,-100.0,-100.0,-100.0,-100.0,-100.0,-100.0,-100.0,-100.0,-100.0,-100.0,-100.0,-100.0,-100.0,-100.0,-100.0,-100.0,-100.0,-100.0,-100.0,-100.0,-100.0,-100.0,-100.0,-100.0,-100.0,-100.0,-100.0,-100.0
2021.02.11 162041,44.0,32.0,5.091504359292036,-21.602123592920357,-31.12938007079646,-0.4187014547345133,0.13689742894690266,10.002602119469026,0.001729018921592921,-0.005856424662566373,0.0009073132039823009,-0.013711003374423701,0.041826492443318083,-2.966748092026837,1016.2255500884957,-86.0,-86.0,-92.0,-100.0,-100.0,-74.0,-61.0,-100.0,-79.0,-86.0,-90.0,-83.0,-89.0,-85.0,-100.0,-73.0,-68.0,-79.0,-100.0,-71.0,-91.0,-91.0,-88.0,-91.0,-88.0,-75.0,-89.0,-100.0,-76.0,-83.0,-100.0,-89.0,-81.0,-100.0,-100.0,-100.0,-100.0,-85.0,-100.0,-100.0,-100.0,-100.0,-100.0,-100.0,-100.0,-100.0,-100.0,-100.0,-100.0,-100.0,-100.0,-100.0,-100.0,-100.0,-100.0,-100.0,-100.0,-100.0,-100.0,-100.0,-100.0,-100.0,-100.0,-100.0,-100.0,-100.0,-100.0,-100.0,-100.0,-100.0,-100.0,-100.0,-100.0,-100.0,-100.0,-100.0,-100.0,-100.0,-100.0,-100.0,-100.0,-100.0,-100.0,-100.0,-100.0,-100.0,-100.0,-100.0,-100.0,-100.0,-100.0,-100.0,-100.0,-100.0,-100.0,-100.0,-100.0,-100.0,-100.0,-100.0,-100.0,-100.0,-100.0,-100.0,-100.0,-100.0,-100.0,-100.0,-100.0,-100.0,-100.0,-100.0,-100.0,-100.0,-100.0,-100.0,-100.0,-100.0,-100.0,-100.0,-100.0,-100.0,-100.0,-100.0,-100.0,-100.0,-100.0,-100.0
2021.02.11 162058,44.0,30.0,1.61734510920354,-23.490796221238938,-31.196282548672567,-0.252543020380531,0.23584666358584072,10.004530252212389,-0.0011306951415929205,-0.0017857913571681413,0.0002153597546017698,-0.023637977841596557,0.025248109488706757,-0.38241256443800126,1016.213992743363,-83.0,-83.0,-100.0,-88.0,-70.0,-70.0,-61.0,-100.0,-82.0,-82.0,-89.0,-80.0,-83.0,-84.0,-100.0,-74.0,-68.0,-77.0,-100.0,-76.0,-88.0,-100.0,-87.0,-100.0,-100.0,-73.0,-88.0,-100.0,-70.0,-85.0,-100.0,-88.0,-86.0,-100.0,-100.0,-100.0,-100.0,-100.0,-87.0,-94.0,-85.0,-100.0,-100.0,-100.0,-100.0,-100.0,-100.0,-100.0,-100.0,-100.0,-100.0,-100.0,-100.0,-100.0,-100.0,-100.0,-100.0,-100.0,-100.0,-100.0,-100.0,-100.0,-100.0,-100.0,-100.0,-100.0,-100.0,-100.0,-100.0,-100.0,-100.0,-100.0,-100.0,-100.0,-100.0,-100.0,-100.0,-100.0,-100.0,-100.0,-100.0,-100.0,-100.0,-100.0,-100.0,-100.0,-100.0,-100.0,-100.0,-100.0,-100.0,-100.0,-100.0,-100.0,-100.0,-100.0,-100.0,-100.0,-100.0,-100.0,-100.0,-100.0,-100.0,-100.0,-100.0,-100.0,-100.0,-100.0,-100.0,-100.0,-100.0,-100.0,-100.0,-100.0,-100.0,-100.0,-100.0,-100.0,-100.0,-100.0,-100.0,-100.0,-100.0,-100.0,-100.0,-100.0,-100.0,-100.0
2021.02.11 162109,44.0,29.0,-0.22232141410714293,-23.387678312500004,-30.748928125,-0.15381077884285713,0.1335021979035714,10.01655545982143,-0.0028516496662499996,-0.004155018307767857,-0.002500664156160714,-0.013316159467519456,0.01532486591038049,0.8097732024533408,1016.2113029464284,-81.0,-81.0,-100.0,-87.0,-75.0,-69.0,-56.0,-100.0,-84.0,-84.0,-87.0,-77.0,-100.0,-81.0,-100.0,-77.0,-74.0,-76.0,-100.0,-75.0,-100.0,-100.0,-100.0,-100.0,-86.0,-73.0,-100.0,-100.0,-68.0,-80.0,-89.0,-100.0,-100.0,-84.0,-100.0,-100.0,-87.0,-90.0,-100.0,-92.0,-100.0,-89.0,-89.0,-100.0,-100.0,-100.0,-100.0,-100.0,-100.0,-100.0,-100.0,-100.0,-100.0,-100.0,-100.0,-100.0,-100.0,-100.0,-100.0,-100.0,-100.0,-100.0,-100.0,-100.0,-100.0,-100.0,-100.0,-100.0,-100.0,-100.0,-100.0,-100.0,-100.0,-100.0,-100.0,-100.0,-100.0,-100.0,-100.0,-100.0,-100.0,-100.0,-100.0,-100.0,-100.0,-100.0,-100.0,-100.0,-100.0,-100.0,-100.0,-100.0,-100.0,-100.0,-100.0,-100.0,-100.0,-100.0,-100.0,-100.0,-100.0,-100.0,-100.0,-100.0,-100.0,-100.0,-100.0,-100.0,-100.0,-100.0,-100.0,-100.0,-100.0,-100.0,-100.0,-100.0,-100.0,-100.0,-100.0,-100.0,-100.0,-100.0,-100.0,-100.0,-100.0,-100.0,-100.0,-100.0
2021.02.11 162128,44.0,28.0,0.7037837780180181,-25.934594279279278,-33.7999994954955,-0.18630046348648646,0.15146484421981982,10.005954783783785,0.0005914938695495506,-0.004294074428378378,0.0019656979005405403,-0.015178288436947811,0.018542990235292933,0.0866759510727616,1016.2121044144142,-86.0,-86.0,-100.0,-87.0,-72.0,-72.0,-56.0,-100.0,-78.0,-85.0,-87.0,-78.0,-84.0,-83.0,-100.0,-76.0,-65.0,-77.0,-100.0,-71.0,-100.0,-100.0,-100.0,-100.0,-100.0,-75.0,-100.0,-100.0,-69.0,-81.0,-100.0,-100.0,-82.0,-100.0,-100.0,-90.0,-100.0,-82.0,-100.0,-91.0,-82.0,-100.0,-92.0,-89.0,-88.0,-91.0,-88.0,-90.0,-92.0,-100.0,-100.0,-100.0,-100.0,-100.0,-100.0,-100.0,-100.0,-100.0,-100.0,-100.0,-100.0,-100.0,-100.0,-100.0,-100.0,-100.0,-100.0,-100.0,-100.0,-100.0,-100.0,-100.0,-100.0,-100.0,-100.0,-100.0,-100.0,-100.0,-100.0,-100.0,-100.0,-100.0,-100.0,-100.0,-100.0,-100.0,-100.0,-100.0,-100.0,-100.0,-100.0,-100.0,-100.0,-100.0,-100.0,-100.0,-100.0,-100.0,-100.0,-100.0,-100.0,-100.0,-100.0,-100.0,-100.0,-100.0,-100.0,-100.0,-100.0,-100.0,-100.0,-100.0,-100.0,-100.0,-100.0,-100.0,-100.0,-100.0,-100.0,-100.0,-100.0,-100.0,-100.0,-100.0,-100.0,-100.0,-100.0,-100.0
2021.02.11 162139,44.0,27.0,4.051794814529915,-24.541025384615384,-40.2815378974359,-0.22315869161367521,0.2863716375606838,10.01148622222222,-0.0022786840020512823,-0.0035998133184615387,-0.0030327005191453,-0.028572378921398103,0.022242700704472873,-3.0092018445332847,1016.207452991453,-82.0,-83.0,-100.0,-91.0,-65.0,-69.0,-58.0,-100.0,-71.0,-80.0,-85.0,-80.0,-78.0,-100.0,-100.0,-100.0,-66.0,-68.0,-100.0,-82.0,-100.0,-100.0,-100.0,-100.0,-93.0,-72.0,-88.0,-100.0,-67.0,-86.0,-90.0,-100.0,-100.0,-89.0,-100.0,-100.0,-81.0,-100.0,-88.0,-86.0,-79.0,-93.0,-87.0,-89.0,-100.0,-100.0,-100.0,-100.0,-100.0,-90.0,-89.0,-100.0,-100.0,-100.0,-100.0,-100.0,-100.0,-100.0,-100.0,-100.0,-100.0,-100.0,-100.0,-100.0,-100.0,-100.0,-100.0,-100.0,-100.0,-100.0,-100.0,-100.0,-100.0,-100.0,-100.0,-100.0,-100.0,-100.0,-100.0,-100.0,-100.0,-100.0,-100.0,-100.0,-100.0,-100.0,-100.0,-100.0,-100.0,-100.0,-100.0,-100.0,-100.0,-100.0,-100.0,-100.0,-100.0,-100.0,-100.0,-100.0,-100.0,-100.0,-100.0,-100.0,-100.0,-100.0,-100.0,-100.0,-100.0,-100.0,-100.0,-100.0,-100.0,-100.0,-100.0,-100.0,-100.0,-100.0,-100.0,-100.0,-100.0,-100.0,-100.0,-100.0,-100.0,-100.0,-100.0,-100.0
2021.02.11 162158,44.0,25.7972972972973,0.8643243085810811,-31.107567141891888,-44.20864795945946,-0.07711829735675677,0.21972324660810813,10.002422672297296,0.0018971493540540542,0.001494011338513514,-0.0021906618803378373,-0.022031146300660807,0.007771776059989757,0.14361650718225016,1016.2073652027027,-77.0,-76.0,-100.0,-77.0,-58.0,-58.0,-58.0,-100.0,-77.0,-76.0,-87.0,-80.0,-79.0,-83.0,-100.0,-77.0,-70.0,-73.0,-100.0,-78.0,-100.0,-100.0,-100.0,-100.0,-100.0,-76.0,-85.0,-79.0,-73.0,-81.0,-87.0,-90.0,-80.0,-78.0,-100.0,-100.0,-76.0,-100.0,-82.0,-91.0,-81.0,-87.0,-85.0,-80.0,-100.0,-86.0,-85.0,-89.0,-88.0,-89.0,-100.0,-82.0,-91.0,-92.0,-82.0,-89.0,-87.0,-90.0,-90.0,-88.0,-85.0,-100.0,-100.0,-100.0,-100.0,-100.0,-100.0,-100.0,-100.0,-100.0,-100.0,-100.0,-100.0,-100.0,-100.0,-100.0,-100.0,-100.0,-100.0,-100.0,-100.0,-100.0,-100.0,-100.0,-100.0,-100.0,-100.0,-100.0,-100.0,-100.0,-100.0,-100.0,-100.0,-100.0,-100.0,-100.0,-100.0,-100.0,-100.0,-100.0,-100.0,-100.0,-100.0,-100.0,-100.0,-100.0,-100.0,-100.0,-100.0,-100.0,-100.0,-100.0,-100.0,-100.0,-100.0,-100.0,-100.0,-100.0,-100.0,-100.0,-100.0,-100.0,-100.0,-100.0,-100.0,-100.0,-100.0,-100.0
2021.02.11 162218,43.0,25.0,7.363392697321428,-39.64767798214286,-43.54821383035715,-0.13519101669999997,0.42750631839285713,10.004349075892858,-0.00033183080857142853,-0.0010788752892857143,-0.0018243489639285712,-0.042734200725265334,0.013492216677799884,-2.96450046982084,1016.2097122321429,-78.0,-78.0,-100.0,-76.0,-65.0,-56.0,-62.0,-100.0,-76.0,-71.0,-83.0,-79.0,-69.0,-100.0,-100.0,-100.0,-67.0,-69.0,-100.0,-81.0,-100.0,-100.0,-100.0,-100.0,-100.0,-100.0,-100.0,-82.0,-74.0,-80.0,-87.0,-83.0,-100.0,-86.0,-100.0,-100.0,-77.0,-80.0,-100.0,-86.0,-80.0,-100.0,-82.0,-100.0,-100.0,-100.0,-81.0,-90.0,-89.0,-100.0,-100.0,-72.0,-78.0,-100.0,-100.0,-77.0,-82.0,-81.0,-92.0,-87.0,-79.0,-87.0,-85.0,-84.0,-81.0,-80.0,-89.0,-72.0,-95.0,-90.0,-88.0,-100.0,-100.0,-100.0,-100.0,-100.0,-100.0,-100.0,-100.0,-100.0,-100.0,-100.0,-100.0,-100.0,-100.0,-100.0,-100.0,-100.0,-100.0,-100.0,-100.0,-100.0,-100.0,-100.0,-100.0,-100.0,-100.0,-100.0,-100.0,-100.0,-100.0,-100.0,-100.0,-100.0,-100.0,-100.0,-100.0,-100.0,-100.0,-100.0,-100.0,-100.0,-100.0,-100.0,-100.0,-100.0,-100.0,-100.0,-100.0,-100.0,-100.0,-100.0,-100.0,-100.0,-100.0,-100.0,-100.0,-100.0
2021.02.11 162249,42.0,25.0,-43.03728766949153,-17.04457606779661,-44.191524796610175,-0.0323024190661017,0.3357057355457627,10.008778838983053,0.0035577204389830508,-0.00035726314237288076,-0.00505533438101695,-0.033568446538564355,0.003310629342513143,1.9171931006140628,1016.2124961016948,-79.0,-79.0,-100.0,-82.0,-61.0,-61.0,-61.0,-100.0,-74.0,-77.0,-84.0,-85.0,-66.0,-78.0,-100.0,-79.0,-66.0,-73.0,-90.0,-100.0,-100.0,-100.0,-100.0,-100.0,-100.0,-76.0,-80.0,-82.0,-72.0,-100.0,-100.0,-76.0,-82.0,-80.0,-100.0,-100.0,-70.0,-86.0,-100.0,-85.0,-77.0,-84.0,-80.0,-100.0,-100.0,-79.0,-80.0,-100.0,-100.0,-85.0,-100.0,-74.0,-80.0,-86.0,-75.0,-80.0,-83.0,-88.0,-84.0,-82.0,-79.0,-84.0,-100.0,-100.0,-83.0,-83.0,-100.0,-79.0,-92.0,-100.0,-100.0,-84.0,-89.0,-83.0,-88.0,-91.0,-100.0,-100.0,-100.0,-100.0,-100.0,-100.0,-100.0,-100.0,-100.0,-100.0,-100.0,-100.0,-100.0,-100.0,-100.0,-100.0,-100.0,-100.0,-100.0,-100.0,-100.0,-100.0,-100.0,-100.0,-100.0,-100.0,-100.0,-100.0,-100.0,-100.0,-100.0,-100.0,-100.0,-100.0,-100.0,-100.0,-100.0,-100.0,-100.0,-100.0,-100.0,-100.0,-100.0,-100.0,-100.0,-100.0,-100.0,-100.0,-100.0,-100.0,-100.0,-100.0
2021.02.11 162300,41.0,25.0,-36.9652626754386,-20.178420824561407,-45.24578889473684,-0.1283877351859649,0.24826949466666667,10.006976521929827,0.0054630644829824545,-0.0020516286435964923,0.0019835115414912285,-0.024814388856675692,0.01281817008209157,2.0410784503869843,1016.216813245614,-100.0,-70.0,-100.0,-81.0,-60.0,-60.0,-100.0,-100.0,-100.0,-83.0,-82.0,-83.0,-63.0,-100.0,-100.0,-100.0,-75.0,-67.0,-100.0,-82.0,-100.0,-100.0,-100.0,-100.0,-92.0,-100.0,-100.0,-82.0,-69.0,-100.0,-82.0,-100.0,-79.0,-74.0,-100.0,-100.0,-100.0,-100.0,-100.0,-90.0,-78.0,-100.0,-77.0,-100.0,-100.0,-86.0,-100.0,-100.0,-100.0,-100.0,-100.0,-74.0,-85.0,-100.0,-75.0,-85.0,-100.0,-85.0,-100.0,-82.0,-76.0,-87.0,-86.0,-100.0,-100.0,-100.0,-100.0,-81.0,-93.0,-100.0,-100.0,-85.0,-100.0,-100.0,-100.0,-100.0,-81.0,-80.0,-84.0,-79.0,-84.0,-79.0,-91.0,-100.0,-100.0,-100.0,-100.0,-100.0,-100.0,-100.0,-100.0,-100.0,-100.0,-100.0,-100.0,-100.0,-100.0,-100.0,-100.0,-100.0,-100.0,-100.0,-100.0,-100.0,-100.0,-100.0,-100.0,-100.0,-100.0,-100.0,-100.0,-100.0,-100.0,-100.0,-100.0,-100.0,-100.0,-100.0,-100.0,-100.0,-100.0,-100.0,-100.0,-100.0,-100.0,-100.0,-100.0,-100.0
2021.02.11 162311,40.0,25.0,-32.45999952293578,-18.097431018348626,-45.91816459633027,-0.1553642734587156,0.18699505878348627,10.00457607798165,-0.0027173974077064227,-0.0018729800211009172,-0.0023676127721100927,-0.018696653991489023,0.01551703744089449,2.05108803893448,1016.2197762385318,-72.0,-72.0,-100.0,-79.0,-62.0,-62.0,-68.0,-100.0,-84.0,-82.0,-82.0,-74.0,-67.0,-79.0,-100.0,-83.0,-71.0,-72.0,-100.0,-75.0,-100.0,-100.0,-100.0,-100.0,-100.0,-79.0,-100.0,-83.0,-61.0,-100.0,-84.0,-100.0,-100.0,-78.0,-100.0,-100.0,-82.0,-100.0,-100.0,-100.0,-80.0,-82.0,-100.0,-70.0,-73.0,-87.0,-87.0,-100.0,-100.0,-79.0,-100.0,-74.0,-100.0,-100.0,-73.0,-86.0,-100.0,-100.0,-100.0,-79.0,-75.0,-86.0,-83.0,-100.0,-100.0,-100.0,-100.0,-79.0,-100.0,-100.0,-100.0,-100.0,-100.0,-100.0,-100.0,-100.0,-83.0,-100.0,-100.0,-81.0,-100.0,-87.0,-100.0,-89.0,-100.0,-100.0,-100.0,-100.0,-100.0,-100.0,-100.0,-100.0,-100.0,-100.0,-100.0,-100.0,-100.0,-100.0,-100.0,-100.0,-100.0,-100.0,-100.0,-100.0,-100.0,-100.0,-100.0,-100.0,-100.0,-100.0,-100.0,-100.0,-100.0,-100.0,-100.0,-100.0,-100.0,-100.0,-100.0,-100.0,-100.0,-100.0,-100.0,-100.0,-100.0,-100.0,-100.0,-100.0
2021.02.11 162322,40.0,25.0,-30.115531510638302,-16.59223382712766,-43.31457389893616,-0.1850468763031915,0.32959485045212766,9.986762178191489,0.0016761105523404247,-0.0017591360244680854,-0.006591859947287233,-0.032971835199822726,0.01853534057823085,2.027647134471447,1016.2311136170214,-67.0,-66.0,-100.0,-78.0,-56.0,-67.0,-74.0,-100.0,-74.0,-78.0,-84.0,-71.0,-100.0,-79.0,-100.0,-100.0,-78.0,-80.0,-100.0,-79.0,-100.0,-100.0,-100.0,-100.0,-100.0,-100.0,-100.0,-80.0,-58.0,-100.0,-100.0,-87.0,-77.0,0.0,-100.0,-100.0,-100.0,-100.0,-85.0,-100.0,-80.0,-100.0,-74.0,-100.0,-71.0,-100.0,-100.0,-100.0,-100.0,-80.0,-100.0,-75.0,-88.0,-88.0,-75.0,-100.0,-100.0,-78.0,-80.0,-77.0,-78.0,-100.0,-77.0,-100.0,-100.0,-100.0,-100.0,-74.0,-100.0,-100.0,-100.0,-77.0,-100.0,-100.0,-100.0,-100.0,-81.0,-100.0,-100.0,-82.0,-86.0,-88.0,-89.0,-100.0,-91.0,-100.0,-100.0,-100.0,-100.0,-100.0,-100.0,-100.0,-100.0,-100.0,-100.0,-100.0,-100.0,-100.0,-100.0,-100.0,-100.0,-100.0,-100.0,-100.0,-100.0,-100.0,-100.0,-100.0,-100.0,-100.0,-100.0,-100.0,-100.0,-100.0,-100.0,-100.0,-100.0,-100.0,-100.0,-100.0,-100.0,-100.0,-100.0,-100.0,-100.0,-100.0,-100.0,-100.0
2021.02.11 162337,39.0,25.0,-29.519463901785716,-16.834285482142857,-43.79464230357142,-0.19466309345535712,0.36675159330357143,10.000095,-0.00013002707178571434,-0.003620511194017857,-0.004665963335625,-0.03668219834798942,0.019487380594780085,2.036615940076964,1016.2363401785715,-70.0,-70.0,-100.0,-73.0,-63.0,-64.0,-76.0,-100.0,-100.0,-81.0,-83.0,-76.0,-61.0,-100.0,-100.0,-100.0,-74.0,-80.0,-100.0,-76.0,-100.0,-100.0,-100.0,-100.0,-91.0,-100.0,-100.0,-83.0,-65.0,-100.0,-83.0,-100.0,-73.0,-73.0,-100.0,-100.0,-84.0,-82.0,-100.0,-100.0,-79.0,-100.0,-71.0,-72.0,-73.0,-100.0,-85.0,-100.0,-100.0,-80.0,-100.0,-67.0,-89.0,-100.0,-67.0,-100.0,-100.0,-82.0,-77.0,-79.0,-73.0,-100.0,-100.0,-100.0,-100.0,-100.0,-100.0,-79.0,-100.0,-100.0,-90.0,-100.0,-100.0,-100.0,-89.0,-100.0,-75.0,-83.0,-84.0,-76.0,-86.0,-100.0,-88.0,-83.0,-100.0,-86.0,-88.0,-93.0,-100.0,-100.0,-100.0,-100.0,-100.0,-100.0,-100.0,-100.0,-100.0,-100.0,-100.0,-100.0,-100.0,-100.0,-100.0,-100.0,-100.0,-100.0,-100.0,-100.0,-100.0,-100.0,-100.0,-100.0,-100.0,-100.0,-100.0,-100.0,-100.0,-100.0,-100.0,-100.0,-100.0,-100.0,-100.0,-100.0,-100.0,-100.0,-100.0,-100.0
2021.02.11 162348,38.0,25.0,-28.296289822580647,-15.708870592741937,-41.25193493548387,-0.23147230967741936,0.25807965291935486,9.992351411290326,-0.003826184024516129,-0.003380528309354839,-0.0010521462387903227,-0.025828734517187552,0.023241831617797824,2.035750659242753,1016.2487222580645,-71.0,-71.0,-100.0,-85.0,-100.0,-60.0,-71.0,-100.0,-79.0,-82.0,-86.0,-76.0,-63.0,-82.0,-100.0,-100.0,-68.0,-80.0,-100.0,-78.0,-100.0,-100.0,-100.0,-100.0,-100.0,-100.0,-100.0,-100.0,-64.0,-100.0,-100.0,-100.0,-70.0,-72.0,-100.0,-100.0,-80.0,-78.0,-100.0,-100.0,-78.0,-100.0,-71.0,-73.0,-74.0,-100.0,-100.0,-100.0,-100.0,-100.0,-100.0,-65.0,-88.0,-100.0,-64.0,-100.0,-100.0,-84.0,-100.0,-78.0,-70.0,-100.0,-100.0,-100.0,-100.0,-100.0,-100.0,-80.0,-100.0,-100.0,-88.0,-100.0,-100.0,-100.0,-100.0,-80.0,-79.0,-100.0,-83.0,-77.0,-85.0,-100.0,-88.0,-83.0,-100.0,-100.0,-100.0,-100.0,-90.0,-91.0,-100.0,-100.0,-100.0,-100.0,-100.0,-100.0,-100.0,-100.0,-100.0,-100.0,-100.0,-100.0,-100.0,-100.0,-100.0,-100.0,-100.0,-100.0,-100.0,-100.0,-100.0,-100.0,-100.0,-100.0,-100.0,-100.0,-100.0,-100.0,-100.0,-100.0,-100.0,-100.0,-100.0,-100.0,-100.0,-100.0,-100.0,-100.0
2021.02.11 162400,37.0,25.0,-28.711825739130436,-16.26260844347826,-40.14312999130435,-0.3536656172173912,0.15829279313739134,10.005716056521738,8.074028678260892e-05,-0.0004696226724347832,0.002068920746695651,-0.015818057186096746,0.03530686672614963,2.050570357364157,1016.2538942608695,-73.0,-72.0,-100.0,-82.0,-63.0,-63.0,-69.0,-100.0,-86.0,-78.0,-86.0,-80.0,-61.0,-100.0,-100.0,-100.0,-75.0,-74.0,-100.0,-100.0,-100.0,-100.0,-100.0,-100.0,-100.0,-100.0,-87.0,-82.0,-62.0,-100.0,-81.0,-100.0,-71.0,-72.0,-100.0,-100.0,-78.0,-100.0,-87.0,-100.0,-100.0,-86.0,-78.0,-76.0,-75.0,-100.0,-86.0,-100.0,-100.0,-78.0,-100.0,-69.0,-100.0,-100.0,-68.0,-87.0,-82.0,-80.0,-82.0,-79.0,-71.0,-100.0,-73.0,-100.0,-100.0,-100.0,-100.0,-100.0,-92.0,-100.0,-100.0,-85.0,-100.0,-83.0,-87.0,-100.0,-82.0,-83.0,-85.0,-86.0,-83.0,-100.0,-87.0,-90.0,-100.0,-86.0,-86.0,-100.0,-100.0,-100.0,-92.0,-100.0,-100.0,-100.0,-100.0,-100.0,-100.0,-100.0,-100.0,-100.0,-100.0,-100.0,-100.0,-100.0,-100.0,-100.0,-100.0,-100.0,-100.0,-100.0,-100.0,-100.0,-100.0,-100.0,-100.0,-100.0,-100.0,-100.0,-100.0,-100.0,-100.0,-100.0,-100.0,-100.0,-100.0,-100.0,-100.0,-100.0
2021.02.11 162413,36.0,25.0,-30.447079265486725,-15.318583796460176,-39.23893748672567,-0.21245480921238935,0.32903268545132736,10.000737588495575,0.0012749245506194697,0.0007117284317699117,8.561865946902665e-05,-0.032958873434356314,0.021252869049383824,1.99366261790284,1016.2628603539824,-72.0,-73.0,-100.0,-85.0,-67.0,-67.0,-73.0,-100.0,-77.0,-79.0,-79.0,-74.0,-61.0,-83.0,-100.0,-100.0,-75.0,-73.0,-100.0,-77.0,-100.0,-100.0,-100.0,-100.0,-100.0,-100.0,-100.0,-86.0,-68.0,-100.0,-86.0,-100.0,-72.0,-77.0,-100.0,-100.0,-100.0,-100.0,-100.0,-100.0,-75.0,-100.0,-75.0,-69.0,-69.0,-100.0,-100.0,-100.0,-100.0,-100.0,-100.0,-100.0,-89.0,-100.0,-68.0,-100.0,-83.0,-100.0,-83.0,-79.0,-72.0,-88.0,-81.0,-100.0,-85.0,-84.0,-100.0,-78.0,-100.0,-100.0,-84.0,-80.0,-100.0,-85.0,-100.0,-100.0,-100.0,-85.0,-88.0,-81.0,-87.0,-100.0,-80.0,-100.0,-100.0,-100.0,-100.0,-100.0,-100.0,-100.0,-89.0,-91.0,-100.0,-100.0,-100.0,-100.0,-100.0,-100.0,-100.0,-100.0,-100.0,-100.0,-100.0,-100.0,-100.0,-100.0,-100.0,-100.0,-100.0,-100.0,-100.0,-100.0,-100.0,-100.0,-100.0,-100.0,-100.0,-100.0,-100.0,-100.0,-100.0,-100.0,-100.0,-100.0,-100.0,-100.0,-100.0,-100.0
2021.02.11 162428,35.0,25.0,-30.140892357142857,-13.816071080357144,-40.02374941071429,-0.14318618543214284,0.3558277175,10.00535371875,-0.0004081891383928576,0.0010809696574107135,-0.006874895757410715,-0.03556466693823621,0.014322699526279103,1.9554422189082419,1016.2724522321429,-73.0,-72.0,-100.0,-100.0,-74.0,-73.0,-79.0,-100.0,-86.0,-73.0,-85.0,-71.0,-62.0,-84.0,-100.0,-100.0,-100.0,-78.0,-100.0,-82.0,-100.0,-100.0,-100.0,-100.0,-100.0,-100.0,-91.0,-100.0,-73.0,-100.0,-80.0,-100.0,-71.0,-100.0,-100.0,-100.0,-100.0,-80.0,-88.0,-100.0,-75.0,-100.0,-72.0,-69.0,-69.0,-90.0,-100.0,-100.0,-100.0,-69.0,-100.0,-71.0,-88.0,-92.0,-100.0,-89.0,-84.0,-82.0,-83.0,-80.0,-100.0,-100.0,-79.0,-100.0,-87.0,-87.0,-100.0,-74.0,-92.0,-100.0,-100.0,-79.0,-100.0,-83.0,-89.0,-83.0,-74.0,-100.0,-100.0,-79.0,-90.0,-100.0,-83.0,-100.0,-100.0,-86.0,-88.0,-100.0,-100.0,-100.0,-100.0,-100.0,-90.0,-85.0,-88.0,-100.0,-100.0,-100.0,-100.0,-100.0,-100.0,-100.0,-100.0,-100.0,-100.0,-100.0,-100.0,-100.0,-100.0,-100.0,-100.0,-100.0,-100.0,-100.0,-100.0,-100.0,-100.0,-100.0,-100.0,-100.0,-100.0,-100.0,-100.0,-100.0,-100.0,-100.0,-100.0,-100.0
2021.02.11 162439,34.0,25.0,-29.5767182734375,-14.36343728125,-40.41093671875,-0.1281872278609375,0.24243903113906248,10.00569311328125,-7.139504515624954e-05,-0.0010802389137499996,-0.003136754819765625,-0.024249931891517883,0.012692616072453847,1.9908312819898129,1016.285305546875,-79.0,-79.0,-100.0,-85.0,-70.0,-100.0,-79.0,-100.0,-81.0,-79.0,-84.0,-72.0,-64.0,-78.0,-100.0,-100.0,-80.0,-82.0,-100.0,-85.0,-100.0,-100.0,-100.0,-100.0,-100.0,-84.0,-100.0,-86.0,-70.0,-100.0,-76.0,-100.0,-74.0,-69.0,-100.0,-100.0,-78.0,-78.0,-100.0,-89.0,-75.0,-100.0,-70.0,-100.0,-69.0,-81.0,-100.0,-100.0,-100.0,-70.0,-100.0,-65.0,-89.0,-100.0,-65.0,-90.0,-100.0,-100.0,-85.0,-77.0,-73.0,-88.0,-85.0,-100.0,-100.0,-100.0,-100.0,-76.0,-100.0,-100.0,-91.0,-85.0,-100.0,-100.0,-100.0,-100.0,-100.0,-87.0,-87.0,-77.0,-100.0,-100.0,-84.0,-86.0,-100.0,-100.0,-100.0,-100.0,-100.0,-100.0,-89.0,-100.0,-100.0,-100.0,-100.0,-82.0,-100.0,-100.0,-100.0,-100.0,-100.0,-100.0,-100.0,-100.0,-100.0,-100.0,-100.0,-100.0,-100.0,-100.0,-100.0,-100.0,-100.0,-100.0,-100.0,-100.0,-100.0,-100.0,-100.0,-100.0,-100.0,-100.0,-100.0,-100.0,-100.0,-100.0,-100.0,-100.0
2021.02.11 162452,33.0,25.0,-28.961718273437498,-14.663905984375,-38.917030726562494,-0.10287899582031249,0.2941029917265625,9.99095333203125,0.0018375591542187496,0.0004135175266406247,-0.0023397665879687493,-0.029424361249766613,0.010322758673282768,2.003327532671392,1016.29904375,-79.0,-79.0,-100.0,-88.0,-64.0,-64.0,-81.0,-100.0,-85.0,-100.0,-82.0,-73.0,-67.0,-80.0,-100.0,-100.0,-79.0,-72.0,-100.0,-82.0,-100.0,-100.0,-100.0,-100.0,-100.0,-100.0,-100.0,-80.0,-72.0,-100.0,-75.0,-100.0,-70.0,-73.0,-100.0,-100.0,-100.0,-100.0,-100.0,-88.0,-76.0,-100.0,-75.0,-64.0,-64.0,-100.0,-100.0,-100.0,-100.0,-100.0,-100.0,-75.0,-86.0,-100.0,-74.0,-88.0,-100.0,-79.0,-100.0,-77.0,-77.0,-100.0,-100.0,-100.0,-86.0,-85.0,-100.0,-77.0,-100.0,-100.0,-100.0,-100.0,-100.0,-100.0,-86.0,-100.0,-100.0,-87.0,-100.0,-86.0,-86.0,-100.0,-84.0,-81.0,-100.0,-100.0,-100.0,-100.0,-100.0,-90.0,-92.0,-100.0,-100.0,-84.0,-100.0,-77.0,-100.0,-100.0,-100.0,-100.0,-100.0,-100.0,-100.0,-100.0,-100.0,-100.0,-100.0,-100.0,-100.0,-100.0,-100.0,-100.0,-100.0,-100.0,-100.0,-100.0,-100.0,-100.0,-100.0,-100.0,-100.0,-100.0,-100.0,-100.0,-100.0,-100.0,-100.0,-100.0
2021.02.11 162516,31.0,25.0,-28.038164770642204,-14.275596073394492,-38.270641816513766,-0.22233806949174312,0.3967906429174311,10.00194018348624,0.00553768973211009,-0.002780871647247708,-0.005186559557981652,-0.03966234165559938,0.022240455351009436,1.9881749590602489,1016.3098548623852,-79.0,-79.0,-100.0,-85.0,-72.0,-71.0,-80.0,-100.0,-100.0,-82.0,-86.0,-74.0,-62.0,-79.0,-100.0,-86.0,-80.0,-85.0,-100.0,-82.0,-100.0,-100.0,-100.0,-100.0,-100.0,-80.0,-100.0,-100.0,-100.0,-100.0,-67.0,-100.0,-71.0,-73.0,-100.0,-100.0,-100.0,-72.0,-100.0,-92.0,-67.0,-100.0,-71.0,-67.0,-68.0,-100.0,-100.0,-100.0,-100.0,-75.0,-100.0,-68.0,-100.0,-100.0,-68.0,-92.0,-100.0,-78.0,-79.0,-78.0,-72.0,-100.0,-77.0,-100.0,-100.0,-100.0,-86.0,-75.0,-100.0,-100.0,-100.0,-81.0,-100.0,-100.0,-87.0,-81.0,-100.0,-90.0,-100.0,-78.0,-87.0,-81.0,-86.0,-100.0,-100.0,-100.0,-100.0,-100.0,-100.0,-100.0,-91.0,-100.0,-100.0,-100.0,-100.0,-100.0,-100.0,-100.0,-100.0,-100.0,-100.0,-100.0,-100.0,-100.0,-100.0,-100.0,-100.0,-100.0,-100.0,-100.0,-100.0,-100.0,-100.0,-100.0,-100.0,-100.0,-100.0,-100.0,-100.0,-100.0,-100.0,-100.0,-100.0,-100.0,-100.0,-100.0,-100.0,-100.0
2021.02.11 162539,30.0,25.0,-30.319663436974793,-13.591260210084032,-37.34672226890756,-0.10245081780000001,0.18431892035126052,10.002475331932773,-0.0016379401035294114,0.0027075906184033617,-0.0045183802873949575,-0.01850654646646202,0.010289061782874743,1.970001118523734,1016.3258485714285,-74.0,-71.0,-100.0,-85.0,-100.0,-65.0,-77.0,-100.0,-100.0,-82.0,-82.0,-72.0,-100.0,-83.0,-100.0,-89.0,-85.0,-87.0,-100.0,-83.0,-100.0,-100.0,-100.0,-100.0,-100.0,-100.0,-100.0,-100.0,-100.0,-100.0,-79.0,-100.0,-71.0,-78.0,-100.0,-100.0,-100.0,-100.0,-100.0,-100.0,-72.0,-100.0,-80.0,-68.0,-100.0,-100.0,-100.0,-100.0,-100.0,-100.0,-100.0,-71.0,-90.0,-100.0,-71.0,-90.0,-100.0,-71.0,-79.0,-76.0,-73.0,-100.0,-76.0,-100.0,-100.0,-100.0,-100.0,-75.0,-90.0,-100.0,-100.0,-83.0,-100.0,-100.0,-90.0,-89.0,-100.0,-86.0,-86.0,-74.0,-88.0,-100.0,-86.0,-82.0,-100.0,-100.0,-87.0,-91.0,-100.0,-92.0,-86.0,-100.0,-100.0,-85.0,-100.0,-100.0,-100.0,-100.0,-100.0,-100.0,-100.0,-100.0,-100.0,-100.0,-100.0,-100.0,-100.0,-100.0,-100.0,-100.0,-100.0,-100.0,-100.0,-100.0,-100.0,-100.0,-100.0,-100.0,-100.0,-100.0,-100.0,-100.0,-100.0,-100.0,-100.0,-100.0,-100.0,-100.0
2021.02.11 162551,29.0,25.0,-30.950731268292685,-13.763902146341463,-37.246828747967484,-0.18655877756910566,0.23386030471544716,10.008964093495937,0.00034585908357723634,0.00047338552650406506,0.002140998072357723,-0.023480305027943522,0.01851987032539158,1.958710542539271,1016.331041382114,-75.0,-74.0,-100.0,-86.0,-100.0,-71.0,-79.0,-100.0,-100.0,-85.0,-86.0,-68.0,-64.0,-85.0,-100.0,-87.0,-100.0,-82.0,-100.0,-81.0,-100.0,-100.0,-100.0,-100.0,-100.0,-100.0,-100.0,-100.0,-76.0,-100.0,-88.0,-87.0,-66.0,-75.0,-100.0,-100.0,-83.0,-100.0,-100.0,-93.0,-74.0,-100.0,-75.0,-71.0,-71.0,-100.0,-100.0,-100.0,-100.0,-67.0,-100.0,-71.0,-100.0,-100.0,-72.0,-86.0,-100.0,-78.0,-100.0,-75.0,-72.0,-91.0,-81.0,-100.0,-86.0,-87.0,-88.0,-100.0,-100.0,-100.0,-100.0,-100.0,-100.0,-100.0,-100.0,-100.0,-64.0,-100.0,-100.0,-79.0,-88.0,-100.0,-84.0,-86.0,-100.0,-100.0,-87.0,-100.0,-100.0,-100.0,-100.0,-100.0,-100.0,-86.0,-100.0,-100.0,-84.0,-85.0,-100.0,-100.0,-100.0,-100.0,-100.0,-100.0,-100.0,-100.0,-100.0,-100.0,-100.0,-100.0,-100.0,-100.0,-100.0,-100.0,-100.0,-100.0,-100.0,-100.0,-100.0,-100.0,-100.0,-100.0,-100.0,-100.0,-100.0,-100.0,-100.0,-100.0
2021.02.11 162603,28.0,25.0,-30.858103008620684,-12.889654810344826,-37.68310299137931,-0.2111915505172414,0.2376111346465517,10.014818038793104,-0.0015804559844827585,-0.0030908939273275866,-0.002312778041206897,-0.023739174528355313,0.021038620014161083,1.9340554650487571,1016.3370647413793,-75.0,-72.0,-100.0,-91.0,-100.0,-79.0,-86.0,-100.0,-100.0,-83.0,-86.0,-65.0,-65.0,-87.0,-100.0,-100.0,-84.0,-86.0,-100.0,-87.0,-100.0,-100.0,-100.0,-100.0,-100.0,-100.0,-100.0,-84.0,-100.0,-100.0,-84.0,-100.0,-66.0,-72.0,-100.0,-100.0,-100.0,-77.0,-90.0,-100.0,-71.0,-100.0,-74.0,-100.0,-100.0,-84.0,-100.0,-100.0,-100.0,-70.0,-100.0,-70.0,-88.0,-100.0,-100.0,-100.0,-100.0,-73.0,-76.0,-76.0,-70.0,-100.0,-78.0,-100.0,-86.0,-86.0,-100.0,-79.0,-92.0,-100.0,-100.0,-77.0,-100.0,-100.0,-85.0,-100.0,-72.0,-100.0,-100.0,-85.0,-87.0,-100.0,-83.0,-86.0,-100.0,-100.0,-100.0,-100.0,-100.0,-100.0,-88.0,-100.0,-86.0,-87.0,-100.0,-100.0,-100.0,-81.0,-91.0,-100.0,-100.0,-100.0,-100.0,-100.0,-100.0,-100.0,-100.0,-100.0,-100.0,-100.0,-100.0,-100.0,-100.0,-100.0,-100.0,-100.0,-100.0,-100.0,-100.0,-100.0,-100.0,-100.0,-100.0,-100.0,-100.0,-100.0,-100.0,-100.0
2021.02.11 162615,27.0,25.0,-31.457796211864405,-10.839660766949152,-38.6166096440678,-0.2385955716016949,0.23691146299999996,9.995123470338985,0.001083198615084746,-0.003986216713305084,0.003268998587627118,-0.023714550796469974,0.023859992406283607,1.8693586001961917,1016.3421926271187,-74.0,-74.0,-100.0,-100.0,-80.0,-79.0,-82.0,-100.0,-100.0,-83.0,-89.0,-70.0,-66.0,-100.0,-100.0,-91.0,-100.0,-86.0,-100.0,-100.0,-100.0,-100.0,-100.0,-100.0,-100.0,-100.0,-100.0,-84.0,-81.0,-100.0,-89.0,-100.0,-65.0,-72.0,-100.0,-100.0,-82.0,-100.0,-100.0,-100.0,-78.0,-100.0,-74.0,-70.0,-70.0,-100.0,-100.0,-100.0,-100.0,-67.0,-100.0,-100.0,-100.0,-100.0,-70.0,-88.0,-100.0,-66.0,-100.0,-76.0,-75.0,-90.0,-80.0,-90.0,-100.0,-100.0,-100.0,-71.0,-100.0,-100.0,-100.0,-100.0,-100.0,-100.0,-100.0,-100.0,-67.0,-100.0,-100.0,-77.0,-89.0,-77.0,-83.0,-80.0,-100.0,-100.0,-100.0,-100.0,-100.0,-100.0,-75.0,-100.0,-91.0,-100.0,-100.0,-100.0,-100.0,-78.0,-100.0,-100.0,-100.0,-100.0,-100.0,-100.0,-100.0,-100.0,-100.0,-100.0,-100.0,-100.0,-100.0,-100.0,-100.0,-100.0,-100.0,-100.0,-100.0,-100.0,-100.0,-100.0,-100.0,-100.0,-100.0,-100.0,-100.0,-100.0,-100.0,-100.0
2021.02.11 162626,26.0,25.0,-31.60016913559322,-11.301355677966102,-39.66915203389832,-0.24439864466271183,0.22861266213728818,10.000277105932202,0.0007052903691525423,-0.004700618483559323,-0.003346982345169491,-0.02278010572004464,0.02439195636401335,1.8813591751001648,1016.3425773728814,-74.0,-75.0,-100.0,-100.0,-100.0,-80.0,-79.0,-100.0,-100.0,-82.0,-88.0,-58.0,-58.0,-100.0,-100.0,-100.0,-83.0,-100.0,-100.0,-100.0,-100.0,-100.0,-100.0,-100.0,-100.0,-100.0,-100.0,-100.0,-100.0,-100.0,-100.0,-100.0,-60.0,-65.0,-100.0,-100.0,-100.0,-82.0,-100.0,-100.0,-75.0,-100.0,-73.0,-65.0,-66.0,-100.0,-100.0,-100.0,-89.0,-61.0,-100.0,-100.0,-88.0,-100.0,-100.0,-100.0,-100.0,-74.0,-78.0,-75.0,-100.0,-100.0,-73.0,-100.0,-100.0,-100.0,-100.0,-75.0,-93.0,-100.0,-100.0,-100.0,-100.0,-100.0,-79.0,-80.0,-61.0,-86.0,-86.0,-79.0,-85.0,-80.0,-78.0,-100.0,-100.0,-87.0,-88.0,-100.0,-100.0,-100.0,-100.0,-100.0,-91.0,-82.0,-100.0,-100.0,-86.0,-81.0,-100.0,-87.0,-100.0,-100.0,-100.0,-100.0,-100.0,-100.0,-100.0,-100.0,-100.0,-100.0,-100.0,-100.0,-100.0,-100.0,-100.0,-100.0,-100.0,-100.0,-100.0,-100.0,-100.0,-100.0,-100.0,-100.0,-100.0,-100.0,-100.0,-100.0
2021.02.11 162637,25.0,25.0,-31.62315759649122,-11.175789271929824,-38.754736263157895,-0.18872766267543858,0.3158132481666667,10.012542188596493,0.0029124340914035082,-0.0005566161489473681,-0.0020514142035087716,-0.031527545561466586,0.018786509338634752,1.8706035561728895,1016.3518805263157,-71.0,-72.0,-100.0,-100.0,-76.0,-100.0,-100.0,-86.0,-89.0,-77.0,-88.0,-61.0,-56.0,-90.0,-100.0,-87.0,-84.0,-100.0,-100.0,-86.0,-100.0,-100.0,-100.0,-100.0,-100.0,-100.0,-85.0,-90.0,-100.0,-100.0,-100.0,-100.0,-65.0,-75.0,-100.0,-100.0,-100.0,-86.0,-100.0,-100.0,-79.0,-100.0,-73.0,-70.0,-71.0,-85.0,-100.0,-87.0,-88.0,-100.0,-100.0,-66.0,-87.0,-100.0,-67.0,-88.0,-86.0,-74.0,-77.0,-78.0,-72.0,-88.0,-72.0,-100.0,-100.0,-100.0,-100.0,-79.0,-100.0,-100.0,-100.0,-72.0,-100.0,-89.0,-83.0,-81.0,-100.0,-87.0,-85.0,-75.0,-83.0,-72.0,-82.0,-100.0,-100.0,-83.0,-83.0,-100.0,-100.0,-100.0,-100.0,-89.0,-100.0,-83.0,-100.0,-100.0,-100.0,-100.0,-86.0,-100.0,-87.0,-87.0,-90.0,-85.0,-92.0,-100.0,-100.0,-100.0,-100.0,-100.0,-100.0,-100.0,-100.0,-100.0,-100.0,-100.0,-100.0,-100.0,-100.0,-100.0,-100.0,-100.0,-100.0,-100.0,-100.0,-100.0,-100.0,-100.0
2021.02.11 162648,24.0,25.0,-31.232104754385965,-10.272105087719298,-38.983683903508776,-0.15581688322280704,0.26706665309298244,10.003532201754387,0.004053787828421052,-0.0025499659135964923,-0.0054379655885964905,-0.02668604573971187,0.015545049666048177,1.8543527398193091,1016.3564562280703,-73.0,-72.0,-100.0,-100.0,-69.0,-100.0,-80.0,-100.0,-100.0,0.0,-89.0,-60.0,-54.0,-100.0,-100.0,-100.0,-100.0,-100.0,-100.0,-100.0,-100.0,-100.0,-100.0,-100.0,-100.0,-100.0,-100.0,-100.0,-100.0,-100.0,-82.0,-100.0,-58.0,-78.0,-100.0,-100.0,-84.0,-100.0,-100.0,-100.0,-100.0,-100.0,-67.0,-68.0,-67.0,-100.0,-100.0,-100.0,-100.0,-69.0,-100.0,-72.0,-91.0,-100.0,-72.0,-90.0,-100.0,-100.0,-100.0,-75.0,-75.0,-100.0,-100.0,-100.0,-100.0,-100.0,-100.0,-74.0,-100.0,-100.0,-100.0,-100.0,-100.0,-100.0,-81.0,-77.0,-67.0,-82.0,-84.0,-66.0,-100.0,-74.0,-81.0,-81.0,-100.0,-100.0,-100.0,-100.0,-100.0,-100.0,-100.0,-91.0,-86.0,-86.0,-100.0,-100.0,-100.0,-100.0,-89.0,-85.0,-100.0,-88.0,-100.0,-85.0,-100.0,-100.0,-100.0,-100.0,-100.0,-100.0,-100.0,-100.0,-100.0,-100.0,-100.0,-100.0,-100.0,-100.0,-100.0,-100.0,-100.0,-100.0,-100.0,-100.0,-100.0,-100.0,-100.0,-100.0
2021.02.11 162702,23.0,25.0,-29.641538094017093,-10.77333308974359,-40.0907682991453,-0.28714926563247856,0.18693761023760688,10.001561166666667,-0.0007489102707692307,-0.0006446873239316248,-0.0037271029649572646,-0.01870039583141036,0.02872094629396098,1.887085950272715,1016.3586171794873,-72.0,-70.0,-100.0,-100.0,-100.0,-71.0,-86.0,-100.0,-100.0,-84.0,-86.0,-60.0,-57.0,-88.0,-76.0,-91.0,-89.0,-85.0,-100.0,-100.0,-100.0,-100.0,-100.0,-100.0,-100.0,-100.0,-100.0,-100.0,-100.0,-100.0,-90.0,-100.0,-58.0,-74.0,-100.0,-100.0,-100.0,-100.0,-100.0,-100.0,-100.0,-100.0,-70.0,-68.0,-66.0,-100.0,-100.0,-100.0,-100.0,-66.0,-100.0,-73.0,-88.0,-100.0,-73.0,-88.0,-100.0,-64.0,-80.0,-75.0,-74.0,-100.0,-71.0,-100.0,-100.0,-100.0,-100.0,-77.0,-100.0,-100.0,-100.0,-100.0,-100.0,-100.0,-80.0,-100.0,-100.0,-83.0,-82.0,-80.0,-85.0,-72.0,-79.0,-81.0,-100.0,-100.0,-100.0,-100.0,-100.0,-100.0,-86.0,-90.0,-100.0,-82.0,-100.0,-100.0,-100.0,-100.0,-100.0,-100.0,-100.0,-100.0,-100.0,-84.0,-100.0,-100.0,-100.0,-100.0,-100.0,-100.0,-100.0,-100.0,-100.0,-100.0,-100.0,-100.0,-100.0,-100.0,-100.0,-100.0,-100.0,-100.0,-100.0,-100.0,-100.0,-100.0,-100.0,-100.0
2021.02.11 162714,22.0,25.0,-28.636173495652173,-11.777738873913043,-40.60069507826086,-0.20155629913739126,0.14003384633739127,10.001052430434783,0.00038351671756521973,-0.005314049538695652,-0.0007463711981739131,-0.013927717082728814,0.02010823606181906,1.9364640847496364,1016.3541836521739,-75.0,-75.0,-100.0,-85.0,-100.0,-72.0,-100.0,-87.0,-100.0,-89.0,-89.0,-61.0,-55.0,-100.0,-100.0,-100.0,-100.0,-90.0,-100.0,-100.0,-100.0,-100.0,-100.0,-100.0,-95.0,-100.0,-93.0,-100.0,-100.0,-100.0,-100.0,-100.0,-62.0,-80.0,-100.0,-100.0,-75.0,-83.0,-100.0,-100.0,-84.0,-100.0,-74.0,-67.0,-68.0,-100.0,-100.0,-100.0,-100.0,-69.0,-100.0,-78.0,-90.0,-92.0,-75.0,-100.0,-100.0,-100.0,-74.0,-73.0,-72.0,-100.0,-72.0,-100.0,-100.0,-100.0,-100.0,-76.0,-100.0,-100.0,-100.0,-72.0,-100.0,-100.0,-89.0,-79.0,-71.0,-80.0,-79.0,-80.0,-85.0,-100.0,-80.0,-78.0,-100.0,-85.0,-86.0,-100.0,-100.0,-100.0,-100.0,-90.0,-100.0,-79.0,-100.0,-100.0,-100.0,-100.0,-85.0,-100.0,-100.0,-100.0,-100.0,-87.0,-100.0,-100.0,-100.0,-100.0,-100.0,-100.0,-100.0,-100.0,-100.0,-100.0,-100.0,-100.0,-100.0,-100.0,-100.0,-100.0,-100.0,-100.0,-100.0,-100.0,-100.0,-100.0,-100.0,-100.0
2021.02.11 162725,21.0,25.0,-28.193499616666667,-10.254499716666666,-41.16149948333334,-0.20249579174000001,0.088548263025,10.0058540375,-0.0016004670951666666,-0.00430700745475,0.00011769326033333333,-0.008889149765673184,0.020214969896187502,1.900639404853185,1016.3574866666667,-73.0,-76.0,-100.0,-87.0,-100.0,-74.0,-87.0,-82.0,-100.0,-89.0,-88.0,-62.0,-59.0,-100.0,-100.0,-89.0,-93.0,-91.0,-100.0,-85.0,-100.0,-100.0,-100.0,-100.0,-100.0,-100.0,-89.0,-100.0,-100.0,-100.0,-87.0,-100.0,-62.0,-75.0,-100.0,-100.0,-83.0,-100.0,-100.0,-93.0,-84.0,-100.0,-73.0,-73.0,-73.0,-100.0,-100.0,-100.0,-100.0,-63.0,-100.0,-72.0,-100.0,-100.0,-73.0,-100.0,-100.0,-71.0,-82.0,-77.0,-73.0,-100.0,-77.0,-100.0,-100.0,-100.0,-100.0,-72.0,-100.0,-100.0,-100.0,-71.0,-100.0,-100.0,-80.0,-100.0,-58.0,-83.0,-81.0,-76.0,-86.0,-100.0,-81.0,-79.0,-100.0,-84.0,-83.0,-100.0,-100.0,-100.0,-100.0,-91.0,-100.0,-83.0,-100.0,-100.0,-82.0,-100.0,-85.0,-84.0,-100.0,-100.0,-100.0,-100.0,-100.0,-90.0,-100.0,-100.0,-100.0,-100.0,-100.0,-100.0,-100.0,-100.0,-100.0,-100.0,-100.0,-100.0,-100.0,-100.0,-100.0,-100.0,-100.0,-100.0,-100.0,-100.0,-100.0,-100.0
2021.02.11 162737,20.0,25.0,-27.985178214285714,-11.053928321428572,-43.071428035714284,-0.24855565276785715,0.08251697055357142,10.00732046875,0.0032460944608928566,-0.000991608964017857,-0.0029479048204464294,-0.008242124571812096,0.024816179500443684,1.9251546540430613,1016.3573834821428,-75.0,-76.0,-100.0,-100.0,-100.0,-100.0,-87.0,-100.0,-100.0,-88.0,-88.0,-67.0,-56.0,-81.0,-100.0,-100.0,-100.0,-100.0,-100.0,-100.0,-100.0,-100.0,-100.0,-100.0,-100.0,-100.0,-100.0,-100.0,-100.0,-100.0,-100.0,-100.0,-68.0,-72.0,-100.0,-100.0,-100.0,-100.0,-100.0,-92.0,-85.0,-100.0,-74.0,-79.0,-100.0,-100.0,-100.0,-100.0,-100.0,-61.0,-100.0,-76.0,-90.0,-100.0,-76.0,-100.0,-100.0,-69.0,-75.0,-75.0,-73.0,-100.0,-74.0,-87.0,-100.0,-100.0,-100.0,-73.0,-100.0,-100.0,-100.0,-74.0,-100.0,-100.0,-80.0,-100.0,-61.0,-80.0,-79.0,-76.0,-70.0,-80.0,-77.0,-79.0,-100.0,-100.0,-100.0,-100.0,-100.0,-100.0,-100.0,-91.0,-100.0,-75.0,-100.0,-100.0,-80.0,-100.0,-88.0,-100.0,-100.0,-100.0,-100.0,-100.0,-100.0,-100.0,-100.0,-100.0,-100.0,-100.0,-100.0,-100.0,-100.0,-100.0,-100.0,-100.0,-100.0,-100.0,-100.0,-100.0,-100.0,-100.0,-100.0,-100.0,-100.0,-100.0,-100.0,-100.0
2021.02.11 162748,19.0,25.0,-27.732521269565215,-13.064347604347827,-43.89756446956521,-0.2897280712104348,0.20107744490956522,10.012711456521737,-0.004253746486086956,-0.004341977086000001,-0.007067498411565217,-0.02008172467948217,0.02885182026530732,1.9700514451317166,1016.3578120869565,-77.0,-77.0,-100.0,-100.0,-100.0,-100.0,-85.0,-100.0,-100.0,-89.0,-88.0,-67.0,-56.0,-100.0,-100.0,-100.0,-100.0,-86.0,-100.0,-100.0,-100.0,-100.0,-100.0,-100.0,-100.0,-100.0,-100.0,-100.0,-100.0,-100.0,-90.0,-100.0,-63.0,-78.0,-100.0,-100.0,-85.0,-100.0,-100.0,-100.0,-100.0,-100.0,-73.0,-100.0,-100.0,-100.0,-100.0,-100.0,-100.0,-100.0,-100.0,-80.0,-100.0,-90.0,-79.0,-91.0,-100.0,-64.0,-76.0,-76.0,-77.0,-90.0,-69.0,-100.0,-100.0,-100.0,-100.0,-71.0,-100.0,-100.0,-100.0,-77.0,-100.0,-100.0,-83.0,-100.0,-64.0,-100.0,-100.0,-71.0,-83.0,-100.0,-77.0,-88.0,-100.0,-100.0,-100.0,-100.0,-100.0,-100.0,-79.0,-90.0,-100.0,-78.0,-100.0,-100.0,-85.0,-100.0,-83.0,-100.0,-100.0,-100.0,-100.0,-100.0,-100.0,-100.0,-100.0,-100.0,-100.0,-100.0,-100.0,-100.0,-100.0,-100.0,-100.0,-100.0,-100.0,-100.0,-100.0,-100.0,-100.0,-100.0,-100.0,-100.0,-100.0,-100.0,-100.0,-100.0
2021.02.11 162800,18.0,25.0,-26.311858070796458,-14.977167924778763,-43.32743305309735,-0.3878089541592921,0.16853152086725667,9.997749964601772,0.0028642554769911515,-0.003645416768584071,-0.00021711136415929268,-0.016896301502386586,0.0387088064829596,2.0434070160958617,1016.362986637168,-77.0,-74.0,-100.0,-100.0,-100.0,-81.0,-79.0,-100.0,-100.0,-89.0,-86.0,-70.0,-55.0,-100.0,-89.0,-91.0,-100.0,-86.0,-100.0,-100.0,-100.0,-100.0,-100.0,-100.0,-100.0,-100.0,-100.0,-100.0,-100.0,-100.0,-100.0,-100.0,-73.0,-72.0,-100.0,-100.0,-100.0,-100.0,-100.0,-100.0,-100.0,-100.0,-71.0,-100.0,-78.0,-100.0,-100.0,-100.0,-100.0,-61.0,-100.0,-77.0,-100.0,-100.0,-76.0,-100.0,-100.0,-72.0,-100.0,-80.0,-75.0,-100.0,-69.0,-100.0,-100.0,-100.0,-100.0,-70.0,-94.0,-100.0,-100.0,-71.0,-100.0,-100.0,-74.0,-89.0,-62.0,-78.0,-100.0,-74.0,-79.0,-100.0,-79.0,-80.0,-100.0,-88.0,-100.0,-100.0,-100.0,-100.0,-80.0,-89.0,-100.0,-76.0,-100.0,-100.0,-100.0,-100.0,-86.0,-76.0,-100.0,-100.0,-100.0,-100.0,-100.0,-100.0,-100.0,-100.0,-100.0,-100.0,-100.0,-100.0,-100.0,-100.0,-100.0,-100.0,-100.0,-100.0,-100.0,-100.0,-100.0,-100.0,-100.0,-100.0,-100.0,-100.0,-100.0,-100.0
2021.02.11 162814,17.0,25.0,-28.003008513274338,-14.12336249557522,-41.65061887610619,-0.16160295620884954,0.08500734957522123,10.007856827433628,0.0020263427821238934,-0.0017317326214159293,-0.003444425970442478,-0.00848722798683867,0.016126320756991372,2.0197508419509482,1016.3667559292035,-77.0,-74.0,-100.0,-100.0,-80.0,-79.0,-100.0,-100.0,-100.0,-91.0,-87.0,-75.0,-51.0,-100.0,-100.0,-100.0,-91.0,-100.0,-100.0,-100.0,-100.0,-100.0,-100.0,-100.0,-100.0,-100.0,-100.0,-100.0,-100.0,-100.0,-100.0,-100.0,-71.0,-100.0,-100.0,-100.0,-100.0,-100.0,-100.0,-100.0,-86.0,-100.0,-72.0,-78.0,-79.0,-100.0,-100.0,-100.0,-100.0,-57.0,-100.0,-77.0,-90.0,-92.0,-100.0,-91.0,-100.0,-66.0,-80.0,-75.0,-100.0,-100.0,-71.0,-100.0,-100.0,-100.0,-100.0,-64.0,-100.0,-100.0,-100.0,-72.0,-100.0,-100.0,-71.0,-100.0,-56.0,-77.0,-77.0,-74.0,-77.0,-81.0,-79.0,-87.0,-100.0,-85.0,-84.0,-100.0,-100.0,-100.0,-100.0,-100.0,-78.0,-77.0,-100.0,-100.0,-79.0,-100.0,-100.0,-77.0,-100.0,-100.0,-100.0,-100.0,-100.0,-100.0,-100.0,-100.0,-100.0,-100.0,-100.0,-100.0,-100.0,-100.0,-100.0,-100.0,-100.0,-100.0,-100.0,-100.0,-100.0,-100.0,-100.0,-100.0,-100.0,-100.0,-100.0,-100.0
2021.02.11 162825,16.0,25.0,-29.250516879310343,-14.832930711206897,-40.77206847413793,-0.1632441324413793,0.3789971915431035,9.99403325,0.002706133004310346,-0.0028065257398275857,-0.0026919356382758618,-0.037844792840368034,0.01633128474889508,1.9903043970979493,1016.3700822413792,-82.0,-81.0,-100.0,-100.0,-100.0,-100.0,-100.0,-100.0,-100.0,-100.0,-87.0,-72.0,-51.0,-100.0,-88.0,-100.0,-100.0,-86.0,-100.0,-100.0,-100.0,-100.0,-100.0,-100.0,-100.0,-100.0,-100.0,-100.0,-100.0,-100.0,-100.0,-100.0,-65.0,-100.0,-100.0,-100.0,-100.0,-100.0,-100.0,-100.0,-100.0,-100.0,-72.0,-100.0,-100.0,-100.0,-100.0,-100.0,-100.0,-53.0,-100.0,-100.0,-100.0,-100.0,-77.0,-90.0,-100.0,-59.0,-78.0,-75.0,-84.0,-100.0,-70.0,-88.0,-100.0,-100.0,-100.0,-64.0,-100.0,-100.0,-100.0,-70.0,-100.0,-100.0,-83.0,-100.0,-55.0,-81.0,-80.0,-72.0,-81.0,-100.0,-78.0,-84.0,-100.0,-100.0,-100.0,-100.0,-100.0,-100.0,-100.0,-100.0,-85.0,-78.0,-100.0,-100.0,-82.0,-100.0,-71.0,-80.0,-90.0,-100.0,-100.0,-100.0,-100.0,-100.0,-92.0,-100.0,-100.0,-100.0,-100.0,-100.0,-100.0,-100.0,-100.0,-100.0,-100.0,-100.0,-100.0,-100.0,-100.0,-100.0,-100.0,-100.0,-100.0,-100.0,-100.0,-100.0
2021.02.11 162836,15.0,25.0,-29.506725230088495,-15.621238597345133,-40.38849509734513,-0.2416522500141593,0.24148274250088497,10.00851364159292,0.005064451289911504,0.002657847803716814,-0.004703997442654868,-0.02416265024844784,0.02413161364394293,2.0201954018753185,1016.3694317699116,-81.0,-80.0,-100.0,-100.0,-100.0,-100.0,-100.0,-100.0,-100.0,-91.0,-89.0,-72.0,-54.0,-100.0,-100.0,-100.0,-91.0,-100.0,-100.0,-100.0,-100.0,-100.0,-100.0,-100.0,-100.0,-100.0,-100.0,-100.0,-100.0,-100.0,-100.0,-100.0,-65.0,-77.0,-100.0,-100.0,-100.0,-100.0,-100.0,-100.0,-100.0,-100.0,-80.0,-100.0,-79.0,-100.0,-100.0,-100.0,-100.0,-100.0,-100.0,-80.0,-90.0,-100.0,-81.0,-91.0,-100.0,-62.0,-75.0,-76.0,-100.0,-100.0,-79.0,-100.0,-100.0,-100.0,-100.0,-63.0,-100.0,-100.0,-100.0,-74.0,-100.0,-100.0,-79.0,-100.0,-61.0,-77.0,-78.0,-66.0,-75.0,-81.0,-83.0,-87.0,-100.0,-100.0,-100.0,-90.0,-100.0,-91.0,-80.0,-90.0,-80.0,-78.0,-100.0,-100.0,-84.0,-85.0,-73.0,-100.0,-100.0,-100.0,-100.0,-100.0,-100.0,-100.0,-100.0,-87.0,-87.0,-100.0,-100.0,-100.0,-100.0,-100.0,-100.0,-100.0,-100.0,-100.0,-100.0,-100.0,-100.0,-100.0,-100.0,-100.0,-100.0,-100.0,-100.0,-100.0
2021.02.11 162847,14.0,25.0,-29.143303947826084,-16.12434759130435,-40.42852115652175,-0.30532208584347825,0.12329474211304346,10.015480543478262,-0.0005513720798260863,0.0005608805176521741,-0.006111361442173913,-0.012308826035400233,0.030363886878299287,2.0471239463142727,1016.3671626086957,-76.0,-75.0,-100.0,-100.0,-100.0,-100.0,-85.0,-90.0,-100.0,-100.0,-90.0,-76.0,-54.0,-100.0,-90.0,-100.0,-100.0,-90.0,-100.0,-100.0,-100.0,-100.0,-100.0,-100.0,-100.0,-100.0,-100.0,-100.0,-100.0,-100.0,-91.0,-100.0,-66.0,-83.0,-100.0,-100.0,-100.0,-100.0,-100.0,-100.0,-100.0,-100.0,-70.0,-100.0,-78.0,-100.0,-100.0,-100.0,-100.0,-55.0,-100.0,-79.0,-100.0,-100.0,-78.0,-100.0,-100.0,-69.0,-80.0,-78.0,-82.0,-93.0,-100.0,-100.0,-100.0,-100.0,-100.0,-64.0,-100.0,-100.0,-100.0,-100.0,-100.0,-100.0,-75.0,-91.0,-55.0,-82.0,-81.0,-67.0,-83.0,-100.0,-82.0,-86.0,-100.0,-84.0,-85.0,-100.0,-100.0,-100.0,-82.0,-91.0,-75.0,-72.0,-100.0,-100.0,-100.0,-100.0,-75.0,-81.0,-100.0,-87.0,-100.0,-100.0,-100.0,-89.0,-100.0,-88.0,-100.0,-89.0,-100.0,-100.0,-100.0,-100.0,-100.0,-100.0,-100.0,-100.0,-100.0,-100.0,-100.0,-100.0,-100.0,-100.0,-100.0,-100.0,-100.0,-100.0
2021.02.11 162859,13.0,25.0,-28.847287669491525,-17.564237194915258,-39.647796101694915,-0.3805679519508474,0.26732686819491525,9.996300262711866,0.0035991352103389826,-0.001216615801186441,-0.0018612340284745769,-0.026709657774224904,0.03805954878093173,2.0699501744771407,1016.370660423729,-79.0,-73.0,-100.0,-100.0,-100.0,-100.0,-89.0,-100.0,-100.0,-91.0,-91.0,-81.0,-55.0,-100.0,-100.0,-100.0,-83.0,-91.0,-100.0,-100.0,-100.0,-100.0,-100.0,-100.0,-100.0,-100.0,-100.0,-100.0,-100.0,-100.0,-79.0,-100.0,-62.0,-79.0,-100.0,-100.0,-100.0,-100.0,-100.0,-100.0,-100.0,-100.0,-74.0,-100.0,-100.0,-100.0,-100.0,-100.0,-100.0,-63.0,-100.0,-82.0,-89.0,-91.0,-81.0,-89.0,-100.0,-59.0,-77.0,-78.0,-100.0,-100.0,-76.0,-100.0,-100.0,-100.0,-100.0,-59.0,-100.0,-100.0,-100.0,-72.0,-100.0,-100.0,-74.0,-100.0,-62.0,-80.0,-88.0,-62.0,-75.0,-100.0,-85.0,-88.0,-100.0,-82.0,-84.0,-93.0,-100.0,-100.0,-76.0,-90.0,-100.0,-76.0,-100.0,-100.0,-100.0,-100.0,-77.0,-81.0,-100.0,-100.0,-100.0,-100.0,-100.0,-89.0,-100.0,-100.0,-100.0,-100.0,-100.0,-100.0,-100.0,-100.0,-100.0,-100.0,-100.0,-100.0,-100.0,-100.0,-100.0,-100.0,-100.0,-100.0,-100.0,-100.0,-100.0,-100.0
2021.02.11 162910,12.0,25.0,-27.872869121739132,-17.165217199999997,-38.91391247826087,-0.25079508197043476,0.21789982640695651,10.00611162173913,0.0006331750286956523,-0.0031308703753913044,-5.5827793304347295e-05,-0.02175662285906421,0.025036677441802633,2.086695963403453,1016.3759323478263,-82.0,-82.0,-100.0,-78.0,-100.0,-100.0,-88.0,-100.0,-100.0,-100.0,-100.0,-72.0,-51.0,-100.0,-100.0,-90.0,-90.0,-90.0,-100.0,-100.0,-100.0,-100.0,-100.0,-100.0,-100.0,-100.0,-100.0,-100.0,-100.0,-100.0,-100.0,-100.0,-68.0,-79.0,-100.0,-100.0,-100.0,-100.0,-100.0,-100.0,-100.0,-100.0,-74.0,-76.0,-100.0,-100.0,-100.0,-100.0,-100.0,-60.0,-100.0,-80.0,-91.0,-100.0,-81.0,-89.0,-100.0,-61.0,-78.0,-77.0,-85.0,-100.0,-63.0,-100.0,-100.0,-100.0,-100.0,-62.0,-100.0,-100.0,-100.0,-63.0,-100.0,-100.0,-69.0,-100.0,-63.0,-79.0,-78.0,-61.0,-76.0,-82.0,-87.0,-83.0,-100.0,-82.0,-85.0,-100.0,-100.0,-100.0,-83.0,-90.0,-75.0,-71.0,-100.0,-100.0,-100.0,-100.0,-83.0,-80.0,-100.0,-100.0,-100.0,-100.0,-100.0,-90.0,-100.0,-86.0,-87.0,-100.0,-100.0,-100.0,-100.0,-100.0,-100.0,-100.0,-100.0,-100.0,-100.0,-100.0,-100.0,-100.0,-100.0,-100.0,-100.0,-100.0,-100.0,-100.0
2021.02.11 162930,11.0,25.0,-27.107068655172412,-15.664137754310346,-40.010688887931025,-0.2951562897413793,0.1367832680362069,10.013538400862068,0.0029694369618965513,-0.0008054155234482761,0.0007257501937068965,-0.013665676095491802,0.02936044507981113,2.062971045230997,1016.3763279310343,-77.0,-61.0,-100.0,-100.0,-82.0,-100.0,-87.0,-100.0,-100.0,-100.0,-91.0,-83.0,-50.0,-100.0,-100.0,-100.0,-91.0,-100.0,-100.0,-100.0,-100.0,-100.0,-100.0,-100.0,-100.0,-100.0,-100.0,-100.0,-100.0,-100.0,-90.0,-100.0,-71.0,-81.0,-100.0,-100.0,-100.0,-100.0,-100.0,-100.0,-100.0,-100.0,-71.0,-100.0,-100.0,-100.0,-100.0,-100.0,-100.0,-59.0,-100.0,-82.0,-100.0,-100.0,-82.0,-89.0,-100.0,-56.0,-87.0,-82.0,-100.0,-100.0,-68.0,-100.0,-100.0,-100.0,-100.0,-58.0,-100.0,-100.0,-100.0,-64.0,-100.0,-100.0,-72.0,-100.0,-65.0,-71.0,-79.0,-65.0,-80.0,-84.0,-91.0,-100.0,-100.0,-100.0,-100.0,-89.0,-100.0,-88.0,-91.0,-89.0,-81.0,-72.0,-100.0,-100.0,-100.0,-100.0,-77.0,-79.0,-100.0,-100.0,-100.0,-100.0,-100.0,-100.0,-100.0,-100.0,-100.0,-100.0,-100.0,-100.0,-100.0,-100.0,-100.0,-100.0,-100.0,-100.0,-100.0,-100.0,-100.0,-100.0,-100.0,-100.0,-100.0,-100.0,-100.0,-100.0
2021.02.11 162942,10.0,25.0,-27.766666293650797,-19.901904515873014,-39.589523420634926,-0.3008425275380953,0.27625370793968257,9.996743436507938,0.002572809317619048,-0.0013006774752380957,-0.0029472986319841266,-0.027618660491758124,0.02999846253621237,2.148457479855371,1016.379886746032,-100.0,-100.0,-100.0,-100.0,-100.0,-100.0,-100.0,-100.0,-100.0,-100.0,-100.0,-80.0,-48.0,-100.0,-81.0,-100.0,-100.0,-100.0,-100.0,-100.0,-100.0,-100.0,-100.0,-100.0,-100.0,-100.0,-100.0,-100.0,-100.0,-100.0,-91.0,-100.0,-67.0,-100.0,-100.0,-100.0,-100.0,-100.0,-100.0,-100.0,-100.0,-100.0,-71.0,-77.0,-77.0,-100.0,-100.0,-100.0,-100.0,-100.0,-100.0,-100.0,-100.0,-100.0,-85.0,-100.0,-100.0,-63.0,-75.0,-79.0,-86.0,-100.0,-64.0,-100.0,-100.0,-100.0,-100.0,-53.0,-100.0,-100.0,-100.0,-64.0,-100.0,-100.0,-77.0,-100.0,-59.0,-80.0,-80.0,-68.0,-72.0,-100.0,-85.0,-100.0,-100.0,-100.0,-100.0,-100.0,-100.0,-92.0,-100.0,-89.0,-73.0,-78.0,-100.0,-100.0,-100.0,-100.0,-82.0,-84.0,-100.0,-100.0,-100.0,-100.0,-100.0,-100.0,-100.0,-100.0,-100.0,-100.0,-100.0,-100.0,-100.0,-100.0,-100.0,-100.0,-100.0,-100.0,-100.0,-100.0,-100.0,-100.0,-100.0,-100.0,-100.0,-100.0,-100.0,-100.0
2021.02.11 162956,10.0,24.0,-29.837216921739127,-21.218086713043483,-39.68191249565217,-0.24856736435652171,0.37229932327826093,10.00267637826087,-0.00017422935808695554,-0.001579803740434783,-0.003949429764608695,-0.03726252217817561,0.024748592838675317,2.141305280768353,1016.3808917391303,-80.0,-77.0,-100.0,-100.0,-100.0,-100.0,-88.0,-100.0,-100.0,-93.0,-90.0,-79.0,-48.0,-100.0,-100.0,-100.0,-100.0,-100.0,-100.0,-100.0,-100.0,-100.0,-100.0,-100.0,-100.0,-100.0,-100.0,-100.0,-100.0,-100.0,-100.0,-100.0,-73.0,-89.0,-100.0,-100.0,-100.0,-100.0,-100.0,-100.0,-100.0,-100.0,-82.0,-100.0,-100.0,-100.0,-100.0,-100.0,-100.0,-100.0,-100.0,-82.0,-100.0,-100.0,-82.0,-100.0,-100.0,-75.0,-100.0,-83.0,-100.0,-100.0,-59.0,-100.0,-100.0,-100.0,-100.0,-58.0,-100.0,-100.0,-100.0,-64.0,-100.0,-100.0,-77.0,-100.0,-65.0,-78.0,-75.0,-78.0,-83.0,-100.0,-100.0,-100.0,-100.0,-83.0,-76.0,-100.0,-100.0,-100.0,-100.0,-88.0,-66.0,-78.0,-100.0,-100.0,-100.0,-100.0,-100.0,-100.0,-100.0,-100.0,-100.0,-100.0,-100.0,-100.0,-100.0,-85.0,-87.0,-100.0,-90.0,-92.0,-100.0,-100.0,-100.0,-100.0,-100.0,-100.0,-100.0,-100.0,-100.0,-100.0,-100.0,-100.0,-100.0,-100.0,-100.0,-100.0
2021.02.11 163008,10.0,23.0,-34.52598379527558,-17.759999850393694,-39.07086563779528,-0.21999049345669291,0.4409990274566929,9.993533362204722,0.005715967174330709,0.00042415202448818894,-0.00025780435299212635,-0.044075311724404494,0.02202943557191371,1.9976910155589187,1016.3859818110236,-77.0,-77.0,-100.0,-100.0,-100.0,-100.0,-100.0,-100.0,-100.0,-100.0,-100.0,-79.0,-44.0,-100.0,-100.0,-100.0,-100.0,-100.0,-100.0,-100.0,-100.0,-100.0,-100.0,-100.0,-100.0,-100.0,-100.0,-100.0,-100.0,-100.0,-100.0,-100.0,-73.0,-85.0,-100.0,-100.0,-100.0,-100.0,-100.0,-100.0,-100.0,-100.0,-85.0,-100.0,-100.0,-100.0,-100.0,-100.0,-100.0,-68.0,-100.0,-100.0,-91.0,-100.0,-100.0,-100.0,-100.0,-69.0,-100.0,-81.0,-100.0,-100.0,-61.0,-100.0,-100.0,-100.0,-100.0,-56.0,-100.0,-100.0,-100.0,-61.0,-100.0,-100.0,-80.0,-100.0,-100.0,-77.0,-75.0,-77.0,-82.0,-100.0,-100.0,-88.0,-100.0,-76.0,-74.0,-91.0,-100.0,-92.0,-100.0,-88.0,-77.0,-84.0,-100.0,-100.0,-100.0,-100.0,-88.0,-100.0,-100.0,-100.0,-100.0,-100.0,-100.0,-100.0,-100.0,-79.0,-79.0,-100.0,-92.0,-91.0,-100.0,-100.0,-100.0,-100.0,-100.0,-100.0,-100.0,-100.0,-100.0,-100.0,-100.0,-100.0,-100.0,-100.0,-100.0,-100.0
2021.02.11 163042,10.0,22.0,6.336410198290598,-28.27743551282051,-31.773845683760683,-0.19246285984786324,0.5703694653846155,10.002461594017094,8.123981504273515e-05,0.0005718218634188034,-0.002917837131538461,-0.05699040505111722,0.019151834865313567,-2.929276523427067,1016.3886283760684,-100.0,-100.0,-100.0,-100.0,-100.0,-100.0,-100.0,-100.0,-100.0,-100.0,-100.0,-82.0,-41.0,-100.0,-100.0,-100.0,-100.0,-100.0,-100.0,-100.0,-100.0,-100.0,-100.0,-100.0,-100.0,-100.0,-100.0,-100.0,-100.0,-100.0,-100.0,-100.0,-74.0,-89.0,-100.0,-100.0,-88.0,-100.0,-100.0,-100.0,-100.0,-100.0,-81.0,-100.0,-100.0,-100.0,-100.0,-100.0,-100.0,-74.0,-100.0,-87.0,-100.0,-100.0,-86.0,-100.0,-100.0,-70.0,-100.0,-85.0,-100.0,-100.0,-60.0,-100.0,-100.0,-100.0,-100.0,-52.0,-100.0,-100.0,-100.0,-60.0,-100.0,-100.0,-100.0,-100.0,-100.0,-77.0,-77.0,-76.0,-76.0,-100.0,-100.0,-100.0,-100.0,-81.0,-80.0,-100.0,-100.0,-100.0,-80.0,-89.0,-100.0,-86.0,-100.0,-100.0,-85.0,-100.0,-100.0,-100.0,-100.0,-100.0,-100.0,-100.0,-100.0,-100.0,-100.0,-100.0,-84.0,-100.0,-92.0,-100.0,-100.0,-100.0,-100.0,-100.0,-100.0,-100.0,-100.0,-100.0,-100.0,-100.0,-100.0,-100.0,-100.0,-100.0,-100.0,-100.0
2021.02.11 163054,10.0,21.0,5.072586142241379,-24.546723853448277,-32.26086179310345,-0.23742537085517237,0.35288720916379307,9.992278874999998,0.0013000895122413792,-0.000631634982413793,-0.005040607183534483,-0.03530839631928062,0.023756354103860372,-2.9613638705220717,1016.3938274137932,-100.0,-85.0,-100.0,-100.0,-75.0,-76.0,-100.0,-100.0,-100.0,-100.0,-91.0,-100.0,-39.0,-100.0,-100.0,-100.0,-90.0,-89.0,-100.0,-100.0,-100.0,-100.0,-100.0,-100.0,-100.0,-100.0,-100.0,-100.0,-100.0,-100.0,-100.0,-100.0,-75.0,-100.0,-100.0,-100.0,-100.0,-100.0,-100.0,-100.0,-100.0,-100.0,-83.0,-83.0,-80.0,-100.0,-100.0,-100.0,-100.0,-67.0,-100.0,-78.0,-100.0,-100.0,-78.0,-89.0,-100.0,-67.0,-100.0,-84.0,-100.0,-100.0,-52.0,-100.0,-100.0,-100.0,-100.0,-48.0,-100.0,-100.0,-100.0,-52.0,-100.0,-100.0,-100.0,-100.0,-67.0,-100.0,-100.0,-75.0,-83.0,-100.0,-100.0,-100.0,-100.0,-100.0,-100.0,-88.0,-100.0,-90.0,-85.0,-100.0,-84.0,-87.0,-100.0,-100.0,-100.0,-100.0,-86.0,-90.0,-100.0,-100.0,-100.0,-100.0,-100.0,-100.0,-100.0,-100.0,-100.0,-100.0,-100.0,-100.0,-100.0,-100.0,-100.0,-100.0,-100.0,-100.0,-100.0,-100.0,-100.0,-100.0,-100.0,-100.0,-100.0,-100.0,-100.0,-100.0
2021.02.11 163107,10.0,20.0,1.4644247553097347,-32.72707912389381,-31.354512681415937,-0.23688488819469028,0.5009119560176991,10.002602185840706,0.001291142068141593,-0.0005802787376991153,-0.0033903670658407084,-0.04998835773759443,0.023681060874636808,-1.061795987914094,1016.3958096460176,-100.0,-74.0,-100.0,-100.0,-100.0,-100.0,-100.0,-100.0,-100.0,-100.0,-100.0,-79.0,-39.0,-100.0,-100.0,-100.0,-91.0,-100.0,-100.0,-100.0,-100.0,-100.0,-100.0,-100.0,-100.0,-100.0,-100.0,-100.0,-100.0,-100.0,-100.0,-100.0,-71.0,-84.0,-100.0,-100.0,-88.0,-100.0,-100.0,-100.0,-100.0,-100.0,-78.0,-100.0,-100.0,-100.0,-100.0,-100.0,-100.0,-73.0,-100.0,-81.0,-89.0,-100.0,-81.0,-89.0,-100.0,-100.0,-100.0,-82.0,-100.0,-100.0,-50.0,-100.0,-100.0,-100.0,-100.0,-39.0,-100.0,-100.0,-100.0,-55.0,-100.0,-100.0,-88.0,-100.0,-100.0,-100.0,-100.0,-73.0,-82.0,-100.0,-100.0,-100.0,-100.0,-100.0,-100.0,-87.0,-100.0,-87.0,-79.0,-100.0,-75.0,-81.0,-100.0,-100.0,-100.0,-100.0,-88.0,-89.0,-88.0,-100.0,-100.0,-100.0,-100.0,-100.0,-100.0,-100.0,-100.0,-100.0,-100.0,-100.0,-92.0,-100.0,-100.0,-100.0,-100.0,-100.0,-100.0,-100.0,-100.0,-100.0,-100.0,-100.0,-100.0,-100.0,-100.0,-100.0
2021.02.11 163119,10.0,19.0,-2.4992920003539822,-32.05061900884956,-30.43486689380531,-0.3192860807168142,0.5079464623893806,9.985503154867258,0.001945254384955752,0.0021551001905309734,-0.002763284134778761,-0.050795401322894354,0.03192429439951785,2.9720608428516218,1016.3986402654868,-100.0,-100.0,-100.0,-100.0,-100.0,-100.0,-100.0,-100.0,-100.0,-100.0,-100.0,-79.0,-33.0,-100.0,-100.0,-100.0,-100.0,-100.0,-100.0,-100.0,-100.0,-100.0,-100.0,-100.0,-100.0,-100.0,-100.0,-100.0,-100.0,-100.0,-100.0,-100.0,-74.0,-84.0,-100.0,-100.0,-100.0,-100.0,-100.0,-100.0,-100.0,-100.0,-77.0,-100.0,-100.0,-100.0,-100.0,-100.0,-100.0,-100.0,-100.0,-75.0,-88.0,-100.0,-74.0,-90.0,-100.0,-72.0,-88.0,-86.0,-100.0,-100.0,-44.0,-100.0,-100.0,-100.0,-100.0,-33.0,-100.0,-100.0,-100.0,-44.0,-100.0,-100.0,-86.0,-100.0,-74.0,-100.0,-100.0,-71.0,-85.0,-100.0,-100.0,-100.0,-100.0,-100.0,-100.0,-85.0,-100.0,-85.0,-76.0,-100.0,-87.0,-84.0,-100.0,-100.0,-85.0,-100.0,-100.0,-88.0,-100.0,-100.0,-100.0,-100.0,-100.0,-100.0,-100.0,-100.0,-100.0,-100.0,-100.0,-100.0,-100.0,-91.0,-87.0,-89.0,-100.0,-100.0,-100.0,-100.0,-100.0,-100.0,-100.0,-100.0,-100.0,-100.0,-100.0,-100.0
2021.02.11 163132,10.0,18.0,8.876410116239317,-32.789743076923074,-29.340512410256412,-0.3205054025897437,0.413043099025641,9.99973995726496,0.0027648700182905978,-0.00226321940076923,-0.009026489354615383,-0.04128066535131667,0.03200948133002007,-2.895683559597048,1016.404316837607,-100.0,-88.0,-100.0,-100.0,-100.0,-100.0,-100.0,-100.0,-100.0,-100.0,-100.0,-80.0,-30.0,-100.0,-100.0,-100.0,-100.0,-100.0,-100.0,-100.0,-100.0,-100.0,-100.0,-100.0,-100.0,-100.0,-100.0,-100.0,-100.0,-100.0,-100.0,-100.0,-71.0,-100.0,-100.0,-100.0,-100.0,-100.0,-100.0,-100.0,-100.0,-100.0,-80.0,-100.0,-100.0,-100.0,-100.0,-100.0,-100.0,-78.0,-100.0,-81.0,-100.0,-90.0,-100.0,-100.0,-100.0,-75.0,-100.0,-85.0,-100.0,-92.0,-42.0,-100.0,-100.0,-100.0,-100.0,-38.0,-100.0,-100.0,-100.0,-42.0,-100.0,-100.0,-85.0,-100.0,-74.0,-100.0,-100.0,-72.0,-82.0,-100.0,-100.0,-100.0,-100.0,-100.0,-100.0,-84.0,-100.0,-84.0,-77.0,-100.0,-100.0,-82.0,-100.0,-100.0,-82.0,-100.0,-100.0,-87.0,-100.0,-100.0,-100.0,-100.0,-100.0,-100.0,-100.0,-100.0,-100.0,-100.0,-100.0,-100.0,-100.0,-100.0,-100.0,-100.0,-88.0,-100.0,-100.0,-100.0,-100.0,-100.0,-100.0,-100.0,-100.0,-100.0,-100.0,-100.0
2021.02.11 163143,10.0,17.0,0.017739136695652174,-36.12417352173913,-34.278260295652174,-0.3255589161408695,0.28806248904347836,10.00213506521739,-0.00012111091200000027,-0.005808053638956524,-0.003312004994695652,-0.02874613307902342,0.03248334564812699,1.579734876881475,1016.4035376521737,-100.0,-90.0,-100.0,-100.0,-100.0,-100.0,-88.0,-100.0,-100.0,-100.0,-100.0,-84.0,-44.0,-100.0,-100.0,-100.0,-92.0,-100.0,-100.0,-100.0,-100.0,-100.0,-100.0,-100.0,-100.0,-100.0,-100.0,-100.0,-100.0,-100.0,-100.0,-100.0,-74.0,-100.0,-100.0,-100.0,-100.0,-100.0,-100.0,-100.0,-100.0,-100.0,-86.0,-87.0,-100.0,-100.0,-100.0,-100.0,-100.0,-76.0,-100.0,-100.0,-100.0,-100.0,-100.0,-100.0,-100.0,-73.0,-100.0,-89.0,-100.0,-100.0,0.0,-100.0,-100.0,-100.0,-100.0,-46.0,-100.0,-100.0,-100.0,0.0,-100.0,-100.0,-100.0,-100.0,-100.0,-100.0,-100.0,-80.0,-85.0,-100.0,-100.0,-100.0,-100.0,-89.0,-88.0,-100.0,-100.0,-100.0,-78.0,-100.0,-100.0,-85.0,-100.0,-100.0,-100.0,-100.0,-100.0,-88.0,-100.0,-100.0,-100.0,-100.0,-100.0,-100.0,-100.0,-100.0,-100.0,-100.0,-100.0,-100.0,-100.0,-100.0,-87.0,-100.0,-90.0,-90.0,-100.0,-100.0,-100.0,-100.0,-100.0,-100.0,-100.0,-100.0,-100.0,-100.0
2021.02.11 163155,10.0,16.0,-1.185391290347826,-33.05739084347826,-37.21982573913044,-0.2665972942347826,0.16780743443826085,10.011212491304347,-0.0033666645359999997,-0.0026581137606956516,-0.0059998120792173915,-0.016773927053335365,0.02655267223371593,2.910058052643486,1016.4049141739133,-100.0,-100.0,-100.0,-100.0,-100.0,-100.0,-100.0,-100.0,-100.0,-100.0,-100.0,-88.0,-43.0,-100.0,-100.0,-100.0,-100.0,-100.0,-100.0,-100.0,-100.0,-100.0,-100.0,-100.0,-100.0,-100.0,-100.0,-100.0,-100.0,-100.0,-100.0,-100.0,-80.0,-100.0,-100.0,-100.0,-100.0,-100.0,-100.0,-100.0,-100.0,-100.0,-100.0,-100.0,-100.0,-100.0,-100.0,-100.0,-100.0,-100.0,-100.0,-100.0,-100.0,-100.0,-100.0,-100.0,-100.0,-76.0,-100.0,-100.0,-100.0,-100.0,-48.0,-100.0,-100.0,-100.0,-100.0,-50.0,-100.0,-100.0,-100.0,-42.0,-100.0,-100.0,-91.0,-100.0,-81.0,-100.0,-100.0,-78.0,-84.0,-100.0,-100.0,-100.0,-100.0,-100.0,-100.0,-85.0,-100.0,-86.0,-100.0,-100.0,-100.0,-81.0,-100.0,-100.0,-100.0,-100.0,-100.0,-100.0,-100.0,-100.0,-100.0,-100.0,-100.0,-100.0,-100.0,-100.0,-100.0,-100.0,-100.0,-100.0,-90.0,-91.0,-89.0,-85.0,-91.0,-100.0,-90.0,-100.0,-100.0,-100.0,-100.0,-100.0,-100.0,-100.0,-100.0,-100.0
2021.02.11 163207,10.0,15.0,-0.9184210382456142,-33.93842072807018,-37.59578901754386,-0.3773083062631579,0.29604997999649124,10.012983245614036,-0.0002651368036842112,0.00039183255201754447,-0.0013333792902631581,-0.029560326990209836,0.03761224015289097,2.7392213386401796,1016.4054818421052,-100.0,-100.0,-100.0,-100.0,-100.0,-100.0,-100.0,-100.0,-100.0,-100.0,-100.0,-90.0,-50.0,-100.0,-100.0,-100.0,-100.0,-100.0,-100.0,-100.0,-100.0,-100.0,-100.0,-100.0,-100.0,-100.0,-100.0,-100.0,-100.0,-100.0,-100.0,-100.0,-100.0,-100.0,-100.0,-100.0,-100.0,-100.0,-100.0,-100.0,-100.0,-100.0,-100.0,-100.0,-100.0,-100.0,-100.0,-100.0,-100.0,-81.0,-100.0,-100.0,-100.0,-100.0,-100.0,-100.0,-100.0,-70.0,-100.0,-100.0,-100.0,-100.0,-38.0,-100.0,-100.0,-100.0,-100.0,-56.0,-100.0,-100.0,-100.0,-38.0,-100.0,-100.0,-100.0,-100.0,-81.0,-100.0,-100.0,-83.0,-89.0,-100.0,-100.0,-100.0,-100.0,-100.0,-100.0,-85.0,-100.0,-86.0,-80.0,-100.0,-100.0,-86.0,-100.0,-100.0,-79.0,-100.0,-100.0,-100.0,-100.0,-100.0,-100.0,-100.0,-100.0,-100.0,-100.0,-100.0,-100.0,-100.0,-100.0,-100.0,-89.0,-90.0,-86.0,-90.0,-100.0,-100.0,-90.0,-100.0,-100.0,-100.0,-100.0,-100.0,-100.0,-100.0,-100.0,-100.0
2021.02.11 163219,10.0,14.0,2.0489999658333335,-31.717999525,-36.85749943333334,-0.21494601995833332,0.20816224232166666,10.007629725,0.004075489404333333,0.0013740395822500011,-0.0024886650528333338,-0.02076447252329668,0.021398491944031133,-2.316503687699636,1016.4109259166665,-100.0,-85.0,-100.0,-100.0,-100.0,-100.0,-100.0,-100.0,-100.0,-100.0,-100.0,-83.0,-48.0,-100.0,-100.0,-100.0,-100.0,-100.0,-100.0,-100.0,-100.0,-100.0,-100.0,-100.0,-100.0,-100.0,-100.0,-100.0,-100.0,-100.0,-100.0,-100.0,-84.0,-100.0,-100.0,-100.0,-100.0,-100.0,-100.0,-100.0,-100.0,-100.0,-91.0,-100.0,-100.0,-100.0,-100.0,-100.0,-100.0,-83.0,-100.0,-100.0,-100.0,-100.0,-100.0,-100.0,-100.0,-77.0,-100.0,-100.0,-100.0,-100.0,-45.0,-100.0,-100.0,-100.0,-100.0,-60.0,-100.0,-100.0,-100.0,-45.0,-100.0,-100.0,-100.0,-100.0,-82.0,-100.0,-100.0,-76.0,-78.0,-100.0,-100.0,-100.0,-100.0,-100.0,-100.0,-87.0,-100.0,-86.0,-83.0,-100.0,-100.0,-82.0,-100.0,-100.0,-80.0,-100.0,-100.0,-89.0,-100.0,-100.0,-100.0,-100.0,-100.0,-100.0,-100.0,-100.0,-100.0,-100.0,-100.0,-100.0,-89.0,-100.0,-86.0,-85.0,-100.0,-92.0,-89.0,-90.0,-100.0,-100.0,-100.0,-100.0,-100.0,-100.0,-100.0,-100.0
2021.02.11 163232,10.0,13.0,1.5321428310714285,-32.51892822321429,-32.89071376785715,-0.240817014475,0.3443480238392857,9.99534916517857,-0.0008990625383928569,-0.0029169251512500003,-0.001240754607053572,-0.03443968640723527,0.024148702279489904,-0.0334351360797882,1016.4128245535715,-89.0,-100.0,-100.0,-100.0,-83.0,-84.0,-82.0,-100.0,-100.0,-100.0,-100.0,-84.0,-55.0,-100.0,-100.0,-100.0,-100.0,-91.0,-100.0,-100.0,-100.0,-100.0,-100.0,-100.0,-100.0,-100.0,-100.0,-100.0,-90.0,-100.0,-100.0,-100.0,-79.0,-88.0,-100.0,-100.0,-100.0,-100.0,-100.0,-100.0,-100.0,-100.0,-86.0,-74.0,-74.0,-90.0,-100.0,-100.0,-100.0,-85.0,-100.0,-100.0,-100.0,-100.0,-73.0,-100.0,-100.0,-67.0,-100.0,-82.0,-100.0,-100.0,-49.0,-85.0,-100.0,-100.0,-100.0,-63.0,-100.0,-100.0,-100.0,-45.0,-100.0,-87.0,-100.0,-100.0,-81.0,-100.0,-100.0,-65.0,-77.0,-100.0,-100.0,-100.0,-100.0,-100.0,-100.0,-90.0,-100.0,-89.0,-76.0,-100.0,-100.0,-80.0,-100.0,-100.0,-79.0,-100.0,-100.0,-100.0,-84.0,-100.0,-100.0,-100.0,-100.0,-100.0,-87.0,-100.0,-100.0,-100.0,-100.0,-100.0,-86.0,-100.0,-100.0,-100.0,-100.0,-100.0,-87.0,-88.0,-83.0,-84.0,-100.0,-100.0,-100.0,-100.0,-100.0,-100.0
2021.02.11 163246,9.0,13.0,-26.865789236842108,-9.702105085964913,-32.00894688596491,-0.32026576111228067,0.286451878245614,10.00607346491228,0.0007690472422807007,-0.0007763133400000001,-5.806475263157874e-05,-0.028605884517003792,0.03192597439281818,1.8781885431523908,1016.4122057017544,-84.0,-83.0,-100.0,-100.0,-82.0,-100.0,-81.0,-100.0,-100.0,-100.0,-100.0,-85.0,-59.0,-100.0,-100.0,-100.0,-100.0,-100.0,-100.0,-100.0,-100.0,-100.0,-100.0,-100.0,-100.0,-100.0,-100.0,-100.0,-100.0,-100.0,-100.0,-85.0,-75.0,-100.0,-100.0,-100.0,-100.0,-100.0,-100.0,-100.0,-100.0,-100.0,-85.0,-100.0,-100.0,-88.0,-100.0,-87.0,-86.0,-100.0,-100.0,-100.0,-87.0,-89.0,-75.0,-88.0,-100.0,-65.0,-100.0,-86.0,-85.0,-100.0,-48.0,-100.0,-100.0,-100.0,-100.0,-67.0,-100.0,-100.0,-100.0,-48.0,-100.0,-100.0,-100.0,-100.0,-100.0,-100.0,-100.0,-68.0,-74.0,-100.0,-100.0,-100.0,-100.0,-100.0,-100.0,-88.0,-100.0,-88.0,-70.0,-100.0,-100.0,-80.0,-100.0,-100.0,-71.0,-100.0,-100.0,-100.0,-100.0,-100.0,-100.0,-100.0,-100.0,-100.0,-88.0,-86.0,-87.0,-90.0,-100.0,-100.0,-100.0,-100.0,-88.0,-88.0,-86.0,-100.0,-87.0,-87.0,-100.0,-100.0,-86.0,-100.0,-100.0,-100.0,-100.0,-100.0
2021.02.11 163257,8.0,13.0,-26.801578596491225,-8.292105109649123,-32.743683877192986,-0.24291388038596493,0.3192996497894737,9.990132649122808,0.0026552276180701754,6.023009912280651e-06,-0.0014994921888596493,-0.03196382011887368,0.024329189077354593,1.8297231856145357,1016.4098307017545,-100.0,-100.0,-100.0,-100.0,-100.0,-100.0,-92.0,-100.0,-100.0,-100.0,-100.0,-100.0,-43.0,-100.0,-100.0,-100.0,-100.0,-100.0,-100.0,-100.0,-100.0,-100.0,-100.0,-100.0,-100.0,-100.0,-100.0,-100.0,-100.0,-100.0,-100.0,-100.0,-85.0,-90.0,-100.0,-100.0,-100.0,-100.0,-100.0,-100.0,-100.0,-100.0,-91.0,-100.0,-100.0,-89.0,-100.0,-100.0,-100.0,-100.0,-100.0,-79.0,-82.0,-100.0,-78.0,-83.0,-100.0,-61.0,-100.0,-100.0,-100.0,-100.0,-49.0,-100.0,-100.0,-100.0,-100.0,-64.0,-100.0,-100.0,-100.0,-48.0,-100.0,-100.0,-100.0,-100.0,-100.0,-100.0,-100.0,-74.0,-79.0,-100.0,-100.0,-100.0,-100.0,-100.0,-100.0,-100.0,-100.0,-100.0,-72.0,-100.0,-100.0,-83.0,-100.0,-100.0,-84.0,-100.0,-100.0,-100.0,-100.0,-100.0,-100.0,-100.0,-100.0,-100.0,-100.0,-100.0,-100.0,-100.0,-100.0,-100.0,-100.0,-100.0,-100.0,-100.0,-100.0,-100.0,-88.0,-100.0,-100.0,-100.0,-100.0,-91.0,-88.0,-90.0,-88.0,-100.0
2021.02.11 163308,7.0,13.0,-26.493103112068972,-8.64362049051724,-35.49775825862069,-0.29587870145689654,0.25831335685344825,10.002165568965518,0.000847206914137931,-0.0011793068854310347,-0.002612944588448276,-0.025847495003635472,0.029549391685326633,1.845786740039957,1016.4116602586208,-100.0,-100.0,-100.0,-100.0,-100.0,-100.0,-100.0,-100.0,-100.0,-100.0,-100.0,-100.0,-62.0,-100.0,-100.0,-100.0,-100.0,-100.0,-100.0,-100.0,-100.0,-100.0,-100.0,-100.0,-100.0,-100.0,-100.0,-100.0,-100.0,-100.0,-100.0,-100.0,-79.0,-100.0,-100.0,-100.0,-100.0,-100.0,-100.0,-100.0,-100.0,-100.0,-82.0,-100.0,-83.0,-90.0,-100.0,-100.0,-100.0,-100.0,-100.0,-84.0,-86.0,-100.0,-84.0,-86.0,-100.0,-68.0,-100.0,-100.0,-100.0,-100.0,-44.0,-100.0,-100.0,-100.0,-100.0,-66.0,-100.0,-100.0,-100.0,-43.0,-100.0,-100.0,-91.0,-100.0,-100.0,-100.0,-100.0,-81.0,-76.0,-100.0,-100.0,-100.0,-100.0,-88.0,-90.0,-100.0,-100.0,-100.0,-71.0,-100.0,-100.0,-84.0,-100.0,-100.0,-100.0,-100.0,-100.0,-100.0,-100.0,-100.0,-100.0,-100.0,-100.0,-100.0,-90.0,-86.0,-87.0,-100.0,-100.0,-100.0,-100.0,-100.0,-100.0,-100.0,-100.0,-100.0,-100.0,-90.0,-100.0,-100.0,-100.0,-90.0,-89.0,-90.0,-88.0,-92.0
2021.02.11 163319,6.0,13.0,-29.51894701754386,-8.97210499122807,-34.06736803508772,-0.2939497382543859,0.3278896321982456,9.999037653508774,0.0018621745750877195,-0.0022177409842982455,-0.004596685878245614,-0.032766644639262626,0.02936301148171274,1.8247611805012351,1016.4112555263157,-100.0,-90.0,-100.0,-90.0,-100.0,-100.0,-100.0,-100.0,-100.0,-100.0,-100.0,-89.0,-55.0,-100.0,-100.0,-100.0,-100.0,-100.0,-100.0,-100.0,-100.0,-100.0,-100.0,-100.0,-100.0,-100.0,-100.0,-100.0,-100.0,-100.0,-100.0,-100.0,-100.0,-100.0,-100.0,-100.0,-100.0,-100.0,-100.0,-100.0,-100.0,-100.0,-100.0,-100.0,-100.0,-87.0,-100.0,-100.0,-100.0,-90.0,-100.0,-83.0,-88.0,-100.0,-84.0,-85.0,-100.0,-73.0,-100.0,-100.0,-100.0,-100.0,0.0,-100.0,-100.0,-100.0,-100.0,-69.0,-100.0,-100.0,-100.0,0.0,-100.0,-100.0,-100.0,-100.0,-100.0,-100.0,-100.0,-85.0,-77.0,-100.0,-100.0,-100.0,-100.0,-82.0,-83.0,-90.0,-100.0,-91.0,-78.0,-100.0,-100.0,-100.0,-100.0,-100.0,-88.0,-100.0,-100.0,-100.0,-89.0,-100.0,-100.0,-100.0,-100.0,-100.0,-87.0,-86.0,-87.0,-100.0,-100.0,-100.0,-89.0,-100.0,-100.0,-100.0,-100.0,-100.0,-100.0,-85.0,-100.0,-100.0,-100.0,-100.0,-86.0,-84.0,-87.0,-92.0
2021.02.11 163330,5.0,13.0,-31.159820937499997,-10.089106892857142,-34.68642802678572,-0.26473838541964284,0.22189796833928568,10.018864366071428,0.0017462019321428572,-0.0009916090480357146,-0.0028824549722321438,-0.022115420122385543,0.026428254165304112,1.85535862829004,1016.4044988392858,-89.0,-89.0,-100.0,-100.0,-100.0,-100.0,-88.0,-100.0,-100.0,-100.0,-100.0,-89.0,-60.0,-100.0,-100.0,-100.0,-91.0,-100.0,-100.0,-100.0,-100.0,-100.0,-100.0,-100.0,-100.0,-100.0,-100.0,-100.0,-100.0,-100.0,-100.0,-100.0,-88.0,-93.0,-100.0,-100.0,-100.0,-100.0,-100.0,-100.0,-100.0,-100.0,-89.0,-100.0,-100.0,-88.0,-100.0,-100.0,-100.0,-100.0,-100.0,-100.0,-87.0,-100.0,-81.0,-89.0,-100.0,-72.0,-100.0,-100.0,-100.0,-100.0,-50.0,-100.0,-100.0,-100.0,-100.0,-68.0,-100.0,-100.0,-100.0,-50.0,-100.0,-100.0,-100.0,-100.0,-100.0,-100.0,-100.0,-79.0,-79.0,-100.0,-100.0,-100.0,-100.0,-79.0,-84.0,-100.0,-100.0,-100.0,-72.0,-100.0,-100.0,-100.0,-100.0,-100.0,-86.0,-100.0,-100.0,-100.0,-89.0,-100.0,-100.0,-100.0,-100.0,-100.0,-90.0,-82.0,-83.0,-100.0,-100.0,-100.0,-100.0,-100.0,-100.0,-100.0,-100.0,-100.0,-100.0,-91.0,-100.0,-100.0,-100.0,-87.0,-100.0,-88.0,-100.0,-100.0
2021.02.11 163341,4.0,13.0,-29.48578893859649,-11.943157653508774,-34.42842066666667,-0.24923560566315792,0.20458448147368424,9.9965803377193,-5.615683649122765e-05,-0.0015104233932456143,-0.0018853015505263158,-0.020464394384537565,0.02499143535826808,1.9268386259413601,1016.4032295614036,-100.0,-100.0,-100.0,-100.0,-100.0,-100.0,-85.0,-100.0,-100.0,-100.0,-100.0,-100.0,-61.0,-100.0,-100.0,-100.0,-100.0,-100.0,-100.0,-100.0,-100.0,-100.0,-100.0,-100.0,-100.0,-100.0,-100.0,-100.0,-100.0,-100.0,-100.0,-89.0,-100.0,-100.0,-100.0,-100.0,-100.0,-100.0,-100.0,-100.0,-100.0,-100.0,-87.0,-100.0,-100.0,-100.0,-100.0,-84.0,-83.0,-100.0,-100.0,-79.0,-92.0,-100.0,-100.0,-90.0,-100.0,-69.0,-100.0,-100.0,-100.0,-100.0,-58.0,-100.0,-100.0,-100.0,-100.0,-71.0,-100.0,-100.0,-100.0,-48.0,-100.0,-100.0,-91.0,-100.0,-100.0,-100.0,-100.0,-81.0,-79.0,-100.0,-100.0,-100.0,-100.0,-77.0,-73.0,-100.0,-100.0,-100.0,-72.0,-100.0,-100.0,-100.0,-100.0,-100.0,-86.0,-100.0,-100.0,-100.0,-100.0,-100.0,-100.0,-100.0,-100.0,-100.0,-91.0,-75.0,-75.0,-100.0,-100.0,-100.0,-100.0,-100.0,-89.0,-90.0,-100.0,-100.0,-91.0,-100.0,-100.0,-91.0,-100.0,-100.0,-86.0,-100.0,-87.0,-90.0
2021.02.11 163352,3.0,13.0,-29.772930681034474,-6.949655078448275,-28.69810302586207,-0.21767260399137928,0.19333769116551724,9.995560586206896,-0.0017226402115517244,0.0012694201494827583,-0.005456627531810345,-0.019364181233585992,0.021847078689084955,1.7797076887097851,1016.3996569827585,-100.0,-100.0,-100.0,-100.0,-100.0,-83.0,-91.0,-100.0,-100.0,-100.0,-100.0,-100.0,-68.0,-100.0,-100.0,-100.0,-100.0,-100.0,-100.0,-100.0,-100.0,-100.0,-100.0,-100.0,-100.0,-100.0,-100.0,-100.0,-100.0,-100.0,-100.0,-100.0,-100.0,-100.0,-100.0,-100.0,-100.0,-100.0,-100.0,-100.0,-100.0,-100.0,-100.0,-100.0,-100.0,-100.0,-100.0,-100.0,-100.0,-100.0,-100.0,-100.0,-100.0,-100.0,-82.0,-100.0,-89.0,-75.0,-100.0,-100.0,-100.0,-100.0,-63.0,-86.0,-100.0,-100.0,-100.0,-72.0,-100.0,-100.0,-100.0,-63.0,-100.0,-89.0,-100.0,-100.0,-100.0,-100.0,-100.0,-75.0,-81.0,-100.0,-100.0,-100.0,-100.0,-74.0,-73.0,-100.0,-100.0,-100.0,-76.0,-100.0,-100.0,-100.0,-100.0,-100.0,-100.0,-100.0,-100.0,-100.0,-88.0,-100.0,-100.0,-100.0,-100.0,-100.0,-89.0,-76.0,-77.0,-100.0,-100.0,-100.0,-100.0,-100.0,-100.0,-100.0,-100.0,-100.0,-100.0,-88.0,-100.0,-100.0,-100.0,-87.0,-84.0,-85.0,-85.0,-100.0
