Timestamp,True_X,True_Y,Mean_Mag_x,Mean_Mag_y,Mean_Mag_z,Mean_Acc_x,Mean_Acc_y,Mean_Acc_z,Mean_Gyro_x,Mean_Gyro_y,Mean_Gyro_z,Mean_Orn_x,Mean_Orn_y,Mean_Orn_z,Mean_Pressure,00:1a:be:a0:de:33,00:1a:be:a0:de:69,00:1a:be:a0:de:70,00:1a:be:a0:de:72,00:1a:be:a0:de:73,00:1a:be:a0:de:78,00:1a:be:a0:de:79,00:1a:be:a0:de:85,00:1a:be:a0:de:86,00:1a:be:a0:df:13,00:1a:be:a0:df:14,00:1a:be:a0:df:25,00:1a:be:a0:df:26,00:1a:be:a0:df:28,00:1a:be:a0:df:29,00:1a:be:a0:df:35,00:1a:be:a0:df:41,00:1a:be:a0:df:42,00:1a:be:a0:df:69,00:1a:be:a0:df:70,00:1a:be:a0:de:39,00:1a:be:a0:de:40,00:1a:be:a0:de:52,00:1a:be:a0:de:53,00:1a:be:a0:de:89,00:1a:be:a0:de:90,00:1a:be:a0:de:91,00:1a:be:a0:de:92,00:1a:be:a0:de:94,00:1a:be:a0:de:95,00:1a:be:a0:de:96,00:1a:be:a0:df:08,00:1a:be:a0:df:11,00:1a:be:a0:df:12,00:1a:be:a0:df:20,00:1a:be:a0:df:45,00:1a:be:a0:df:46,00:1a:be:a0:df:47,00:1a:be:a0:df:48,00:1a:be:a0:df:50,00:1a:be:a0:df:51,00:1a:be:a0:df:52,00:1a:be:a0:df:56,00:1a:be:a0:df:67,00:1a:be:a0:df:68,00:1a:be:a0:df:73,00:1a:be:a0:de:35,00:1a:be:a0:de:80,00:1a:be:a0:de:93,00:1a:be:a0:df:49,00:1a:be:a0:df:75,00:1a:be:a0:df:01,00:1a:be:a0:df:03,00:1a:be:a0:df:22,00:1a:be:a0:df:34,00:1a:be:a0:df:58,00:1a:be:a0:de:66,00:1a:be:a0:df:36,00:1a:be:a0:de:64,00:1a:be:a0:de:65,00:1a:be:a0:de:82,00:1a:be:a0:df:02,00:1a:be:a0:df:24,00:1a:be:a0:df:38,00:1a:be:a0:df:57,00:1a:be:a0:df:21,00:1a:be:a0:df:64,00:1a:be:a0:de:43,00:1a:be:a0:de:56,00:1a:be:a0:df:37,00:1a:be:a0:de:44,00:1a:be:a0:de:57,00:1a:be:a0:de:67,00:1a:be:a0:df:23,00:1a:be:a0:de:81,00:1a:be:a0:de:32,00:1a:be:a0:de:05,00:1a:be:a0:de:68,00:1a:be:a0:de:83,00:1a:be:a0:df:09,00:1a:be:a0:df:39,00:1a:be:a0:df:65,00:1a:be:a0:de:97,00:1a:be:a0:df:53,00:1a:be:a0:df:10,00:1a:be:a0:de:88,00:1a:be:a0:de:98,00:1a:be:a0:df:54,00:1a:be:a0:de:84,00:1a:be:a0:df:40,00:1a:be:a0:df:06,00:1a:be:a0:df:44,00:1a:be:a0:df:62,00:1a:be:a0:de:74,00:1a:be:a0:de:62,00:1a:be:a0:df:30,00:1a:be:a0:de:15,00:1a:be:a0:de:76,00:1a:be:a0:df:32,00:1a:be:a0:df:18,00:1a:be:a0:df:27,00:1a:be:a0:de:71,00:1a:be:a0:de:87,00:1a:be:a0:df:04,00:1a:be:a0:df:05,00:1a:be:a0:df:43,00:1a:be:a0:df:59,00:1a:be:a0:de:27,00:1a:be:a0:de:63,00:1a:be:a0:df:19,00:1a:be:a0:df:60,00:1a:be:a0:de:77,00:1a:be:a0:de:99,00:1a:be:a0:df:33,00:1a:be:a0:df:55,00:1a:be:a0:de:17,00:1a:be:a0:de:30,00:1a:be:a0:de:26,00:1a:be:a0:de:07,00:1a:be:a0:de:11,00:1a:be:a0:de:24
2021.05.19 174315,124.0,47.0,28.139999596491226,-11.574736570175439,-27.179473350877196,0.4842315775438597,1.3049847815789475,9.620364134210526,-0.001990895598333333,-0.005290596647192981,0.002851594157894737,-0.13486758201268678,-0.050216438044516094,-1.8363521454627054,1002.9805956140349,-81.0,-78.0,-79.0,-59.0,-62.0,-71.0,-80.0,-72.0,-71.0,-48.0,-65.0,-78.0,-79.0,-58.0,-62.0,-80.0,-72.0,-70.0,-48.0,-65.0,-100.0,-100.0,-100.0,-100.0,-100.0,-100.0,-100.0,-100.0,-100.0,-100.0,-100.0,-100.0,-100.0,-100.0,-100.0,-100.0,-100.0,-100.0,-100.0,-100.0,-100.0,-100.0,-100.0,-100.0,-100.0,-100.0,-100.0,-100.0,-100.0,-100.0,-100.0,-100.0,-100.0,-100.0,-100.0,-100.0,-100.0,-100.0,-100.0,-100.0,-100.0,-100.0,-100.0,-100.0,-100.0,-100.0,-100.0,-100.0,-100.0,-100.0,-100.0,-100.0,-100.0,-100.0,-100.0,-100.0,-100.0,-100.0,-100.0,-100.0,-100.0,-100.0,-100.0,-100.0,-100.0,-100.0,-100.0,-100.0,-100.0,-100.0,-100.0,-100.0,-100.0,-100.0,-100.0,-100.0,-100.0,-100.0,-100.0,-100.0,-100.0,-100.0,-100.0,-100.0,-100.0,-100.0,-100.0,-100.0,-100.0,-100.0,-100.0,-100.0,-100.0,-100.0,-100.0,-100.0,-100.0,-100.0,-100.0,-100.0,-100.0
2021.05.19 175034,123.0,48.0,28.327635999999988,-10.542545209999998,-24.773999790909095,0.2873129770181818,1.1407848777272727,9.665447954545456,0.005568147967272727,0.002413417478363636,0.0019608219069090897,-0.11742425208741965,-0.029706794789738245,-1.829193127155304,1003.1132897272723,-100.0,-100.0,-100.0,-75.0,-81.0,-100.0,-100.0,-100.0,-100.0,-89.0,-100.0,-100.0,-100.0,-74.0,-81.0,-100.0,-100.0,-100.0,-100.0,-100.0,-58.0,-77.0,-58.0,-76.0,-38.0,-51.0,-60.0,-80.0,-81.0,-74.0,-91.0,-88.0,-66.0,-88.0,-82.0,-38.0,-51.0,-60.0,-80.0,-81.0,-75.0,-90.0,-73.0,-66.0,-89.0,-73.0,-100.0,-100.0,-100.0,-100.0,-100.0,-100.0,-100.0,-100.0,-100.0,-100.0,-100.0,-100.0,-100.0,-100.0,-100.0,-100.0,-100.0,-100.0,-100.0,-100.0,-100.0,-100.0,-100.0,-100.0,-100.0,-100.0,-100.0,-100.0,-100.0,-100.0,-100.0,-100.0,-100.0,-100.0,-100.0,-100.0,-100.0,-100.0,-100.0,-100.0,-100.0,-100.0,-100.0,-100.0,-100.0,-100.0,-100.0,-100.0,-100.0,-100.0,-100.0,-100.0,-100.0,-100.0,-100.0,-100.0,-100.0,-100.0,-100.0,-100.0,-100.0,-100.0,-100.0,-100.0,-100.0,-100.0,-100.0,-100.0,-100.0,-100.0,-100.0,-100.0,-100.0,-100.0,-100.0
2021.05.19 175046,122.0,49.0,27.917777277777777,-9.319444163888889,-24.506666398148145,0.19218489243518522,0.854135370648148,9.665953374999999,0.0006350512088888893,0.004089697612407407,0.0017706722590740743,-0.08814921223179055,-0.019813273080486624,-1.8184040089448292,1003.1175651851853,-100.0,-100.0,-100.0,-72.0,-81.0,-100.0,-100.0,-100.0,-100.0,-100.0,-100.0,-100.0,-100.0,-72.0,-81.0,-100.0,-100.0,-100.0,-100.0,-100.0,-57.0,-81.0,-57.0,-81.0,-39.0,-50.0,-59.0,-80.0,-84.0,-100.0,-100.0,-100.0,-63.0,-88.0,-100.0,-40.0,-50.0,-59.0,-79.0,-84.0,-100.0,-87.0,-100.0,-63.0,-89.0,-76.0,-89.0,-81.0,-58.0,-58.0,-75.0,-100.0,-100.0,-100.0,-100.0,-100.0,-100.0,-100.0,-100.0,-100.0,-100.0,-100.0,-100.0,-100.0,-100.0,-100.0,-100.0,-100.0,-100.0,-100.0,-100.0,-100.0,-100.0,-100.0,-100.0,-100.0,-100.0,-100.0,-100.0,-100.0,-100.0,-100.0,-100.0,-100.0,-100.0,-100.0,-100.0,-100.0,-100.0,-100.0,-100.0,-100.0,-100.0,-100.0,-100.0,-100.0,-100.0,-100.0,-100.0,-100.0,-100.0,-100.0,-100.0,-100.0,-100.0,-100.0,-100.0,-100.0,-100.0,-100.0,-100.0,-100.0,-100.0,-100.0,-100.0,-100.0,-100.0,-100.0,-100.0,-100.0,-100.0
2021.05.19 175057,121.0,50.0,30.779999616822433,-11.395513789719626,-25.559999635514018,-0.008995312738317756,0.8864410891588784,9.673586294392523,-0.0031309472094392513,-0.0026016980231775687,-0.0028628854385046726,-0.09141819725666088,0.0009179935348873067,-1.8555294431258584,1003.1173536448597,-100.0,-100.0,-100.0,-72.0,-79.0,-100.0,-100.0,-100.0,-100.0,-100.0,-100.0,-100.0,-100.0,-72.0,-78.0,-100.0,-100.0,-100.0,-88.0,-100.0,-59.0,-83.0,-58.0,-83.0,-45.0,-54.0,-57.0,-81.0,-88.0,-100.0,-88.0,-100.0,-66.0,-90.0,-100.0,-45.0,-54.0,-57.0,-81.0,-87.0,-100.0,-86.0,-70.0,-66.0,-90.0,-100.0,-100.0,-100.0,-100.0,-64.0,-85.0,-71.0,-91.0,-80.0,-87.0,-91.0,-100.0,-100.0,-100.0,-100.0,-100.0,-100.0,-100.0,-100.0,-100.0,-100.0,-100.0,-100.0,-100.0,-100.0,-100.0,-100.0,-100.0,-100.0,-100.0,-100.0,-100.0,-100.0,-100.0,-100.0,-100.0,-100.0,-100.0,-100.0,-100.0,-100.0,-100.0,-100.0,-100.0,-100.0,-100.0,-100.0,-100.0,-100.0,-100.0,-100.0,-100.0,-100.0,-100.0,-100.0,-100.0,-100.0,-100.0,-100.0,-100.0,-100.0,-100.0,-100.0,-100.0,-100.0,-100.0,-100.0,-100.0,-100.0,-100.0,-100.0,-100.0,-100.0,-100.0,-100.0,-100.0
2021.05.19 175107,120.0,51.0,28.61889876146789,-11.510091376146786,-26.606972110091743,0.2392297884036697,0.7736802506422019,9.67935010091743,-0.0029928305144036682,-0.007510722737247708,0.0007765893340366978,-0.07982383559056375,-0.024643058488172578,-1.8819191718320234,1003.1186847706423,-100.0,-100.0,-100.0,-73.0,-80.0,-87.0,-100.0,-100.0,-100.0,-100.0,-100.0,-100.0,-100.0,-73.0,-79.0,-100.0,-100.0,-100.0,-100.0,-100.0,-100.0,-87.0,-100.0,-87.0,-41.0,-54.0,-60.0,-81.0,-88.0,-80.0,-89.0,-100.0,-72.0,-100.0,-100.0,-42.0,-54.0,-60.0,-81.0,-90.0,-100.0,-89.0,-100.0,-72.0,-100.0,-77.0,-100.0,-100.0,-67.0,-68.0,-77.0,-68.0,-87.0,-78.0,-100.0,-88.0,-78.0,-86.0,-100.0,-100.0,-100.0,-100.0,-100.0,-100.0,-100.0,-100.0,-100.0,-100.0,-100.0,-100.0,-100.0,-100.0,-100.0,-100.0,-100.0,-100.0,-100.0,-100.0,-100.0,-100.0,-100.0,-100.0,-100.0,-100.0,-100.0,-100.0,-100.0,-100.0,-100.0,-100.0,-100.0,-100.0,-100.0,-100.0,-100.0,-100.0,-100.0,-100.0,-100.0,-100.0,-100.0,-100.0,-100.0,-100.0,-100.0,-100.0,-100.0,-100.0,-100.0,-100.0,-100.0,-100.0,-100.0,-100.0,-100.0,-100.0,-100.0,-100.0,-100.0,-100.0,-100.0
2021.05.19 175245,111.0,60.0,30.412499616071425,-6.27964275,-30.55017808035714,0.22082909673035717,0.3157022374642858,9.713444620535714,-0.00152681390625,-0.002955453339464286,-0.006440657606428572,-0.03250490170570884,-0.022754242579529564,-1.739683700459344,1003.1019771428571,-100.0,-100.0,-100.0,-72.0,-80.0,-100.0,-100.0,-100.0,-100.0,-100.0,-100.0,-100.0,-100.0,-72.0,-81.0,-100.0,-100.0,-100.0,-100.0,-100.0,-70.0,-91.0,-70.0,-92.0,-52.0,-57.0,-60.0,-77.0,-88.0,-100.0,-100.0,-100.0,-74.0,-100.0,-100.0,-51.0,-57.0,-60.0,-77.0,-88.0,-75.0,-100.0,-100.0,-74.0,-100.0,-100.0,-100.0,-87.0,-100.0,-100.0,-100.0,-100.0,-100.0,-78.0,-100.0,-100.0,-79.0,-88.0,-100.0,-100.0,-100.0,-100.0,-100.0,-100.0,-100.0,-100.0,-100.0,-100.0,-100.0,-100.0,-100.0,-100.0,-100.0,-100.0,-100.0,-100.0,-100.0,-100.0,-100.0,-100.0,-100.0,-100.0,-100.0,-100.0,-100.0,-100.0,-100.0,-100.0,-100.0,-100.0,-100.0,-100.0,-100.0,-100.0,-100.0,-100.0,-100.0,-100.0,-100.0,-100.0,-100.0,-100.0,-100.0,-100.0,-100.0,-100.0,-100.0,-100.0,-100.0,-100.0,-100.0,-100.0,-100.0,-100.0,-100.0,-100.0,-100.0,-100.0,-100.0,-100.0,-100.0
2021.05.19 175302,110.0,61.0,29.54999966363637,-10.391454331818183,-28.19999975454546,0.3275803253727273,0.6077540115454548,9.690914413636365,0.002291688800545455,-0.00016887618218181826,-0.007313223123818182,-0.06257532365958794,-0.03371810201364988,-1.8481153444810348,1003.1243919999998,-100.0,-100.0,-100.0,-68.0,-78.0,-82.0,-100.0,-100.0,-100.0,-100.0,-100.0,-100.0,-100.0,-69.0,-79.0,-100.0,-100.0,-100.0,-100.0,-100.0,-100.0,-100.0,-100.0,-100.0,-60.0,-76.0,-71.0,-100.0,-87.0,-100.0,-100.0,-100.0,-81.0,-100.0,-76.0,-61.0,-76.0,-70.0,-100.0,-88.0,-100.0,-100.0,-56.0,-81.0,-100.0,-100.0,-100.0,-100.0,-67.0,-67.0,-100.0,-56.0,-100.0,-77.0,-100.0,-100.0,-79.0,-100.0,-77.0,-91.0,-85.0,-77.0,-90.0,-86.0,-77.0,-100.0,-100.0,-100.0,-100.0,-100.0,-100.0,-100.0,-100.0,-100.0,-100.0,-100.0,-100.0,-100.0,-100.0,-100.0,-100.0,-100.0,-100.0,-100.0,-100.0,-100.0,-100.0,-100.0,-100.0,-100.0,-100.0,-100.0,-100.0,-100.0,-100.0,-100.0,-100.0,-100.0,-100.0,-100.0,-100.0,-100.0,-100.0,-100.0,-100.0,-100.0,-100.0,-100.0,-100.0,-100.0,-100.0,-100.0,-100.0,-100.0,-100.0,-100.0,-100.0,-100.0,-100.0,-100.0,-100.0
2021.05.19 175314,109.0,62.0,29.059645566371675,-11.24973431858407,-25.558406831858406,0.2775028068584071,0.6215156015929203,9.690244608849559,0.0028422045881415924,0.0008643852932743367,-0.0026129516442477884,-0.06422604636940277,-0.028541210086900793,-1.884228354006742,1003.1670196460176,-100.0,-100.0,-100.0,-66.0,-74.0,-100.0,-100.0,-100.0,-100.0,-84.0,-100.0,-100.0,-100.0,-66.0,-74.0,-100.0,-100.0,-100.0,-85.0,-100.0,-84.0,-100.0,-85.0,-100.0,-62.0,-72.0,-100.0,-100.0,-81.0,-83.0,-100.0,-85.0,-100.0,-100.0,-75.0,-62.0,-72.0,-100.0,-100.0,-81.0,-100.0,-100.0,-51.0,-100.0,-100.0,-100.0,-100.0,-100.0,-70.0,-100.0,-100.0,-51.0,-87.0,-78.0,-100.0,-86.0,-78.0,-82.0,-76.0,-90.0,-89.0,-75.0,-100.0,-89.0,-75.0,-90.0,-84.0,-100.0,-100.0,-100.0,-100.0,-100.0,-100.0,-100.0,-100.0,-100.0,-100.0,-100.0,-100.0,-100.0,-100.0,-100.0,-100.0,-100.0,-100.0,-100.0,-100.0,-100.0,-100.0,-100.0,-100.0,-100.0,-100.0,-100.0,-100.0,-100.0,-100.0,-100.0,-100.0,-100.0,-100.0,-100.0,-100.0,-100.0,-100.0,-100.0,-100.0,-100.0,-100.0,-100.0,-100.0,-100.0,-100.0,-100.0,-100.0,-100.0,-100.0,-100.0,-100.0,-100.0,-100.0
2021.05.19 175326,108.0,63.0,29.851327106194688,-8.36336267522124,-26.411681008849555,0.27460001265840706,0.5709815709203541,9.683294893805309,0.0014366738943362835,8.053156566371672e-05,-0.008294539142566372,-0.058949749920912765,-0.02829023045322862,-1.7909279586994542,1003.2164931858408,-100.0,-100.0,-100.0,-69.0,-74.0,-100.0,-100.0,-100.0,-100.0,-100.0,-100.0,-100.0,-100.0,-68.0,-74.0,-100.0,-100.0,-100.0,-100.0,-100.0,-83.0,-100.0,-81.0,-100.0,-60.0,-77.0,-68.0,-100.0,-84.0,-100.0,-100.0,-100.0,-76.0,-100.0,-100.0,-60.0,-77.0,-76.0,-100.0,-85.0,-100.0,-100.0,-63.0,-76.0,-100.0,-100.0,-100.0,-80.0,-59.0,-59.0,-100.0,-63.0,-100.0,-74.0,-100.0,-100.0,-75.0,-100.0,-100.0,-87.0,-100.0,-76.0,-100.0,-87.0,-76.0,-89.0,-100.0,-71.0,-70.0,-93.0,-100.0,-100.0,-100.0,-100.0,-100.0,-100.0,-100.0,-100.0,-100.0,-100.0,-100.0,-100.0,-100.0,-100.0,-100.0,-100.0,-100.0,-100.0,-100.0,-100.0,-100.0,-100.0,-100.0,-100.0,-100.0,-100.0,-100.0,-100.0,-100.0,-100.0,-100.0,-100.0,-100.0,-100.0,-100.0,-100.0,-100.0,-100.0,-100.0,-100.0,-100.0,-100.0,-100.0,-100.0,-100.0,-100.0,-100.0,-100.0,-100.0,-100.0,-100.0
2021.05.19 175452,100.0,71.0,24.490434469565216,-9.697043330434783,-31.203651817391304,0.289124296106087,0.6180351953913044,9.689005530434784,0.002534586179652174,-0.002892659352347827,-0.0021051742594782622,-0.0637719001944946,-0.029812535320904634,-1.8667701130327972,1003.1847460000001,-100.0,-100.0,-100.0,-63.0,-68.0,-100.0,-100.0,-100.0,-100.0,-80.0,-100.0,-100.0,-100.0,-62.0,-68.0,-100.0,-100.0,-100.0,-81.0,-100.0,-100.0,-100.0,-100.0,-100.0,-60.0,-71.0,-76.0,-100.0,-82.0,-84.0,-100.0,-100.0,-79.0,-100.0,-100.0,-61.0,-71.0,-74.0,-100.0,-81.0,-85.0,-100.0,-57.0,-78.0,-100.0,-100.0,-100.0,-79.0,-60.0,-66.0,-100.0,-56.0,-100.0,-100.0,-100.0,-100.0,-100.0,-79.0,-100.0,-100.0,-100.0,-73.0,-100.0,-100.0,-73.0,-100.0,-100.0,-70.0,-70.0,-100.0,-100.0,-100.0,-100.0,-100.0,-100.0,-100.0,-100.0,-100.0,-100.0,-100.0,-100.0,-100.0,-100.0,-100.0,-100.0,-100.0,-100.0,-100.0,-100.0,-100.0,-100.0,-100.0,-100.0,-100.0,-100.0,-100.0,-100.0,-100.0,-100.0,-100.0,-100.0,-100.0,-100.0,-100.0,-100.0,-100.0,-100.0,-100.0,-100.0,-100.0,-100.0,-100.0,-100.0,-100.0,-100.0,-100.0,-100.0,-100.0,-100.0,-100.0,-100.0
2021.05.19 175504,99.0,72.0,24.63355911016949,-9.697626877118644,-31.746609635593224,0.3126760570677966,0.46976483347457637,9.705720516101694,-0.004642337874576271,-0.0005241949240677966,-0.0006717344494915253,-0.0483380811549407,-0.03217725305851561,-1.8801068724212,1003.1857224576271,-100.0,-100.0,-100.0,-65.0,-67.0,-100.0,-100.0,-100.0,-100.0,-100.0,-100.0,-100.0,-100.0,-64.0,-67.0,-100.0,-100.0,-100.0,-100.0,-100.0,-100.0,-100.0,-89.0,-100.0,-65.0,-83.0,-100.0,-100.0,-100.0,-100.0,-100.0,-100.0,-100.0,-100.0,-100.0,-66.0,-83.0,-80.0,-100.0,-100.0,-100.0,-100.0,-100.0,-100.0,-100.0,-100.0,-100.0,-75.0,-82.0,-81.0,-100.0,-67.0,-100.0,-64.0,-100.0,-100.0,-63.0,-100.0,-100.0,-92.0,-100.0,-100.0,-100.0,-100.0,-100.0,-91.0,-100.0,-65.0,-66.0,-100.0,-86.0,-86.0,-90.0,-90.0,-100.0,-100.0,-100.0,-100.0,-100.0,-100.0,-100.0,-100.0,-100.0,-100.0,-100.0,-100.0,-100.0,-100.0,-100.0,-100.0,-100.0,-100.0,-100.0,-100.0,-100.0,-100.0,-100.0,-100.0,-100.0,-100.0,-100.0,-100.0,-100.0,-100.0,-100.0,-100.0,-100.0,-100.0,-100.0,-100.0,-100.0,-100.0,-100.0,-100.0,-100.0,-100.0,-100.0,-100.0,-100.0,-100.0,-100.0
2021.05.19 175515,98.0,73.0,23.711785428571428,-9.130714066964286,-32.68553524107143,0.343193640975,0.3208755791071428,9.699848549107143,-0.005944678953303571,-0.0015101025057142855,-0.005813429959107143,-0.033096233902532295,-0.035365014938828813,-1.884882656591279,1003.1779359821429,-100.0,-100.0,-100.0,-62.0,-67.0,-80.0,-100.0,-100.0,-100.0,-100.0,-94.0,-100.0,-100.0,-63.0,-68.0,-100.0,-100.0,-100.0,-80.0,-100.0,-100.0,-100.0,-100.0,-100.0,-66.0,-79.0,-81.0,-100.0,-100.0,-100.0,-100.0,-100.0,-100.0,-100.0,-70.0,-66.0,-79.0,-81.0,-100.0,-100.0,-100.0,-100.0,-73.0,-100.0,-100.0,-100.0,-100.0,-77.0,-100.0,-100.0,-100.0,-73.0,-100.0,-60.0,-81.0,-100.0,-61.0,-78.0,-69.0,-87.0,-100.0,-100.0,-100.0,-100.0,-100.0,-89.0,-100.0,-67.0,-66.0,-88.0,-100.0,-100.0,-89.0,-90.0,-89.0,-100.0,-100.0,-100.0,-100.0,-100.0,-100.0,-100.0,-100.0,-100.0,-100.0,-100.0,-100.0,-100.0,-100.0,-100.0,-100.0,-100.0,-100.0,-100.0,-100.0,-100.0,-100.0,-100.0,-100.0,-100.0,-100.0,-100.0,-100.0,-100.0,-100.0,-100.0,-100.0,-100.0,-100.0,-100.0,-100.0,-100.0,-100.0,-100.0,-100.0,-100.0,-100.0,-100.0,-100.0,-100.0,-100.0
2021.05.19 175526,97.0,74.0,22.87027002702703,-5.6259458603603605,-32.93513462162163,0.3347670718054055,0.4913008783783784,9.701407468468469,-0.00131876998018018,-0.0013133108077477476,-0.0014715302051351348,-0.050673630474521184,-0.03445099661687348,-1.7354592299676157,1003.17613,-100.0,-100.0,-100.0,-58.0,-64.0,-76.0,-100.0,-100.0,-100.0,-100.0,-91.0,-100.0,-100.0,-58.0,-64.0,-100.0,-100.0,-100.0,-73.0,-90.0,-100.0,-100.0,-100.0,-100.0,-67.0,-83.0,-84.0,-100.0,-100.0,-100.0,-100.0,-76.0,-100.0,-100.0,-100.0,-67.0,-83.0,-85.0,-100.0,-100.0,-100.0,-100.0,-77.0,-100.0,-100.0,-100.0,-100.0,-77.0,-79.0,-80.0,-100.0,-100.0,-100.0,-58.0,-75.0,-100.0,-59.0,-77.0,-100.0,-88.0,-100.0,-100.0,-100.0,-100.0,-100.0,-88.0,-100.0,-100.0,-100.0,-88.0,-88.0,-88.0,-83.0,-83.0,-89.0,-100.0,-100.0,-100.0,-100.0,-100.0,-100.0,-100.0,-100.0,-100.0,-100.0,-100.0,-100.0,-100.0,-100.0,-100.0,-100.0,-100.0,-100.0,-100.0,-100.0,-100.0,-100.0,-100.0,-100.0,-100.0,-100.0,-100.0,-100.0,-100.0,-100.0,-100.0,-100.0,-100.0,-100.0,-100.0,-100.0,-100.0,-100.0,-100.0,-100.0,-100.0,-100.0,-100.0,-100.0,-100.0,-100.0
2021.05.19 175659,89.0,82.0,27.789267918699185,-4.009268225203252,-30.62926788617886,0.2995568703219513,0.47416374239024384,9.696559959349594,-0.0015061503043902434,-0.0035679147986991872,6.375329658536541e-05,-0.048824239279923354,-0.0307453972499484,-1.6595754885092013,1003.2999400813009,-100.0,-100.0,-100.0,-61.0,-63.0,-100.0,-100.0,-100.0,-100.0,-74.0,-100.0,-100.0,-100.0,-61.0,-63.0,-100.0,-100.0,-100.0,-75.0,-100.0,-100.0,-100.0,-100.0,-100.0,-67.0,-81.0,-86.0,-100.0,-100.0,-100.0,-100.0,-100.0,-100.0,-100.0,-100.0,-67.0,-82.0,-87.0,-100.0,-100.0,-89.0,-100.0,-100.0,-100.0,-100.0,-100.0,-100.0,-100.0,-100.0,-100.0,-100.0,-71.0,-100.0,-60.0,-100.0,-100.0,-60.0,-100.0,-70.0,-86.0,-77.0,-100.0,-100.0,-100.0,-100.0,-87.0,-100.0,-67.0,-73.0,-100.0,-100.0,-100.0,-86.0,-85.0,-100.0,-88.0,-100.0,-100.0,-100.0,-100.0,-100.0,-100.0,-100.0,-100.0,-100.0,-100.0,-100.0,-100.0,-100.0,-100.0,-100.0,-100.0,-100.0,-100.0,-100.0,-100.0,-100.0,-100.0,-100.0,-100.0,-100.0,-100.0,-100.0,-100.0,-100.0,-100.0,-100.0,-100.0,-100.0,-100.0,-100.0,-100.0,-100.0,-100.0,-100.0,-100.0,-100.0,-100.0,-100.0,-100.0,-100.0
2021.05.19 175710,88.0,83.0,27.298392482142855,-4.929642774107143,-30.327856660714286,0.23386934264642859,0.5206265051785713,9.711071700892857,-0.0015213599009821434,-0.0022464134448214284,-0.0008610582483928571,-0.05357848615052972,-0.024064508138897982,-1.6892374455928802,1003.2988216071428,-100.0,-100.0,-100.0,-46.0,-57.0,-62.0,-86.0,-100.0,-100.0,-52.0,-72.0,-100.0,-100.0,-45.0,-57.0,-87.0,-100.0,-100.0,-53.0,-72.0,-100.0,-100.0,-100.0,-100.0,-73.0,-83.0,-100.0,-100.0,-100.0,-100.0,-100.0,-72.0,-100.0,-100.0,-63.0,-75.0,-83.0,-100.0,-100.0,-100.0,-100.0,-100.0,-100.0,-100.0,-100.0,-100.0,-100.0,-59.0,-100.0,-100.0,-100.0,-100.0,-100.0,-55.0,-62.0,-100.0,-55.0,-59.0,-62.0,-83.0,-68.0,-100.0,-81.0,-68.0,-100.0,-83.0,-71.0,-100.0,-100.0,-80.0,-100.0,-100.0,-75.0,-75.0,-81.0,-100.0,-87.0,-81.0,-91.0,-91.0,-90.0,-91.0,-100.0,-100.0,-100.0,-100.0,-100.0,-100.0,-100.0,-100.0,-100.0,-100.0,-100.0,-100.0,-100.0,-100.0,-100.0,-100.0,-100.0,-100.0,-100.0,-100.0,-100.0,-100.0,-100.0,-100.0,-100.0,-100.0,-100.0,-100.0,-100.0,-100.0,-100.0,-100.0,-100.0,-100.0,-100.0,-100.0,-100.0,-100.0,-100.0
2021.05.19 175721,87.0,84.0,26.921946513274335,-4.880176915044248,-29.592211991150442,0.36380264148318586,0.44800483805132746,9.679269088495573,-0.005704503089380531,-0.003990101565132744,-0.007256608892300885,-0.04634003896372846,-0.03749485230083631,-1.6964222055620852,1003.3025059292034,-100.0,-100.0,-100.0,-47.0,-58.0,-61.0,-84.0,-100.0,-100.0,-57.0,-75.0,-100.0,-100.0,-47.0,-58.0,-84.0,-100.0,-100.0,-56.0,-75.0,-100.0,-100.0,-100.0,-100.0,-68.0,-85.0,-100.0,-100.0,-100.0,-88.0,-100.0,-70.0,-100.0,-100.0,-60.0,-68.0,-86.0,-100.0,-100.0,-100.0,-100.0,-100.0,-83.0,-100.0,-100.0,-100.0,-100.0,-60.0,-100.0,-100.0,-100.0,-82.0,-100.0,-54.0,-60.0,-100.0,-53.0,-60.0,-60.0,-77.0,-59.0,-100.0,-100.0,-58.0,-100.0,-77.0,-71.0,-100.0,-100.0,-86.0,-100.0,-100.0,-73.0,-73.0,-86.0,-100.0,-100.0,-100.0,-87.0,-89.0,-86.0,-90.0,-100.0,-100.0,-100.0,-100.0,-100.0,-100.0,-100.0,-100.0,-100.0,-100.0,-100.0,-100.0,-100.0,-100.0,-100.0,-100.0,-100.0,-100.0,-100.0,-100.0,-100.0,-100.0,-100.0,-100.0,-100.0,-100.0,-100.0,-100.0,-100.0,-100.0,-100.0,-100.0,-100.0,-100.0,-100.0,-100.0,-100.0,-100.0,-100.0
2021.05.19 175731,86.0,85.0,27.83410672321429,-4.984285636607142,-29.300892491071426,0.24451531473392857,0.5346287409357143,9.685653908928572,0.0036055449919642863,6.152289821428605e-06,0.003005936715535714,-0.055270885954606795,-0.02534774688073018,-1.6894299515656062,1003.302528482143,-100.0,-100.0,-100.0,-42.0,-55.0,-63.0,-84.0,-100.0,-100.0,-55.0,-75.0,-100.0,-100.0,-42.0,-55.0,-85.0,-100.0,-100.0,-54.0,-75.0,-100.0,-100.0,-100.0,-100.0,-72.0,-86.0,-89.0,-100.0,-100.0,-100.0,-100.0,-70.0,-100.0,-100.0,-64.0,-73.0,-87.0,-89.0,-100.0,-100.0,-100.0,-100.0,-100.0,-100.0,-100.0,-100.0,-100.0,-59.0,-100.0,-100.0,-100.0,-100.0,-100.0,-52.0,-64.0,-100.0,-52.0,-59.0,-64.0,-79.0,-60.0,-100.0,-100.0,-60.0,-100.0,-79.0,-66.0,-82.0,-81.0,-85.0,-100.0,-100.0,-66.0,-66.0,-85.0,-100.0,-100.0,-82.0,-88.0,-100.0,-87.0,-100.0,-88.0,-88.0,-100.0,-100.0,-100.0,-100.0,-100.0,-100.0,-100.0,-100.0,-100.0,-100.0,-100.0,-100.0,-100.0,-100.0,-100.0,-100.0,-100.0,-100.0,-100.0,-100.0,-100.0,-100.0,-100.0,-100.0,-100.0,-100.0,-100.0,-100.0,-100.0,-100.0,-100.0,-100.0,-100.0,-100.0,-100.0,-100.0,-100.0
2021.05.19 175912,78.0,87.0,11.688648382882883,32.07243209009009,-32.94594548648649,0.41034850429729725,0.6298884067477479,9.685122013513515,0.004239553578018018,-0.0004603006172972966,-0.003061981736306306,-0.06509624510376316,-0.04236805114081242,-0.3655614098450085,1003.3312766666667,-100.0,-100.0,-87.0,-33.0,-44.0,-54.0,-70.0,-100.0,-72.0,-53.0,-69.0,-100.0,-85.0,-33.0,-44.0,-70.0,-100.0,-73.0,-52.0,-69.0,-100.0,-100.0,-100.0,-100.0,-75.0,-90.0,-100.0,-100.0,-100.0,-100.0,-100.0,-61.0,-100.0,-100.0,-57.0,-76.0,-89.0,-100.0,-100.0,-100.0,-100.0,-100.0,-100.0,-100.0,-100.0,-100.0,-100.0,-58.0,-100.0,-100.0,-100.0,-100.0,-100.0,-100.0,-54.0,-100.0,-65.0,-58.0,-57.0,-71.0,-74.0,-100.0,-100.0,-100.0,-100.0,-71.0,-61.0,-100.0,-100.0,-83.0,-100.0,-100.0,-82.0,-83.0,-82.0,-100.0,-100.0,-100.0,-100.0,-79.0,-100.0,-79.0,-100.0,-77.0,-73.0,-100.0,-100.0,-100.0,-100.0,-100.0,-100.0,-100.0,-100.0,-100.0,-100.0,-100.0,-100.0,-100.0,-100.0,-100.0,-100.0,-100.0,-100.0,-100.0,-100.0,-100.0,-100.0,-100.0,-100.0,-100.0,-100.0,-100.0,-100.0,-100.0,-100.0,-100.0,-100.0,-100.0,-100.0,-100.0,-100.0
2021.05.19 175923,77.0,86.0,9.656282969026547,30.723716415929204,-35.42442425663717,0.46230692145132746,0.6270457407964602,9.699864066371683,-0.004098954526283186,0.00019405520955752265,0.0026577876748672563,-0.06466511721038708,-0.04758013095459443,-0.3313288430197049,1003.3304345132742,-100.0,-100.0,-100.0,-32.0,-43.0,-54.0,-68.0,-100.0,-100.0,-49.0,-67.0,-100.0,-100.0,-32.0,-43.0,-68.0,-100.0,-100.0,-43.0,-67.0,-100.0,-100.0,-100.0,-100.0,-68.0,-74.0,-100.0,-100.0,-100.0,-100.0,-100.0,-66.0,-100.0,-100.0,-61.0,-69.0,-75.0,-100.0,-100.0,-100.0,-100.0,-100.0,-78.0,-100.0,-100.0,-100.0,-100.0,-100.0,-100.0,-100.0,-100.0,-77.0,-100.0,-57.0,-53.0,-100.0,-58.0,-58.0,-61.0,-73.0,-70.0,-100.0,-78.0,-71.0,-100.0,-73.0,-66.0,-100.0,-100.0,-78.0,-100.0,-100.0,-86.0,-87.0,-78.0,-100.0,-88.0,-77.0,-100.0,-76.0,-100.0,-76.0,-100.0,-79.0,-100.0,-85.0,-89.0,-91.0,-100.0,-100.0,-100.0,-100.0,-100.0,-100.0,-100.0,-100.0,-100.0,-100.0,-100.0,-100.0,-100.0,-100.0,-100.0,-100.0,-100.0,-100.0,-100.0,-100.0,-100.0,-100.0,-100.0,-100.0,-100.0,-100.0,-100.0,-100.0,-100.0,-100.0,-100.0,-100.0,-100.0
2021.05.19 175934,76.0,85.0,7.543008689380532,29.51787577876106,-36.54159219469027,0.41603173505840707,0.5222273567256638,9.715585831858407,-0.0024339413791150447,-0.005768638351681415,-0.002585922085398229,-0.0536851948209568,-0.04274796398018638,-0.2814851421698005,1003.3273150442478,-100.0,-100.0,-100.0,-36.0,-44.0,-59.0,-71.0,-100.0,-100.0,-50.0,-66.0,-100.0,-100.0,-37.0,-44.0,-71.0,-100.0,-100.0,-49.0,-66.0,-100.0,-100.0,-100.0,-100.0,-71.0,-80.0,-100.0,-100.0,-92.0,-100.0,-100.0,-100.0,-100.0,-100.0,-100.0,-72.0,-81.0,-100.0,-100.0,-100.0,-100.0,-100.0,-78.0,-100.0,-100.0,-100.0,-100.0,-61.0,-100.0,-100.0,-100.0,-78.0,-100.0,-61.0,-57.0,-84.0,-61.0,-58.0,-60.0,-77.0,-73.0,-100.0,-80.0,-74.0,-100.0,-78.0,-100.0,-100.0,-100.0,-85.0,-100.0,-100.0,-84.0,-84.0,-85.0,-100.0,-100.0,-100.0,-100.0,-84.0,-100.0,-83.0,-100.0,-100.0,-100.0,-100.0,-100.0,-100.0,-83.0,-84.0,-100.0,-100.0,-100.0,-100.0,-100.0,-100.0,-100.0,-100.0,-100.0,-100.0,-100.0,-100.0,-100.0,-100.0,-100.0,-100.0,-100.0,-100.0,-100.0,-100.0,-100.0,-100.0,-100.0,-100.0,-100.0,-100.0,-100.0,-100.0,-100.0,-100.0,-100.0
2021.05.19 175945,75.0,84.0,7.488849439823009,27.285132415929205,-36.37539769026548,0.3295835784159292,0.41793867868141593,9.709271703539825,-0.0030015593495575222,-0.004033348611150442,-0.0029589283817699126,-0.04309473237212314,-0.033910476141073495,-0.29342568289917126,1003.3319461061948,-100.0,-100.0,-100.0,-33.0,-48.0,-50.0,-73.0,-100.0,-100.0,-49.0,-62.0,-100.0,-100.0,-33.0,-48.0,-73.0,-100.0,-100.0,-50.0,-62.0,-100.0,-100.0,-100.0,-100.0,-74.0,-88.0,-100.0,-100.0,-100.0,-100.0,-100.0,-100.0,-100.0,-100.0,-64.0,-75.0,-88.0,-100.0,-100.0,-100.0,-100.0,-100.0,-80.0,-100.0,-100.0,-100.0,-100.0,-100.0,-100.0,-100.0,-100.0,-100.0,-89.0,-100.0,-49.0,-91.0,-100.0,-61.0,-65.0,-82.0,-74.0,-100.0,-80.0,-71.0,-100.0,-82.0,-65.0,-100.0,-100.0,-74.0,-100.0,-100.0,-87.0,-87.0,-74.0,-100.0,-100.0,-79.0,-100.0,-82.0,-100.0,-83.0,-100.0,-100.0,-100.0,-85.0,-100.0,-100.0,-79.0,-100.0,-80.0,-86.0,-80.0,-100.0,-100.0,-100.0,-100.0,-100.0,-100.0,-100.0,-100.0,-100.0,-100.0,-100.0,-100.0,-100.0,-100.0,-100.0,-100.0,-100.0,-100.0,-100.0,-100.0,-100.0,-100.0,-100.0,-100.0,-100.0,-100.0,-100.0,-100.0
2021.05.19 180121,67.0,76.0,7.382105154385965,32.733683666666664,-33.38473645614035,0.2851077229035088,0.7562337942105263,9.697338030701754,0.0037748150139473684,0.00444037951508772,0.0017691835849122806,-0.07787525024787896,-0.029498468733212883,-0.2331011335839305,1003.2338961403509,-100.0,-100.0,-100.0,-43.0,-54.0,-49.0,-66.0,-100.0,-85.0,-52.0,-65.0,-100.0,-100.0,-46.0,-54.0,-66.0,-100.0,-85.0,-52.0,-65.0,-100.0,-100.0,-100.0,-100.0,-79.0,-100.0,-89.0,-100.0,-100.0,-100.0,-100.0,-100.0,-100.0,-100.0,-71.0,-79.0,-100.0,-88.0,-100.0,-100.0,-100.0,-100.0,-81.0,-100.0,-100.0,-100.0,-100.0,-53.0,-100.0,-100.0,-100.0,-100.0,-100.0,-61.0,-48.0,-100.0,-61.0,-55.0,-69.0,-100.0,-100.0,-100.0,-74.0,-100.0,-100.0,-91.0,-100.0,-100.0,-100.0,-77.0,-100.0,-100.0,-83.0,-83.0,-78.0,-100.0,-100.0,-74.0,-100.0,-100.0,-100.0,-100.0,-100.0,-100.0,-100.0,-100.0,-100.0,-100.0,-100.0,-100.0,-100.0,-100.0,-100.0,-100.0,-100.0,-100.0,-100.0,-100.0,-100.0,-100.0,-100.0,-100.0,-100.0,-100.0,-100.0,-100.0,-100.0,-100.0,-100.0,-100.0,-100.0,-100.0,-100.0,-100.0,-100.0,-100.0,-100.0,-100.0,-100.0,-100.0,-100.0
2021.05.19 180132,66.0,75.0,7.23374986875,29.785713848214282,-31.22303534821429,0.20468911766428574,0.7357905767857142,9.703012415178572,1.1257493392857827e-05,-0.0014555609196428565,-0.004171729560089286,-0.07565257488749919,-0.02106522987586292,-0.2411155728623271,1003.2306808035713,-80.0,-100.0,-100.0,-52.0,-66.0,-55.0,-71.0,-91.0,-100.0,-48.0,-73.0,-100.0,-100.0,-54.0,-66.0,-71.0,-100.0,-100.0,-48.0,-73.0,-100.0,-100.0,-100.0,-100.0,-100.0,-100.0,-100.0,-100.0,-100.0,-100.0,-100.0,-100.0,-100.0,-100.0,-100.0,-100.0,-100.0,-100.0,-100.0,-100.0,-100.0,-100.0,-100.0,-100.0,-100.0,-100.0,-100.0,-100.0,-100.0,-100.0,-100.0,-100.0,-82.0,-69.0,-56.0,-82.0,-69.0,-58.0,-100.0,-100.0,-100.0,-100.0,-74.0,-100.0,-100.0,-100.0,-82.0,-100.0,-100.0,-80.0,-100.0,-100.0,-100.0,-100.0,-79.0,-100.0,-100.0,-74.0,-100.0,-100.0,-100.0,-100.0,-100.0,-100.0,-100.0,-100.0,-100.0,-100.0,-76.0,-76.0,-100.0,-100.0,-100.0,-86.0,-100.0,-100.0,-100.0,-100.0,-100.0,-100.0,-100.0,-100.0,-100.0,-100.0,-100.0,-100.0,-100.0,-100.0,-100.0,-100.0,-100.0,-100.0,-100.0,-100.0,-100.0,-100.0,-100.0,-100.0,-100.0,-100.0,-100.0
2021.05.19 180143,65.0,74.0,6.520526198245614,27.531052175438603,-31.577367991228073,0.25106281720701756,0.5877944643859648,9.687319969298246,-0.00023331832228070082,-0.0016039714652631575,-0.005550482620614036,-0.060632281462874284,-0.025879797978855614,-0.24429072583453698,1003.2310757017542,-100.0,-100.0,-100.0,-57.0,-69.0,-55.0,-71.0,-83.0,-100.0,-50.0,-71.0,-100.0,-100.0,-57.0,-69.0,-71.0,-84.0,-100.0,-50.0,-71.0,-100.0,-100.0,-100.0,-100.0,-100.0,-100.0,-100.0,-100.0,-100.0,-100.0,-100.0,-100.0,-100.0,-100.0,-100.0,-100.0,-100.0,-100.0,-100.0,-100.0,-100.0,-100.0,-100.0,-100.0,-100.0,-100.0,-100.0,-100.0,-100.0,-100.0,-100.0,-100.0,-81.0,-100.0,-55.0,-81.0,-71.0,-100.0,-100.0,-100.0,-86.0,-100.0,-71.0,-100.0,-100.0,-100.0,-81.0,-100.0,-100.0,-81.0,-100.0,-100.0,-100.0,-100.0,-82.0,-100.0,-100.0,-74.0,-100.0,-100.0,-100.0,-100.0,-100.0,-100.0,-100.0,-100.0,-100.0,-100.0,-70.0,-70.0,-100.0,-100.0,-100.0,-100.0,-87.0,-84.0,-100.0,-100.0,-100.0,-100.0,-100.0,-100.0,-100.0,-100.0,-100.0,-100.0,-100.0,-100.0,-100.0,-100.0,-100.0,-100.0,-100.0,-100.0,-100.0,-100.0,-100.0,-100.0,-100.0,-100.0,-100.0
2021.05.19 180153,64.0,73.0,6.262434686086957,31.191130052173914,-32.31652124347826,0.20530385913913043,0.5209733791304348,9.696438177391304,-0.004248674119130434,-0.004390607083130435,-0.0035021967880000003,-0.05375983002393137,-0.021148495731429847,-0.2080109049444613,1003.232322347826,-100.0,-89.0,-100.0,-58.0,-71.0,-56.0,-72.0,-82.0,-77.0,-57.0,-69.0,-89.0,-100.0,-59.0,-71.0,-72.0,-82.0,-77.0,-57.0,-70.0,-100.0,-100.0,-100.0,-100.0,-100.0,-100.0,-100.0,-100.0,-100.0,-100.0,-100.0,-85.0,-100.0,-100.0,-100.0,-100.0,-100.0,-100.0,-100.0,-100.0,-100.0,-100.0,-100.0,-100.0,-100.0,-100.0,-100.0,-61.0,-100.0,-100.0,-100.0,-100.0,-77.0,-75.0,-56.0,-77.0,-75.0,-61.0,-78.0,-100.0,-100.0,-100.0,-59.0,-100.0,-100.0,-100.0,-88.0,-100.0,-100.0,-79.0,-100.0,-100.0,-100.0,-100.0,-79.0,-100.0,-100.0,-60.0,-100.0,-100.0,-100.0,-100.0,-100.0,-100.0,-100.0,-100.0,-100.0,-100.0,-77.0,-69.0,-100.0,-100.0,-100.0,-100.0,-100.0,-100.0,-100.0,-100.0,-100.0,-100.0,-100.0,-100.0,-100.0,-100.0,-100.0,-100.0,-100.0,-100.0,-100.0,-100.0,-100.0,-100.0,-100.0,-100.0,-100.0,-100.0,-100.0,-100.0,-100.0,-100.0,-100.0
2021.05.19 180322,56.0,65.0,5.986153762393162,29.036922743589745,-30.397948358974357,0.20404541922905983,0.4882683462735043,9.699616488034186,0.005798254733589745,-0.0006579959490598296,-0.005232958911709403,-0.05042096253078522,-0.021068179532915364,-0.21377582249478397,1003.2504194017096,-100.0,-89.0,-75.0,-61.0,-71.0,-63.0,-78.0,-81.0,-83.0,-53.0,-78.0,-91.0,-75.0,-61.0,-72.0,-77.0,-80.0,-84.0,-52.0,-78.0,-100.0,-100.0,-100.0,-100.0,-100.0,-100.0,-100.0,-100.0,-100.0,-100.0,-100.0,-100.0,-100.0,-100.0,-84.0,-100.0,-100.0,-100.0,-100.0,-100.0,-100.0,-100.0,-100.0,-100.0,-100.0,-100.0,-100.0,-61.0,-100.0,-100.0,-100.0,-100.0,-100.0,-75.0,-63.0,-100.0,-75.0,-63.0,-85.0,-100.0,-85.0,-100.0,-68.0,-100.0,-100.0,-100.0,-100.0,-100.0,-100.0,-83.0,-100.0,-100.0,-100.0,-100.0,-83.0,-100.0,-100.0,-68.0,-100.0,-100.0,-100.0,-100.0,-100.0,-100.0,-100.0,-100.0,-100.0,-87.0,-63.0,-64.0,-100.0,-100.0,-100.0,-100.0,-100.0,-83.0,-92.0,-87.0,-87.0,-100.0,-100.0,-100.0,-100.0,-100.0,-100.0,-100.0,-100.0,-100.0,-100.0,-100.0,-100.0,-100.0,-100.0,-100.0,-100.0,-100.0,-100.0,-100.0,-100.0,-100.0,-100.0
2021.05.19 180333,55.0,64.0,7.19658520487805,28.59658507317073,-30.027804422764234,0.26773053371056915,0.5792977091056911,9.671741201626018,0.005809333333495936,0.00327079583089431,-0.003502110644959349,-0.05990459812561376,-0.02750136860034887,-0.25822711523955433,1003.253934308943,-100.0,-73.0,-78.0,-74.0,-82.0,-74.0,-89.0,-67.0,-100.0,-68.0,-83.0,-74.0,-78.0,-74.0,-82.0,-90.0,-67.0,-68.0,-67.0,-83.0,-100.0,-100.0,-100.0,-100.0,-100.0,-100.0,-100.0,-100.0,-100.0,-100.0,-100.0,-100.0,-100.0,-100.0,-100.0,-100.0,-100.0,-100.0,-100.0,-100.0,-100.0,-100.0,-100.0,-100.0,-100.0,-100.0,-100.0,-68.0,-100.0,-100.0,-100.0,-100.0,-76.0,-100.0,-74.0,-70.0,-100.0,-69.0,-100.0,-100.0,-100.0,-100.0,-55.0,-100.0,-100.0,-100.0,-100.0,-100.0,-100.0,-100.0,-100.0,-100.0,-100.0,-100.0,-100.0,-100.0,-100.0,-55.0,-100.0,-100.0,-100.0,-100.0,-100.0,-100.0,-100.0,-100.0,-100.0,-100.0,-100.0,-100.0,-100.0,-100.0,-100.0,-77.0,-100.0,-78.0,-100.0,-100.0,-100.0,-84.0,-100.0,-100.0,-100.0,-100.0,-100.0,-100.0,-100.0,-100.0,-100.0,-100.0,-100.0,-100.0,-100.0,-100.0,-100.0,-100.0,-100.0,-100.0,-100.0,-100.0,-100.0
2021.05.19 180344,54.0,63.0,8.322105085964914,29.11736797368421,-30.47368371929825,0.28943422180701756,0.6512427471929824,9.686563736842103,0.004900093241140349,-0.001823668527368421,-0.001885290760701754,-0.06724730254918855,-0.02983728171277199,-0.2884397027001046,1003.255329473684,-100.0,-70.0,-100.0,-68.0,-80.0,-73.0,-89.0,-68.0,-69.0,-63.0,-80.0,-70.0,-100.0,-68.0,-80.0,-91.0,-68.0,-69.0,-63.0,-80.0,-100.0,-100.0,-100.0,-100.0,-100.0,-100.0,-100.0,-100.0,-100.0,-100.0,-100.0,-100.0,-100.0,-100.0,-100.0,-100.0,-100.0,-100.0,-100.0,-100.0,-100.0,-100.0,-100.0,-100.0,-100.0,-100.0,-100.0,-66.0,-90.0,-100.0,-100.0,-100.0,-74.0,-100.0,-73.0,-74.0,-100.0,-79.0,-100.0,-100.0,-100.0,-100.0,-56.0,-100.0,-100.0,-100.0,-100.0,-100.0,-100.0,-91.0,-100.0,-100.0,-100.0,-100.0,-90.0,-100.0,-100.0,-56.0,-100.0,-100.0,-100.0,-100.0,-100.0,-100.0,-100.0,-100.0,-86.0,-88.0,-48.0,-48.0,-100.0,-100.0,-100.0,-80.0,-79.0,-81.0,-100.0,-78.0,-75.0,-100.0,-91.0,-100.0,-100.0,-100.0,-100.0,-100.0,-100.0,-100.0,-100.0,-100.0,-100.0,-100.0,-100.0,-100.0,-100.0,-100.0,-100.0,-100.0,-100.0,-100.0,-100.0
2021.05.19 180355,53.0,62.0,7.975897267521368,30.238461068376072,-31.10564056410256,0.28796782295726486,0.5778592476923077,9.702501918803419,0.005484990387948716,-0.004380619021367519,-0.0012962714501709408,-0.05954869979053222,-0.029769495988272603,-0.27080411597704274,1003.2582886324785,-100.0,-66.0,-81.0,-66.0,-80.0,-76.0,-87.0,-68.0,-100.0,-64.0,-81.0,-66.0,-83.0,-68.0,-81.0,-87.0,-68.0,-100.0,-65.0,-82.0,-100.0,-100.0,-100.0,-100.0,-100.0,-100.0,-100.0,-100.0,-100.0,-100.0,-100.0,-100.0,-100.0,-100.0,-100.0,-100.0,-100.0,-100.0,-100.0,-100.0,-100.0,-100.0,-100.0,-100.0,-100.0,-100.0,-100.0,-75.0,-87.0,-100.0,-100.0,-100.0,-70.0,-100.0,-100.0,-70.0,-100.0,-76.0,-100.0,-100.0,-100.0,-100.0,-60.0,-100.0,-100.0,-100.0,-100.0,-100.0,-100.0,-87.0,-100.0,-100.0,-100.0,-100.0,-89.0,-100.0,-100.0,-60.0,-100.0,-100.0,-100.0,-100.0,-100.0,-100.0,-100.0,-100.0,-82.0,-82.0,-100.0,-100.0,-100.0,-100.0,-100.0,-82.0,-100.0,-82.0,-100.0,-100.0,-100.0,-100.0,-91.0,-90.0,-89.0,-92.0,-89.0,-88.0,-100.0,-100.0,-100.0,-100.0,-100.0,-100.0,-100.0,-100.0,-100.0,-100.0,-100.0,-100.0,-100.0,-100.0,-100.0
2021.05.19 180527,45.0,54.0,9.190359511510792,30.15798517985612,-34.11798523021583,0.29453025140287764,0.6394780760791366,9.708784312949641,0.0002192214968345324,-0.004953321741007194,-0.000742086951007193,-0.06583178083566447,-0.030332624981830883,-0.306074813115511,1003.2051933093525,-74.0,-69.0,-71.0,-72.0,-79.0,-100.0,-100.0,-73.0,-71.0,-67.0,-83.0,-69.0,-71.0,-72.0,-79.0,-100.0,-74.0,-100.0,-67.0,-83.0,-100.0,-100.0,-100.0,-100.0,-100.0,-100.0,-100.0,-100.0,-100.0,-100.0,-100.0,-100.0,-100.0,-100.0,-100.0,-100.0,-100.0,-100.0,-100.0,-100.0,-100.0,-100.0,-100.0,-100.0,-100.0,-100.0,-100.0,-70.0,-100.0,-100.0,-100.0,-100.0,-72.0,-100.0,-100.0,-71.0,-100.0,-70.0,-100.0,-100.0,-100.0,-100.0,-55.0,-100.0,-100.0,-100.0,-100.0,-100.0,-100.0,-100.0,-100.0,-100.0,-100.0,-100.0,-100.0,-100.0,-100.0,-54.0,-100.0,-100.0,-100.0,-100.0,-100.0,-100.0,-100.0,-100.0,-84.0,-100.0,-56.0,-54.0,-100.0,-100.0,-100.0,-100.0,-78.0,-81.0,-100.0,-100.0,-100.0,-78.0,-100.0,-100.0,-89.0,-91.0,-100.0,-90.0,-91.0,-100.0,-100.0,-100.0,-100.0,-100.0,-100.0,-100.0,-100.0,-100.0,-100.0,-100.0,-100.0,-100.0,-100.0
2021.05.19 180540,44.0,53.0,8.010535572321428,31.382678249999998,-34.393928107142855,0.3393670768214286,0.6866651872321429,9.708698870535715,0.002258368745178572,-0.00034836782303571356,0.001320603615,-0.07059020984784829,-0.0349531231726619,-0.266450773658497,1003.2072677678572,-100.0,-78.0,-66.0,-100.0,-88.0,-79.0,-100.0,-89.0,-63.0,-100.0,-92.0,-78.0,-66.0,-74.0,-88.0,-100.0,-89.0,-64.0,-100.0,-100.0,-100.0,-100.0,-100.0,-100.0,-100.0,-100.0,-100.0,-100.0,-100.0,-100.0,-100.0,-100.0,-100.0,-100.0,-100.0,-100.0,-100.0,-100.0,-100.0,-100.0,-100.0,-100.0,-100.0,-100.0,-100.0,-100.0,-100.0,-84.0,-100.0,-100.0,-100.0,-100.0,-100.0,-100.0,-76.0,-100.0,-100.0,-86.0,-100.0,-100.0,-100.0,-100.0,-62.0,-100.0,-100.0,-100.0,-100.0,-100.0,-100.0,-100.0,-100.0,-100.0,-100.0,-100.0,-100.0,-100.0,-100.0,-60.0,-100.0,-100.0,-100.0,-100.0,-100.0,-100.0,-100.0,-100.0,-73.0,-74.0,-75.0,-74.0,-100.0,-100.0,-100.0,-100.0,-77.0,-100.0,-100.0,-82.0,-81.0,-77.0,-86.0,-86.0,-83.0,-77.0,-100.0,-83.0,-77.0,-100.0,-100.0,-100.0,-100.0,-100.0,-100.0,-100.0,-100.0,-100.0,-100.0,-100.0,-100.0,-100.0,-100.0
2021.05.19 180550,43.0,52.0,6.982184744537815,32.476134117647064,-34.2862179579832,0.4142095410739496,0.549274810420168,9.687879781512608,0.000826171967731093,-0.004088634145882353,0.00023490585168067253,-0.05661784582027865,-0.04267251327513525,-0.24085328045512447,1003.206666302521,-100.0,-77.0,-63.0,-75.0,-86.0,-76.0,-100.0,-100.0,-100.0,-100.0,-100.0,-76.0,-68.0,-73.0,-86.0,-100.0,-94.0,-100.0,-100.0,-100.0,-100.0,-100.0,-100.0,-100.0,-100.0,-100.0,-100.0,-100.0,-100.0,-100.0,-100.0,-100.0,-100.0,-100.0,-100.0,-100.0,-100.0,-100.0,-100.0,-100.0,-100.0,-100.0,-100.0,-100.0,-100.0,-100.0,-100.0,-79.0,-87.0,-100.0,-100.0,-100.0,-56.0,-100.0,-77.0,-55.0,-100.0,-81.0,-100.0,-100.0,-100.0,-100.0,-65.0,-100.0,-100.0,-100.0,-100.0,-100.0,-100.0,-100.0,-100.0,-100.0,-100.0,-100.0,-100.0,-100.0,-100.0,-61.0,-100.0,-100.0,-100.0,-100.0,-100.0,-100.0,-100.0,-100.0,-75.0,-100.0,-75.0,-75.0,-100.0,-100.0,-100.0,-100.0,-69.0,-100.0,-87.0,-81.0,-100.0,-69.0,-87.0,-88.0,-89.0,-70.0,-100.0,-100.0,-70.0,-82.0,-100.0,-100.0,-100.0,-100.0,-100.0,-100.0,-100.0,-100.0,-100.0,-100.0,-100.0,-100.0,-100.0
2021.05.19 180602,42.0,51.0,8.150442302654868,29.295397725663715,-35.28902609734513,0.30659430552035394,0.7525015011504426,9.711284539823009,-0.00032564533938053057,-0.0009465869047787605,-0.003180569946725664,-0.07731914798836262,-0.03156416318626592,-0.28210265789411765,1003.209755840708,-100.0,-77.0,-60.0,-100.0,-90.0,-100.0,-100.0,-100.0,-70.0,-83.0,-92.0,-77.0,-62.0,-82.0,-100.0,-100.0,-100.0,-70.0,-100.0,-91.0,-100.0,-100.0,-100.0,-100.0,-100.0,-100.0,-100.0,-100.0,-100.0,-100.0,-100.0,-100.0,-100.0,-100.0,-100.0,-100.0,-100.0,-100.0,-100.0,-100.0,-100.0,-100.0,-100.0,-100.0,-100.0,-100.0,-100.0,-100.0,-100.0,-100.0,-100.0,-100.0,-46.0,-100.0,-100.0,-46.0,-100.0,-100.0,-100.0,-100.0,-100.0,-100.0,-60.0,-100.0,-100.0,-100.0,-100.0,-100.0,-100.0,-100.0,-100.0,-100.0,-100.0,-100.0,-100.0,-100.0,-100.0,-60.0,-100.0,-100.0,-100.0,-100.0,-100.0,-100.0,-100.0,-100.0,-71.0,-71.0,-72.0,-73.0,-100.0,-100.0,-100.0,-85.0,-73.0,-87.0,-100.0,-100.0,-100.0,-73.0,-77.0,-77.0,-89.0,-66.0,-88.0,-90.0,-66.0,-100.0,-91.0,-92.0,-85.0,-100.0,-100.0,-100.0,-100.0,-100.0,-100.0,-100.0,-100.0,-100.0,-100.0
2021.05.19 180730,34.0,43.0,8.63415916902655,28.59663682300885,-32.11274296460177,0.31081077101415927,0.7410386444247787,9.68804096460177,-0.0015906228454867254,-0.0033468006916814153,-0.004375271105398231,-0.07632675925187302,-0.031920895125759546,-0.30214332822149836,1003.2041791150443,-87.0,-80.0,-66.0,-81.0,-89.0,-100.0,-100.0,-100.0,-66.0,-100.0,-100.0,-80.0,-67.0,-81.0,-90.0,-100.0,-100.0,-67.0,-81.0,-100.0,-100.0,-100.0,-100.0,-100.0,-100.0,-100.0,-100.0,-100.0,-100.0,-100.0,-100.0,-100.0,-100.0,-100.0,-100.0,-100.0,-100.0,-100.0,-100.0,-100.0,-100.0,-100.0,-100.0,-100.0,-100.0,-100.0,-100.0,-86.0,-100.0,-100.0,-100.0,-100.0,-57.0,-100.0,-80.0,-56.0,-100.0,-100.0,-100.0,-100.0,-100.0,-100.0,-57.0,-100.0,-100.0,-100.0,-100.0,-100.0,-100.0,-100.0,-100.0,-100.0,-100.0,-100.0,-100.0,-100.0,-100.0,-57.0,-100.0,-100.0,-100.0,-100.0,-100.0,-100.0,-100.0,-100.0,-100.0,-77.0,-100.0,-100.0,-100.0,-100.0,-100.0,-100.0,-71.0,-100.0,-86.0,-77.0,-76.0,-71.0,-86.0,-85.0,-91.0,-64.0,-100.0,-100.0,-64.0,-100.0,-100.0,-100.0,-100.0,-100.0,-100.0,-100.0,-100.0,-100.0,-100.0,-100.0,-100.0,-100.0,-100.0
2021.05.19 180742,33.0,42.0,9.841606960714286,27.360535294642858,-33.30321394642857,0.2559950064910715,0.6772591058035714,9.684841600892856,-0.0002887209342857145,-0.0025409376542857138,-0.000517446810982144,-0.06994747796228949,-0.026361540238472727,-0.34696316266698496,1003.2019366071428,-100.0,-100.0,-57.0,-79.0,-91.0,-100.0,-100.0,-100.0,-100.0,-100.0,-100.0,-100.0,-100.0,-78.0,-100.0,-100.0,-100.0,-100.0,-100.0,-100.0,-100.0,-100.0,-100.0,-100.0,-100.0,-100.0,-100.0,-100.0,-100.0,-100.0,-100.0,-100.0,-100.0,-100.0,-100.0,-100.0,-100.0,-100.0,-100.0,-100.0,-100.0,-100.0,-100.0,-100.0,-100.0,-100.0,-100.0,-100.0,-100.0,-100.0,-100.0,-100.0,-66.0,-100.0,-100.0,-67.0,-100.0,-100.0,-100.0,-100.0,-100.0,-100.0,-100.0,-100.0,-100.0,-100.0,-100.0,-100.0,-100.0,-100.0,-100.0,-100.0,-100.0,-100.0,-100.0,-100.0,-100.0,-100.0,-100.0,-100.0,-100.0,-100.0,-100.0,-100.0,-100.0,-100.0,-100.0,-100.0,-80.0,-81.0,-100.0,-100.0,-100.0,-100.0,-77.0,-100.0,-72.0,-74.0,-75.0,-77.0,-76.0,-75.0,-100.0,-83.0,-100.0,-100.0,-84.0,-100.0,-100.0,-100.0,-84.0,-90.0,-82.0,-91.0,-82.0,-100.0,-100.0,-100.0,-100.0,-100.0,-100.0
2021.05.19 180753,32.0,41.0,9.093451210619468,29.147256265486725,-32.986194238938054,0.2327319872035398,0.7990945131858408,9.703296517699115,-0.006882986297079647,-0.00522264376637168,-0.007694485527876106,-0.08215270435388106,-0.02395232963536458,-0.3016120368136769,1003.2029187610618,-100.0,-100.0,-53.0,-78.0,-89.0,-82.0,-100.0,-100.0,-100.0,-100.0,-100.0,-100.0,-54.0,-77.0,-88.0,-100.0,-100.0,-100.0,-100.0,-100.0,-100.0,-100.0,-100.0,-100.0,-100.0,-100.0,-100.0,-100.0,-100.0,-100.0,-100.0,-100.0,-100.0,-100.0,-100.0,-100.0,-100.0,-100.0,-100.0,-100.0,-100.0,-100.0,-100.0,-100.0,-100.0,-100.0,-100.0,-100.0,-100.0,-100.0,-100.0,-100.0,-64.0,-100.0,-100.0,-64.0,-100.0,-100.0,-100.0,-100.0,-100.0,-100.0,-100.0,-100.0,-100.0,-100.0,-100.0,-100.0,-100.0,-100.0,-100.0,-100.0,-100.0,-100.0,-100.0,-100.0,-100.0,-100.0,-100.0,-100.0,-100.0,-100.0,-100.0,-100.0,-100.0,-100.0,-68.0,-100.0,-100.0,-100.0,-100.0,-100.0,-100.0,-100.0,-100.0,-100.0,-73.0,-70.0,-70.0,-100.0,-72.0,-72.0,-100.0,-88.0,-100.0,-100.0,-88.0,-100.0,-100.0,-100.0,-100.0,-90.0,-84.0,-100.0,-84.0,-78.0,-100.0,-100.0,-100.0,-100.0,-100.0
2021.05.19 180804,31.0,40.0,10.81486693362832,32.80407050442478,-31.192035035398234,0.28110481383362834,0.7092138615929203,9.686918092920356,-0.005217973046725663,-0.0031359711907964598,0.0016090460207964594,-0.07319312778392191,-0.02905116787832432,-0.32282225128296205,1003.1778731858408,-100.0,-100.0,-56.0,-80.0,-89.0,-100.0,-100.0,-100.0,-100.0,-100.0,-100.0,-100.0,-56.0,-79.0,-89.0,-100.0,-100.0,-100.0,-100.0,-100.0,-100.0,-100.0,-100.0,-100.0,-100.0,-100.0,-100.0,-100.0,-100.0,-100.0,-100.0,-100.0,-100.0,-100.0,-100.0,-100.0,-100.0,-100.0,-100.0,-100.0,-100.0,-100.0,-100.0,-100.0,-100.0,-100.0,-100.0,-100.0,-100.0,-100.0,-100.0,-100.0,-71.0,-100.0,-100.0,-71.0,-100.0,-100.0,-100.0,-100.0,-100.0,-100.0,-100.0,-100.0,-100.0,-100.0,-100.0,-100.0,-100.0,-100.0,-100.0,-100.0,-100.0,-100.0,-100.0,-100.0,-100.0,-100.0,-100.0,-100.0,-100.0,-100.0,-100.0,-100.0,-100.0,-100.0,-100.0,-100.0,-100.0,-100.0,-100.0,-100.0,-100.0,-100.0,-100.0,-100.0,-78.0,-71.0,-71.0,-83.0,-72.0,-72.0,-100.0,-85.0,-100.0,-100.0,-85.0,-69.0,-100.0,-100.0,-100.0,-88.0,-86.0,-88.0,-86.0,-74.0,-84.0,-100.0,-100.0,-100.0,-100.0
2021.05.19 180936,23.0,32.0,12.124654956896551,34.1881029137931,-31.411551344827586,0.17796066627931034,0.6626774732758621,9.67693636465517,0.005033592769827586,0.00023804790534482756,0.004777408684310345,-0.0686619215612781,-0.018265501817323004,-0.33682736060742674,1003.0787256034483,-100.0,-100.0,-54.0,-77.0,-90.0,-100.0,-100.0,-100.0,-100.0,-100.0,-100.0,-100.0,-54.0,-78.0,-91.0,-100.0,-100.0,-100.0,-100.0,-92.0,-100.0,-100.0,-100.0,-100.0,-100.0,-100.0,-100.0,-100.0,-100.0,-100.0,-100.0,-100.0,-100.0,-100.0,-100.0,-100.0,-100.0,-100.0,-100.0,-100.0,-100.0,-100.0,-100.0,-100.0,-100.0,-100.0,-100.0,-100.0,-100.0,-100.0,-100.0,-100.0,-73.0,-100.0,-100.0,-73.0,-100.0,-100.0,-100.0,-100.0,-100.0,-100.0,-100.0,-100.0,-100.0,-100.0,-100.0,-100.0,-100.0,-100.0,-100.0,-100.0,-100.0,-100.0,-100.0,-100.0,-100.0,-100.0,-100.0,-100.0,-100.0,-100.0,-100.0,-100.0,-100.0,-100.0,-68.0,-68.0,-88.0,-86.0,-100.0,-100.0,-100.0,-100.0,-100.0,-100.0,-80.0,-67.0,-67.0,-100.0,-76.0,-76.0,-100.0,-90.0,-79.0,-100.0,-90.0,-75.0,-100.0,-100.0,-80.0,-88.0,-84.0,-88.0,-85.0,-84.0,-100.0,-100.0,-100.0,-100.0,-100.0
2021.05.19 180949,22.0,31.0,12.705713988095237,32.8709518888889,-31.95904714285714,0.08248846752380952,0.8074406731746033,9.674067384920635,-0.0007474760032539684,0.003388333833650794,-0.0001338377476190477,-0.08335631136738116,-0.008493087594069719,-0.35118098533342756,1003.0811747619048,-100.0,-100.0,-61.0,-79.0,-100.0,-82.0,-100.0,-100.0,-100.0,-100.0,-100.0,-100.0,-62.0,-79.0,-100.0,-100.0,-100.0,-100.0,-100.0,-100.0,-100.0,-100.0,-100.0,-100.0,-100.0,-100.0,-100.0,-100.0,-100.0,-100.0,-100.0,-100.0,-100.0,-100.0,-100.0,-100.0,-100.0,-100.0,-100.0,-100.0,-100.0,-100.0,-100.0,-100.0,-100.0,-100.0,-100.0,-100.0,-100.0,-100.0,-100.0,-100.0,-100.0,-100.0,-83.0,-100.0,-100.0,-100.0,-100.0,-100.0,-100.0,-100.0,-100.0,-100.0,-100.0,-100.0,-100.0,-100.0,-100.0,-100.0,-100.0,-100.0,-100.0,-100.0,-100.0,-100.0,-100.0,-100.0,-100.0,-100.0,-100.0,-100.0,-100.0,-100.0,-100.0,-100.0,-100.0,-100.0,-100.0,-100.0,-100.0,-100.0,-100.0,-100.0,-88.0,-100.0,-57.0,-53.0,-53.0,-100.0,-80.0,-80.0,-100.0,-100.0,-87.0,-100.0,-100.0,-75.0,-100.0,-100.0,-100.0,-71.0,-100.0,-71.0,-100.0,-100.0,-80.0,-100.0,-100.0,-100.0,-100.0
2021.05.19 181001,21.0,30.0,11.869564965217391,32.92591265217391,-31.118086469565217,0.2556252702869565,0.739539436347826,9.694106465217391,0.00142971670226087,-0.003875355418608695,-0.0007559590474782619,-0.07611007939862165,-0.02630017465790325,-0.34604003921799037,1003.0829181739132,-100.0,-100.0,-61.0,-59.0,-100.0,-100.0,-100.0,-100.0,-100.0,-100.0,-100.0,-100.0,-59.0,-80.0,-100.0,-100.0,-100.0,-100.0,-100.0,-100.0,-100.0,-100.0,-100.0,-100.0,-100.0,-100.0,-100.0,-100.0,-100.0,-100.0,-100.0,-100.0,-100.0,-100.0,-100.0,-100.0,-100.0,-100.0,-100.0,-100.0,-100.0,-100.0,-100.0,-100.0,-100.0,-100.0,-100.0,-100.0,-100.0,-100.0,-100.0,-100.0,-100.0,-100.0,-100.0,-100.0,-100.0,-100.0,-100.0,-100.0,-100.0,-100.0,-65.0,-100.0,-100.0,-100.0,-100.0,-100.0,-100.0,-100.0,-100.0,-100.0,-100.0,-100.0,-100.0,-100.0,-100.0,-65.0,-100.0,-100.0,-100.0,-100.0,-100.0,-100.0,-100.0,-100.0,-82.0,-82.0,-100.0,-100.0,-100.0,-100.0,-100.0,-100.0,-100.0,-100.0,-57.0,-56.0,-56.0,-100.0,-79.0,-79.0,-100.0,-100.0,-100.0,-100.0,-100.0,-100.0,-100.0,-100.0,-100.0,-72.0,-100.0,-72.0,-100.0,-100.0,-81.0,-90.0,-100.0,-100.0,-100.0
2021.05.19 181013,20.0,29.0,13.580176712389383,30.624955212389377,-29.736105761061946,0.2611242725858407,0.8296268177876108,9.68416357522124,-5.5350804513274315e-05,-0.0034927599447787602,-0.00118039174619469,-0.08545089974603819,-0.026942022144536865,-0.4105190835167876,1003.0829929203541,-100.0,-100.0,-62.0,-100.0,-100.0,-100.0,-100.0,-100.0,-100.0,-100.0,-100.0,-100.0,-62.0,-100.0,-100.0,-100.0,-100.0,-100.0,-100.0,-100.0,-100.0,-100.0,-100.0,-100.0,-100.0,-100.0,-100.0,-100.0,-100.0,-100.0,-100.0,-100.0,-100.0,-100.0,-100.0,-100.0,-100.0,-100.0,-100.0,-100.0,-100.0,-100.0,-100.0,-100.0,-100.0,-100.0,-100.0,-100.0,-100.0,-100.0,-100.0,-100.0,-100.0,-100.0,-100.0,-100.0,-100.0,-100.0,-100.0,-100.0,-100.0,-100.0,-100.0,-100.0,-100.0,-100.0,-100.0,-100.0,-100.0,-100.0,-100.0,-100.0,-100.0,-100.0,-100.0,-100.0,-100.0,-100.0,-100.0,-100.0,-100.0,-100.0,-100.0,-100.0,-100.0,-100.0,-76.0,-75.0,-100.0,-100.0,-100.0,-100.0,-100.0,-100.0,-100.0,-100.0,-60.0,-62.0,-62.0,-100.0,-87.0,-89.0,-100.0,-100.0,-80.0,-100.0,-100.0,-78.0,-100.0,-100.0,-79.0,-71.0,-100.0,-71.0,-100.0,-100.0,-78.0,-100.0,-89.0,-90.0,-86.0
