Timestamp,True_X,True_Y,Mean_Mag_x,Mean_Mag_y,Mean_Mag_z,Mean_Acc_x,Mean_Acc_y,Mean_Acc_z,Mean_Gyro_x,Mean_Gyro_y,Mean_Gyro_z,Mean_Orn_x,Mean_Orn_y,Mean_Orn_z,Mean_Pressure,00:1a:ia:ct:de:06,00:1a:ia:ct:de:09,00:1a:ia:ct:de:10,00:1a:ia:ct:de:16,00:1a:ia:ct:de:17,00:1a:ia:ct:de:18,00:1a:ia:ct:de:19,00:1a:ia:ct:de:23,00:1a:ia:ct:de:24,00:1a:ia:ct:de:29,00:1a:ia:ct:de:30,00:1a:ia:ct:de:31,00:1a:ia:ct:de:32,00:1a:ia:ct:de:36,00:1a:ia:ct:de:39,00:1a:ia:ct:de:40,00:1a:ia:ct:de:44,00:1a:ia:ct:de:46,00:1a:ia:ct:de:47,00:1a:ia:ct:de:62,00:1a:ia:ct:de:63,00:1a:ia:ct:de:64,00:1a:ia:ct:de:65,00:1a:ia:ct:de:66,00:1a:ia:ct:de:67,00:1a:ia:ct:de:68,00:1a:ia:ct:de:69,00:1a:ia:ct:de:70,00:1a:ia:ct:de:71,00:1a:ia:ct:de:72,00:1a:ia:ct:de:74,00:1a:ia:ct:de:75,00:1a:ia:ct:de:76,00:1a:ia:ct:de:77,00:1a:ia:ct:de:78,00:1a:ia:ct:de:79,00:1a:ia:ct:de:80,00:1a:ia:ct:de:81,00:1a:ia:ct:de:82,00:1a:ia:ct:de:83,00:1a:ia:ct:de:84,00:1a:ia:ct:de:85,00:1a:ia:ct:de:86,00:1a:ia:ct:de:87,00:1a:ia:ct:de:89,00:1a:ia:ct:de:90,00:1a:ia:ct:de:91,00:1a:ia:ct:de:92,00:1a:ia:ct:de:93,00:1a:ia:ct:de:94,00:1a:ia:ct:de:95,00:1a:ia:ct:de:96,00:1a:ia:ct:de:97,00:1a:ia:ct:de:98,00:1a:ia:ct:de:99,00:1a:ia:ct:df:01,00:1a:ia:ct:df:02,00:1a:ia:ct:df:03,00:1a:ia:ct:df:04,00:1a:ia:ct:df:05,00:1a:ia:ct:df:06,00:1a:ia:ct:df:07,00:1a:ia:ct:df:08,00:1a:ia:ct:df:09,00:1a:ia:ct:df:10,00:1a:ia:ct:df:11,00:1a:ia:ct:df:12,00:1a:ia:ct:df:13,00:1a:ia:ct:df:15,00:1a:ia:ct:de:07,94:f6:65:00:06:7c,88:57:1d:0b:2b:53,00:1a:ia:ct:de:58,00:1a:ia:ct:de:59,00:1a:ia:ct:de:35,00:1a:ia:ct:df:14,00:1a:ia:ct:de:57,00:1a:ia:ct:de:73,00:1a:ia:ct:de:88,88:3c:1c:7c:d0:74,00:23:eb:22:cc:77,50:64:2b:74:9e:a9,94:f6:65:40:06:7c,00:1a:ia:ct:de:51,00:1a:ia:ct:de:21,00:1a:ia:ct:de:34,00:1a:ia:ct:de:53,00:1a:ia:ct:de:05,00:1a:ia:ct:de:12,00:1a:ia:ct:de:13,00:1a:ia:ct:de:26,00:1a:ia:ct:de:27,00:1a:ia:ct:de:33,00:1a:ia:ct:de:50,00:1a:ia:ct:de:38,00:1a:ia:ct:df:16,00:1a:ia:ct:df:17,00:1a:ia:ct:de:41,00:1a:ia:ct:de:14,00:1a:ia:ct:de:20,00:1a:ia:ct:de:28,00:1a:ia:ct:de:45,00:1a:ia:ct:de:56,00:1a:ia:ct:de:42,00:1a:ia:ct:de:54,00:1a:ia:ct:de:61
2021.02.12 112946,7.0,18.0,9.852212194690265,-34.44477823893805,-27.491150141592918,-0.20878923938053098,0.46682002221238944,10.005144716814161,0.0011499135019469025,-0.002821500040442478,0.004778761021681416,-0.04663693893338196,0.020828490614256387,-2.868978795752061,1017.9787015044247,-81.0,-85.0,-87.0,-82.0,-84.0,-61.0,-61.0,-86.0,-87.0,-82.0,-84.0,-64.0,-61.0,-88.0,-82.0,-81.0,-90.0,-83.0,-81.0,-84.0,-84.0,-86.0,-72.0,-85.0,-87.0,-58.0,-63.0,-58.0,-64.0,-83.0,-67.0,-80.0,-54.0,-57.0,-83.0,-86.0,-72.0,-86.0,-86.0,-58.0,-63.0,-58.0,-64.0,-83.0,-68.0,-81.0,-54.0,-57.0,-42.0,-41.0,-66.0,-72.0,-61.0,-73.0,-67.0,-76.0,-60.0,-72.0,-43.0,-41.0,-64.0,-73.0,-61.0,-73.0,-67.0,-76.0,-60.0,-72.0,-79.0,-100.0,-100.0,-100.0,-100.0,-100.0,-100.0,-100.0,-100.0,-100.0,-100.0,-100.0,-100.0,-100.0,-100.0,-100.0,-100.0,-100.0,-100.0,-100.0,-100.0,-100.0,-100.0,-100.0,-100.0,-100.0,-100.0,-100.0,-100.0,-100.0,-100.0,-100.0,-100.0,-100.0,-100.0,-100.0,-100.0,-100.0
2021.02.12 112959,7.0,17.0,7.5973682570175445,-33.463157403508774,-25.443683894736843,-0.1476889498824561,0.40345630991228076,10.000927824561405,0.004615087083157895,-0.00041644921675438565,0.005768796914824561,-0.040337619584119064,0.014743635412100898,-2.9229968869895266,1017.9790207017544,-82.0,-81.0,-87.0,-83.0,-100.0,-62.0,-58.0,-80.0,-86.0,-82.0,-100.0,-61.0,-58.0,-89.0,-85.0,-100.0,-100.0,-85.0,-100.0,-80.0,-81.0,-86.0,-100.0,-85.0,-89.0,-57.0,-60.0,-59.0,-65.0,-83.0,-73.0,-79.0,-54.0,-54.0,-81.0,-85.0,-100.0,-86.0,-89.0,-57.0,-61.0,-58.0,-66.0,-84.0,-73.0,-79.0,-55.0,-54.0,-41.0,-43.0,-70.0,-72.0,-63.0,-68.0,-68.0,-75.0,-61.0,-74.0,-41.0,-43.0,-70.0,-71.0,-63.0,-68.0,-68.0,-76.0,-61.0,-74.0,-75.0,-86.0,-90.0,-100.0,-100.0,-100.0,-100.0,-100.0,-100.0,-100.0,-100.0,-100.0,-100.0,-100.0,-100.0,-100.0,-100.0,-100.0,-100.0,-100.0,-100.0,-100.0,-100.0,-100.0,-100.0,-100.0,-100.0,-100.0,-100.0,-100.0,-100.0,-100.0,-100.0,-100.0,-100.0,-100.0,-100.0,-100.0
2021.02.12 113012,7.0,16.0,5.9491070357142855,-30.505178107142857,-21.12749974107143,-0.17210987881964288,0.32440285669642854,9.996075955357144,0.0012880530941071432,-0.000938899895357142,-0.00047228620660714294,-0.03242669227932177,0.017204239724248595,-2.9573528234447752,1017.9779125892858,-79.0,-73.0,-86.0,-75.0,-100.0,-56.0,-60.0,-75.0,-87.0,-75.0,-100.0,-55.0,-60.0,-100.0,-87.0,-100.0,-91.0,-100.0,-100.0,-100.0,-80.0,-91.0,-79.0,-85.0,-100.0,-64.0,-66.0,-59.0,-64.0,-82.0,-70.0,-77.0,-52.0,-62.0,-81.0,-91.0,-79.0,-86.0,-100.0,-64.0,-65.0,-43.0,-64.0,-83.0,-70.0,-78.0,-50.0,-62.0,-42.0,-46.0,-68.0,-74.0,-63.0,-62.0,-71.0,-72.0,-60.0,-74.0,-40.0,-46.0,-68.0,-74.0,-63.0,-63.0,-71.0,-73.0,-59.0,-75.0,-100.0,-82.0,-100.0,-100.0,-100.0,-100.0,-100.0,-100.0,-100.0,-100.0,-100.0,-100.0,-100.0,-100.0,-100.0,-100.0,-100.0,-100.0,-100.0,-100.0,-100.0,-100.0,-100.0,-100.0,-100.0,-100.0,-100.0,-100.0,-100.0,-100.0,-100.0,-100.0,-100.0,-100.0,-100.0,-100.0,-100.0,-100.0
2021.02.12 113026,7.0,15.0,1.7565671292537315,-27.859701059701493,-17.528954985074627,-0.29689007514925375,0.4293435035820896,9.984393917910449,0.002075893405671641,0.00016658396067164164,-0.0035318222464179095,-0.042978991893356376,0.029711053077715276,-2.6747178693315874,1017.9733997761192,-82.0,-75.0,-85.0,-100.0,-100.0,-55.0,-56.0,-71.0,-87.0,-100.0,-100.0,-53.0,-56.0,-100.0,-100.0,-79.0,-92.0,-100.0,-100.0,-100.0,-87.0,-100.0,-71.0,-89.0,-88.0,-66.0,-72.0,-59.0,-69.0,-83.0,-71.0,-76.0,-55.0,-55.0,-100.0,-100.0,-71.0,-88.0,-88.0,-66.0,-72.0,-60.0,-69.0,-84.0,-71.0,-76.0,-51.0,-55.0,-45.0,-52.0,-65.0,-71.0,-64.0,-62.0,-64.0,-72.0,-61.0,-71.0,-45.0,-52.0,-65.0,-70.0,-65.0,-62.0,-71.0,-72.0,-61.0,-71.0,-100.0,-82.0,-100.0,-100.0,-100.0,-100.0,-100.0,-100.0,-100.0,-100.0,-100.0,-100.0,-100.0,-100.0,-100.0,-100.0,-100.0,-100.0,-100.0,-100.0,-100.0,-100.0,-100.0,-100.0,-100.0,-100.0,-100.0,-100.0,-100.0,-100.0,-100.0,-100.0,-100.0,-100.0,-100.0,-100.0,-100.0,-100.0
2021.02.12 113041,7.0,14.0,-1.235575193185841,-23.219468840707968,-19.14530945132743,-0.18094784819646018,0.4245917942035399,9.988596654867257,0.0021445965906194686,-0.001270010703097345,0.00034052760407079683,-0.04248576031882411,0.018087254991492746,3.0704612204458863,1017.972239380531,-85.0,-100.0,-100.0,-85.0,-86.0,-59.0,-59.0,-100.0,-100.0,-100.0,-86.0,-58.0,-59.0,-100.0,-100.0,-100.0,-92.0,-100.0,-85.0,-100.0,-100.0,-100.0,-71.0,-100.0,-100.0,-68.0,-80.0,-65.0,-73.0,-86.0,-77.0,-82.0,-59.0,-60.0,-100.0,-100.0,-71.0,-100.0,-100.0,-67.0,-80.0,-67.0,-73.0,-87.0,-77.0,-81.0,-62.0,-60.0,-38.0,-49.0,-70.0,-71.0,-67.0,-67.0,-68.0,-78.0,-62.0,-73.0,-38.0,-49.0,-69.0,-71.0,-67.0,-67.0,-69.0,-79.0,-62.0,-73.0,-100.0,-81.0,-100.0,-93.0,-100.0,-100.0,-100.0,-100.0,-100.0,-100.0,-100.0,-100.0,-100.0,-100.0,-100.0,-100.0,-100.0,-100.0,-100.0,-100.0,-100.0,-100.0,-100.0,-100.0,-100.0,-100.0,-100.0,-100.0,-100.0,-100.0,-100.0,-100.0,-100.0,-100.0,-100.0,-100.0,-100.0,-100.0
2021.02.12 113053,7.0,13.0,-2.8774789521848745,-17.62386534453782,-21.31865526890756,-0.28047219248739497,0.254014450092437,9.995413214285712,-0.002489429914957983,-0.000157351727394958,0.0015374092293277313,-0.025429516443747892,0.028060859392060534,2.9394912138706495,1017.963597394958,-88.0,-100.0,-100.0,-81.0,-85.0,-58.0,-58.0,-100.0,-100.0,-78.0,-86.0,-59.0,-58.0,-100.0,-100.0,-83.0,-100.0,-100.0,-85.0,-79.0,-100.0,-100.0,-73.0,-90.0,-94.0,-75.0,-81.0,-70.0,-76.0,-87.0,-81.0,-85.0,-56.0,-66.0,-100.0,-100.0,-73.0,-100.0,-100.0,-100.0,-81.0,-69.0,-76.0,-86.0,-81.0,-86.0,-56.0,-66.0,-52.0,-57.0,-72.0,-81.0,-70.0,-77.0,-77.0,-79.0,-66.0,-77.0,-52.0,-57.0,-74.0,-80.0,-70.0,-77.0,-78.0,-82.0,-66.0,-77.0,-88.0,-87.0,-100.0,-100.0,-100.0,-100.0,-100.0,-100.0,-100.0,-100.0,-100.0,-100.0,-100.0,-100.0,-100.0,-100.0,-100.0,-100.0,-100.0,-100.0,-100.0,-100.0,-100.0,-100.0,-100.0,-100.0,-100.0,-100.0,-100.0,-100.0,-100.0,-100.0,-100.0,-100.0,-100.0,-100.0,-100.0,-100.0
2021.02.12 113106,7.0,12.0,0.4658536511382114,-16.087804609756095,-27.27365822764228,-0.3519583956910569,0.4082725198373983,9.989517926829269,5.594628357723615e-05,-0.0008730953995121949,-0.0012573293974796748,-0.040832580710814206,0.03522345078427612,0.9603581331609711,1017.9626332520327,-89.0,-100.0,-100.0,-100.0,-100.0,-58.0,-61.0,-100.0,-100.0,-100.0,-86.0,-58.0,-62.0,-100.0,-100.0,-85.0,-91.0,-100.0,-100.0,-100.0,-100.0,-100.0,-73.0,-87.0,-100.0,-100.0,-78.0,-67.0,-73.0,-100.0,-78.0,-100.0,-61.0,-69.0,-68.0,-100.0,-73.0,-87.0,-100.0,-77.0,-78.0,-67.0,-72.0,-100.0,-79.0,-100.0,-60.0,-69.0,-51.0,-56.0,-71.0,-78.0,-68.0,-81.0,-78.0,-81.0,-63.0,-79.0,-52.0,-56.0,-71.0,-79.0,-68.0,-80.0,-77.0,-82.0,-63.0,-79.0,-100.0,-90.0,-100.0,-100.0,-100.0,-100.0,-100.0,-100.0,-100.0,-100.0,-100.0,-100.0,-100.0,-100.0,-100.0,-100.0,-100.0,-100.0,-100.0,-100.0,-100.0,-100.0,-100.0,-100.0,-100.0,-100.0,-100.0,-100.0,-100.0,-100.0,-100.0,-100.0,-100.0,-100.0,-100.0,-100.0,-100.0,-100.0
2021.02.12 113125,7.0,11.0,1.8152458756557377,-18.984589967213115,-35.7708191557377,-0.28933437299180326,0.32138232967213126,9.998766356557375,-0.00040702653573770474,-0.0029642686569672128,-0.0014408008378688523,-0.03213951993184007,0.028917877995943392,-0.4225558159781284,1017.9604369672132,-89.0,-89.0,-100.0,-100.0,-85.0,-55.0,-58.0,-100.0,-100.0,-79.0,-85.0,-54.0,-58.0,-100.0,-100.0,-100.0,-90.0,-100.0,-85.0,-83.0,-87.0,-100.0,-66.0,-84.0,-100.0,-80.0,-83.0,-62.0,-70.0,-88.0,-75.0,-83.0,-59.0,-68.0,-100.0,-100.0,-66.0,-85.0,-100.0,-81.0,-83.0,-62.0,-70.0,-100.0,-76.0,-83.0,-59.0,-68.0,-56.0,-57.0,-65.0,-74.0,-69.0,-72.0,-72.0,-80.0,-65.0,-76.0,-56.0,-57.0,-65.0,-74.0,-69.0,-72.0,-72.0,-81.0,-65.0,-76.0,-85.0,-100.0,-100.0,-100.0,-100.0,-100.0,-100.0,-100.0,-100.0,-100.0,-100.0,-100.0,-100.0,-100.0,-100.0,-100.0,-100.0,-100.0,-100.0,-100.0,-100.0,-100.0,-100.0,-100.0,-100.0,-100.0,-100.0,-100.0,-100.0,-100.0,-100.0,-100.0,-100.0,-100.0,-100.0,-100.0,-100.0,-100.0
2021.02.12 113141,7.0,10.0,1.6130356918750002,-28.309820999999992,-37.88517805357143,-0.30894696035714286,0.4269291266964285,9.997422674107144,-0.0013081241564285718,-0.0006280131432142861,0.0032038136354464283,-0.042669925140216905,0.03088732855394478,0.4079361472811018,1017.9559951785714,-82.0,-85.0,-100.0,-69.0,-75.0,-55.0,-58.0,-86.0,-100.0,-100.0,-75.0,-55.0,-58.0,-88.0,-100.0,-100.0,-91.0,-100.0,-81.0,-78.0,-83.0,-100.0,-68.0,-84.0,-100.0,-70.0,-76.0,-59.0,-62.0,-81.0,-72.0,-75.0,-59.0,-67.0,-83.0,-100.0,-68.0,-84.0,-100.0,-70.0,-76.0,-59.0,-62.0,-81.0,-72.0,-75.0,-60.0,-67.0,-49.0,-57.0,-67.0,-76.0,-66.0,-69.0,-68.0,-72.0,-62.0,-74.0,-49.0,-59.0,-66.0,-75.0,-66.0,-69.0,-68.0,-72.0,-62.0,-75.0,-80.0,-100.0,-100.0,-100.0,-94.0,-90.0,-100.0,-100.0,-100.0,-100.0,-100.0,-100.0,-100.0,-100.0,-100.0,-100.0,-100.0,-100.0,-100.0,-100.0,-100.0,-100.0,-100.0,-100.0,-100.0,-100.0,-100.0,-100.0,-100.0,-100.0,-100.0,-100.0,-100.0,-100.0,-100.0,-100.0,-100.0,-100.0
2021.02.12 113200,8.0,10.0,22.614260721739132,-5.434956439999998,-37.15721687826086,-0.33134681443478264,0.2909772584347826,10.004924926086955,-0.0016157385387826086,0.001171241205043478,-0.0033987479186086958,-0.029071130469927275,0.033062973750107263,-1.769538834820623,1017.9571687826087,-80.0,-100.0,-100.0,-100.0,-78.0,-58.0,-60.0,-100.0,-100.0,-100.0,-78.0,-58.0,-61.0,-90.0,-100.0,-100.0,-100.0,-100.0,-81.0,-75.0,-100.0,-100.0,-68.0,-81.0,-100.0,-66.0,-75.0,-63.0,-56.0,-77.0,-68.0,-78.0,-62.0,-67.0,-100.0,-100.0,-68.0,-81.0,-100.0,-66.0,-76.0,-62.0,-56.0,-77.0,-68.0,-78.0,-63.0,-67.0,-61.0,-63.0,0.0,-70.0,-60.0,-66.0,-66.0,-74.0,-59.0,-73.0,-61.0,-63.0,0.0,-70.0,-61.0,-66.0,-65.0,-74.0,-59.0,-74.0,-76.0,-77.0,-100.0,-100.0,-100.0,-100.0,-100.0,-100.0,-100.0,-100.0,-100.0,-100.0,-100.0,-100.0,-100.0,-100.0,-100.0,-100.0,-100.0,-100.0,-100.0,-100.0,-100.0,-100.0,-100.0,-100.0,-100.0,-100.0,-100.0,-100.0,-100.0,-100.0,-100.0,-100.0,-100.0,-100.0,-100.0,-100.0
2021.02.12 113214,9.0,10.0,21.080526114035084,-3.978947297368421,-33.71894686842106,-0.32482328248245607,0.35269348221052627,10.006661469298246,-0.00354049966491228,0.001748371578157895,0.0010908554632456137,-0.03518486404260451,0.03245872144358587,-1.7070809111260532,1017.9539054385964,-87.0,-86.0,-100.0,-67.0,-76.0,-63.0,-60.0,-86.0,-100.0,-66.0,-76.0,-62.0,-60.0,-100.0,-100.0,-83.0,-92.0,-100.0,-78.0,-77.0,-79.0,-100.0,-66.0,-82.0,-88.0,-71.0,-76.0,-57.0,-62.0,-80.0,-68.0,-77.0,-56.0,-67.0,-79.0,-100.0,-66.0,-82.0,-90.0,-71.0,-76.0,-58.0,-62.0,-84.0,-70.0,-77.0,-55.0,-67.0,-51.0,-64.0,-61.0,-69.0,-61.0,-69.0,-61.0,-70.0,-59.0,-70.0,-51.0,-64.0,-60.0,-70.0,-61.0,-69.0,-62.0,-71.0,-58.0,-70.0,-80.0,-80.0,-100.0,-100.0,-100.0,-100.0,-100.0,-100.0,-100.0,-100.0,-100.0,-100.0,-100.0,-100.0,-100.0,-100.0,-100.0,-100.0,-100.0,-100.0,-100.0,-100.0,-100.0,-100.0,-100.0,-100.0,-100.0,-100.0,-100.0,-100.0,-100.0,-100.0,-100.0,-100.0,-100.0,-100.0,-100.0,-100.0
2021.02.12 113225,10.0,10.0,20.30054034234234,-1.1345945781081077,-33.07675625225226,-0.2978175888198198,0.27827512963423423,9.987512391891892,-0.0017357102093693694,-0.001592415761081081,-0.002956235613963964,-0.027856097536723648,0.02979023746206412,-1.5789429668907646,1017.9512657657659,-84.0,-85.0,-100.0,-61.0,-78.0,-63.0,-62.0,-100.0,-100.0,-61.0,-78.0,-62.0,-62.0,-89.0,-100.0,-80.0,-100.0,-100.0,-82.0,-80.0,-84.0,-100.0,-71.0,-81.0,-87.0,-68.0,-75.0,-53.0,-62.0,-86.0,-69.0,-73.0,-50.0,-71.0,-100.0,-100.0,-70.0,-82.0,-87.0,-70.0,-76.0,-52.0,-62.0,-85.0,-69.0,-73.0,-49.0,-71.0,-58.0,-63.0,-60.0,-71.0,-62.0,-66.0,-63.0,-61.0,-56.0,-63.0,-57.0,-62.0,-60.0,-71.0,-63.0,-66.0,-65.0,-61.0,-57.0,-62.0,-80.0,-83.0,-100.0,-100.0,-100.0,-100.0,-86.0,-100.0,-100.0,-100.0,-100.0,-100.0,-100.0,-100.0,-100.0,-100.0,-100.0,-100.0,-100.0,-100.0,-100.0,-100.0,-100.0,-100.0,-100.0,-100.0,-100.0,-100.0,-100.0,-100.0,-100.0,-100.0,-100.0,-100.0,-100.0,-100.0,-100.0,-100.0
2021.02.12 113236,11.0,10.0,19.064736578947368,0.6321052492982456,-34.873683640350876,-0.23518499298245613,0.3238571724561403,10.002314057017543,-0.00440321306368421,0.0015447497092982456,0.0018410407314035087,-0.032383727481621355,0.023473791253197443,-1.470794099464751,1017.949836754386,-83.0,-80.0,-100.0,-64.0,-68.0,-61.0,-69.0,-79.0,-100.0,-100.0,-69.0,-60.0,-70.0,-91.0,-100.0,-83.0,-100.0,-100.0,-80.0,-100.0,-81.0,-100.0,-64.0,-79.0,-100.0,-71.0,-73.0,-53.0,-60.0,-80.0,-64.0,-71.0,-53.0,-63.0,-83.0,-92.0,-64.0,-80.0,-100.0,-72.0,-72.0,-53.0,-60.0,-67.0,-65.0,-71.0,-53.0,-63.0,-59.0,-64.0,-64.0,-67.0,-63.0,-71.0,-58.0,-66.0,-58.0,-62.0,-59.0,-64.0,-64.0,-69.0,-63.0,-71.0,-58.0,-66.0,-59.0,-63.0,-100.0,-68.0,-100.0,-100.0,-100.0,-100.0,-85.0,-100.0,-100.0,-100.0,-100.0,-100.0,-100.0,-100.0,-100.0,-100.0,-100.0,-100.0,-100.0,-100.0,-100.0,-100.0,-100.0,-100.0,-100.0,-100.0,-100.0,-100.0,-100.0,-100.0,-100.0,-100.0,-100.0,-100.0,-100.0,-100.0,-100.0,-100.0
2021.02.12 113249,12.0,10.0,19.551281871794867,0.5174358852991453,-34.9010251025641,-0.1997684675384615,0.286044216148718,10.000619850427352,0.000991664118974359,0.0017173197007692305,-0.004060280231623931,-0.028602761697545446,0.019967828936970335,-1.4874068702388012,1017.9456178632478,-78.0,-86.0,-100.0,-66.0,-76.0,-66.0,-69.0,-86.0,-100.0,-66.0,-76.0,-66.0,-69.0,-90.0,-100.0,-100.0,-100.0,-100.0,-100.0,-74.0,-78.0,-100.0,-68.0,-80.0,-86.0,-62.0,-75.0,-56.0,-62.0,-79.0,-66.0,-67.0,-51.0,-63.0,-79.0,-100.0,-68.0,-81.0,-85.0,-62.0,-75.0,-56.0,-62.0,-81.0,-66.0,-68.0,-52.0,-63.0,-51.0,-55.0,-59.0,-68.0,-56.0,-63.0,-62.0,-69.0,-51.0,-64.0,-50.0,-56.0,-59.0,-69.0,-56.0,-63.0,-62.0,-69.0,-51.0,-64.0,-78.0,-86.0,-100.0,-100.0,-100.0,-100.0,-86.0,-100.0,-100.0,-100.0,-100.0,-100.0,-100.0,-100.0,-100.0,-100.0,-100.0,-100.0,-100.0,-100.0,-100.0,-100.0,-100.0,-100.0,-100.0,-100.0,-100.0,-100.0,-100.0,-100.0,-100.0,-100.0,-100.0,-100.0,-100.0,-100.0,-100.0,-100.0
2021.02.12 113319,13.0,11.0,-7.17443465826087,14.797564995652172,-32.39113,-0.1975172621026087,0.37365260888695656,10.00665294347826,-0.0006011710179130434,-0.0013465858595652172,0.0023858803715652178,-0.037335985093175025,0.019744509406661087,0.45229245968486953,1017.9456013043479,-85.0,-81.0,-86.0,-66.0,-76.0,-66.0,-65.0,-77.0,-88.0,-100.0,-76.0,-63.0,-66.0,-84.0,-100.0,-84.0,-100.0,-100.0,-100.0,-70.0,-75.0,-88.0,-67.0,-77.0,-85.0,-63.0,-72.0,-50.0,-58.0,-82.0,-67.0,-67.0,-42.0,-49.0,-76.0,-89.0,-67.0,-77.0,-88.0,-63.0,-72.0,-50.0,-58.0,-81.0,-67.0,-67.0,-42.0,-49.0,-44.0,-52.0,-57.0,-66.0,-61.0,-54.0,-66.0,-70.0,-59.0,-63.0,-44.0,-53.0,-57.0,-65.0,-61.0,-54.0,-66.0,-70.0,-59.0,-63.0,-100.0,-79.0,-100.0,-100.0,-100.0,-80.0,-80.0,-100.0,-100.0,-100.0,-100.0,-100.0,-100.0,-100.0,-100.0,-100.0,-100.0,-100.0,-100.0,-100.0,-100.0,-100.0,-100.0,-100.0,-100.0,-100.0,-100.0,-100.0,-100.0,-100.0,-100.0,-100.0,-100.0,-100.0,-100.0,-100.0,-100.0,-100.0
2021.02.12 113331,13.0,12.0,-12.032307495726496,20.736922777777778,-31.33333290598291,-0.19948197172649573,0.3206486481965812,9.995974542735043,0.0021194153492307697,-0.0006687094942735045,-0.0006822478774358975,-0.03207380637430987,0.019971612136428892,0.5258010778671656,1017.9391282905985,-88.0,-83.0,-100.0,-100.0,-79.0,-62.0,-67.0,-83.0,-100.0,-81.0,-79.0,-64.0,-67.0,-84.0,-84.0,-100.0,-100.0,-84.0,-77.0,-72.0,-100.0,-100.0,-60.0,-76.0,-100.0,-64.0,-74.0,-54.0,-58.0,-83.0,-58.0,-70.0,-44.0,-53.0,-82.0,-100.0,-60.0,-76.0,-100.0,-65.0,-74.0,-53.0,-58.0,-84.0,-58.0,-70.0,-44.0,-53.0,-46.0,-59.0,-60.0,-74.0,-54.0,-58.0,-69.0,-69.0,-58.0,-62.0,-45.0,-58.0,-59.0,-74.0,-53.0,-58.0,-68.0,-69.0,-59.0,-62.0,-78.0,-100.0,-100.0,-100.0,-100.0,-100.0,-100.0,-100.0,-100.0,-100.0,-100.0,-100.0,-100.0,-100.0,-100.0,-100.0,-100.0,-100.0,-100.0,-100.0,-100.0,-100.0,-100.0,-100.0,-100.0,-100.0,-100.0,-100.0,-100.0,-100.0,-100.0,-100.0,-100.0,-100.0,-100.0,-100.0,-100.0,-100.0
2021.02.12 113343,13.0,13.0,-11.853451070796458,18.29309719469026,-30.690264999999993,-0.1676628010159292,0.18649917572743363,10.010462933628318,-0.0023801311824778763,0.0001517379511504422,0.0012919637436283181,-0.018629523731929838,0.016738852104702637,0.5778632240485301,1017.9408658407079,-84.0,-84.0,-100.0,-71.0,-83.0,-100.0,-79.0,-83.0,-100.0,-70.0,-84.0,-65.0,-79.0,-88.0,-100.0,-78.0,-100.0,-100.0,-100.0,-78.0,-83.0,-91.0,-62.0,-78.0,-90.0,-68.0,-72.0,-52.0,-58.0,-87.0,-68.0,-75.0,-43.0,-49.0,-83.0,-91.0,-62.0,-78.0,-90.0,-68.0,-72.0,-52.0,-58.0,-90.0,-68.0,-75.0,-45.0,-49.0,-46.0,-60.0,-63.0,-70.0,-53.0,-56.0,-68.0,-73.0,-59.0,-63.0,-45.0,-60.0,-63.0,-70.0,-53.0,-56.0,-68.0,-73.0,-59.0,-63.0,-75.0,-85.0,-100.0,-100.0,-100.0,-100.0,-80.0,-87.0,-100.0,-100.0,-100.0,-100.0,-100.0,-100.0,-100.0,-100.0,-100.0,-100.0,-100.0,-100.0,-100.0,-100.0,-100.0,-100.0,-100.0,-100.0,-100.0,-100.0,-100.0,-100.0,-100.0,-100.0,-100.0,-100.0,-100.0,-100.0,-100.0,-100.0
2021.02.12 113354,13.0,14.0,-13.139463928571429,17.567142580357142,-34.057499553571425,-0.29278560532142855,0.22085047325892854,9.991479754464288,-0.00032092240857142844,-0.0016915732654464281,-0.0045083600027678574,-0.022080839947843045,0.029281825493464,0.6558775981622083,1017.9384623214286,-89.0,-85.0,-100.0,-78.0,-79.0,-63.0,-75.0,-85.0,-100.0,-78.0,-79.0,-63.0,-75.0,-88.0,-100.0,-89.0,-100.0,-100.0,-80.0,-79.0,-83.0,-100.0,-66.0,-79.0,-91.0,-68.0,-67.0,-53.0,-59.0,-82.0,-66.0,-70.0,-51.0,-60.0,-83.0,-100.0,-66.0,-79.0,-90.0,-68.0,-67.0,-53.0,-59.0,-83.0,-67.0,-70.0,-51.0,-60.0,-40.0,-58.0,-63.0,-67.0,-55.0,-56.0,-69.0,-71.0,-50.0,-66.0,-40.0,-58.0,-62.0,-67.0,-55.0,-56.0,-69.0,-71.0,-50.0,-66.0,-100.0,-89.0,-100.0,-100.0,-100.0,-88.0,-85.0,-84.0,-100.0,-100.0,-100.0,-100.0,-100.0,-100.0,-100.0,-100.0,-100.0,-100.0,-100.0,-100.0,-100.0,-100.0,-100.0,-100.0,-100.0,-100.0,-100.0,-100.0,-100.0,-100.0,-100.0,-100.0,-100.0,-100.0,-100.0,-100.0,-100.0,-100.0
2021.02.12 113408,13.0,15.0,-12.951651882608695,19.65704325217391,-35.20017356521739,-0.2219596836695652,0.14990242225565215,10.0084018,-0.0035651952292173913,0.0006666132906086951,0.002093727349043478,-0.014973482952848779,0.022160481520847413,0.5958212041336557,1017.9398770434782,-88.0,-83.0,-87.0,-100.0,-76.0,-69.0,-76.0,-82.0,-86.0,-77.0,-76.0,-70.0,-76.0,-86.0,-100.0,-81.0,-100.0,-100.0,-81.0,-78.0,-83.0,-100.0,-63.0,-78.0,-87.0,-67.0,-70.0,-60.0,-60.0,-100.0,-63.0,-70.0,-43.0,-54.0,-83.0,-100.0,-61.0,-79.0,-87.0,-67.0,-70.0,-61.0,-60.0,-100.0,-63.0,-70.0,-42.0,-54.0,-49.0,-48.0,-63.0,-60.0,-52.0,-62.0,-71.0,-69.0,-61.0,-67.0,-49.0,-48.0,-63.0,-60.0,-52.0,-62.0,-70.0,-69.0,-61.0,-67.0,-76.0,-85.0,-100.0,-100.0,-100.0,-87.0,-83.0,-84.0,-100.0,-100.0,-100.0,-100.0,-100.0,-100.0,-100.0,-100.0,-100.0,-100.0,-100.0,-100.0,-100.0,-100.0,-100.0,-100.0,-100.0,-100.0,-100.0,-100.0,-100.0,-100.0,-100.0,-100.0,-100.0,-100.0,-100.0,-100.0,-100.0,-100.0
2021.02.12 113420,13.0,16.0,-10.943305545454546,18.639669223140498,-34.063139892561985,-0.3343674019173554,0.12353270724297519,10.003082305785124,-0.0028415078031404947,-0.003742064607933884,-0.004070765393057851,-0.012347725448285168,0.033444340373504834,0.5635029597223298,1017.9411985123967,-78.0,-82.0,-87.0,-100.0,-78.0,-67.0,-76.0,-82.0,-86.0,-100.0,-79.0,-67.0,-76.0,-86.0,-85.0,-82.0,-100.0,-85.0,-75.0,-100.0,-100.0,-91.0,-67.0,-80.0,-83.0,-67.0,-66.0,-51.0,-61.0,-81.0,-67.0,-69.0,-46.0,-57.0,-84.0,-90.0,-67.0,-81.0,-84.0,-62.0,-66.0,-52.0,-61.0,-85.0,-66.0,-69.0,-45.0,-57.0,-37.0,-43.0,0.0,-63.0,-58.0,-57.0,-65.0,-71.0,-54.0,-63.0,-37.0,-43.0,0.0,-63.0,-58.0,-57.0,-66.0,-72.0,-54.0,-63.0,-100.0,-84.0,-100.0,-100.0,-100.0,-87.0,-81.0,-83.0,-100.0,-100.0,-100.0,-100.0,-100.0,-100.0,-100.0,-100.0,-100.0,-100.0,-100.0,-100.0,-100.0,-100.0,-100.0,-100.0,-100.0,-100.0,-100.0,-100.0,-100.0,-100.0,-100.0,-100.0,-100.0,-100.0,-100.0,-100.0,-100.0,-100.0
2021.02.12 113432,13.0,17.0,-11.890768961538464,17.689743418803417,-33.58666603418803,-0.3285067820854701,0.13463191434529914,10.008457508547009,-0.0030755497003418803,-0.0012117008889743592,-0.0016481458437606834,-0.013453891897463596,0.03279429532659164,0.6213217505023011,1017.9400328205131,-78.0,-82.0,-86.0,-100.0,-81.0,-75.0,-76.0,-82.0,-85.0,-100.0,-81.0,-75.0,-76.0,-88.0,-100.0,-100.0,-100.0,-100.0,-80.0,-77.0,-100.0,-100.0,-69.0,-82.0,-86.0,-62.0,-67.0,-51.0,-61.0,-81.0,-63.0,-70.0,-52.0,-61.0,-100.0,-100.0,-67.0,-81.0,-88.0,-63.0,-67.0,-51.0,-61.0,-80.0,-63.0,-70.0,-52.0,-61.0,-42.0,-42.0,-68.0,-73.0,-58.0,-63.0,-66.0,-69.0,-53.0,-63.0,-42.0,-43.0,-66.0,-73.0,-58.0,-63.0,-73.0,-70.0,-52.0,-63.0,-83.0,-80.0,-100.0,-100.0,-100.0,-100.0,-80.0,-82.0,-100.0,-100.0,-100.0,-100.0,-100.0,-100.0,-100.0,-100.0,-100.0,-100.0,-100.0,-100.0,-100.0,-100.0,-100.0,-100.0,-100.0,-100.0,-100.0,-100.0,-100.0,-100.0,-100.0,-100.0,-100.0,-100.0,-100.0,-100.0,-100.0,-100.0
2021.02.12 113446,13.0,18.0,-11.718499728333333,16.95649975,-35.13249950833333,-0.37077340636666667,0.2757606008,9.996097275000002,-0.0010710504153333329,0.0005017240035000001,-0.0074114245212499996,-0.02758615589506609,0.03706388800249741,0.6260289385914802,1017.940287,-78.0,-79.0,-83.0,-80.0,-78.0,-71.0,-81.0,-78.0,-83.0,-80.0,-78.0,-71.0,-81.0,-88.0,-100.0,-100.0,-100.0,-100.0,-83.0,-100.0,-79.0,-89.0,-66.0,-83.0,-89.0,-64.0,-66.0,-58.0,-62.0,-87.0,-67.0,-75.0,-61.0,-68.0,-79.0,-89.0,-66.0,-83.0,-87.0,-64.0,-66.0,-57.0,-62.0,-88.0,-67.0,-76.0,-60.0,-68.0,-35.0,-39.0,-68.0,-73.0,-61.0,-66.0,-73.0,-77.0,-57.0,-63.0,-34.0,-39.0,-67.0,-73.0,-61.0,-66.0,-73.0,-77.0,-57.0,-63.0,-100.0,-83.0,-100.0,-100.0,-100.0,-100.0,-79.0,-85.0,-100.0,-100.0,-100.0,-100.0,-100.0,-100.0,-100.0,-100.0,-100.0,-100.0,-100.0,-100.0,-100.0,-100.0,-100.0,-100.0,-100.0,-100.0,-100.0,-100.0,-100.0,-100.0,-100.0,-100.0,-100.0,-100.0,-100.0,-100.0,-100.0,-100.0
2021.02.12 113503,14.0,18.0,27.41789436842105,5.628420947368421,-38.43684151754387,-0.2390284339385965,0.39131691473684216,10.009223789473687,0.00047835045807017543,0.00137863712622807,0.002837715584824561,-0.039065357493726784,0.02387553550049724,-1.3064006316034418,1017.9422978947366,-86.0,-100.0,-85.0,-77.0,-81.0,-80.0,-80.0,-100.0,-86.0,-75.0,-83.0,-79.0,-79.0,-100.0,-100.0,-100.0,-100.0,-100.0,-82.0,-80.0,-80.0,-86.0,-66.0,-83.0,-85.0,-63.0,-69.0,-58.0,-65.0,-85.0,-73.0,-75.0,-59.0,-62.0,-80.0,-87.0,-68.0,-83.0,-84.0,-63.0,-69.0,-59.0,-65.0,-87.0,-73.0,-75.0,-58.0,-62.0,-45.0,-40.0,-71.0,-76.0,-64.0,-65.0,-78.0,-74.0,-55.0,-60.0,-46.0,-40.0,-71.0,-76.0,-63.0,-65.0,-78.0,-74.0,-54.0,-60.0,-100.0,-100.0,-100.0,-100.0,-100.0,-100.0,-82.0,-79.0,-100.0,-100.0,-100.0,-100.0,-100.0,-100.0,-100.0,-100.0,-100.0,-100.0,-100.0,-100.0,-100.0,-100.0,-100.0,-100.0,-100.0,-100.0,-100.0,-100.0,-100.0,-100.0,-100.0,-100.0,-100.0,-100.0,-100.0,-100.0,-100.0,-100.0
2021.02.12 113515,15.0,18.0,33.851904499999996,2.630476144206348,-34.74380902380952,-0.17027854424603175,0.39370618968253973,10.006871555555554,-0.0003445570533333334,0.0013857816637301583,-0.003618727083253968,-0.0393328074927604,0.017067191634504514,-1.44971578934836,1017.9396460317461,-87.0,-68.0,-80.0,-100.0,-82.0,-71.0,-77.0,-70.0,-81.0,-75.0,-82.0,-70.0,-79.0,-84.0,-100.0,-89.0,-100.0,-100.0,-100.0,-81.0,-79.0,-87.0,-63.0,-70.0,-86.0,-56.0,-72.0,-55.0,-57.0,-86.0,-69.0,-75.0,-58.0,-66.0,-100.0,-86.0,-62.0,-71.0,-86.0,-56.0,-72.0,-54.0,-58.0,-88.0,-68.0,-75.0,-57.0,-66.0,-46.0,-50.0,-67.0,-69.0,-60.0,-68.0,-69.0,-73.0,-58.0,-64.0,-46.0,-50.0,-67.0,-69.0,-61.0,-68.0,-72.0,-74.0,-59.0,-64.0,-73.0,-91.0,-100.0,-100.0,-100.0,-100.0,-72.0,-81.0,-100.0,-100.0,-100.0,-100.0,-100.0,-100.0,-100.0,-100.0,-100.0,-100.0,-100.0,-100.0,-100.0,-100.0,-100.0,-100.0,-100.0,-100.0,-100.0,-100.0,-100.0,-100.0,-100.0,-100.0,-100.0,-100.0,-100.0,-100.0,-100.0,-100.0
2021.02.12 113527,16.0,18.0,33.290768675213684,3.3810256008547004,-33.17128165811965,-0.19661702795726496,0.34526670524786324,9.998389303418802,-0.0011176484109401718,-0.0032949079335897434,-0.00047340485461538445,-0.03451273370331197,0.019669485529168248,-1.431695818901062,1017.94017982906,-86.0,-74.0,-79.0,-72.0,-78.0,-70.0,-79.0,-75.0,-80.0,-72.0,-79.0,-71.0,-79.0,-83.0,-100.0,-86.0,-100.0,-100.0,-74.0,-79.0,-78.0,-82.0,-61.0,-76.0,-100.0,-65.0,-70.0,-58.0,-57.0,-81.0,-67.0,-71.0,-52.0,-66.0,-78.0,-83.0,-60.0,-76.0,-88.0,-65.0,-70.0,-58.0,-57.0,-81.0,-67.0,-72.0,-51.0,-66.0,-44.0,-51.0,-63.0,-67.0,-61.0,-64.0,-68.0,-70.0,-63.0,-69.0,-44.0,-51.0,-63.0,-67.0,-61.0,-65.0,-68.0,-70.0,-63.0,-69.0,-71.0,-83.0,-100.0,-100.0,-100.0,-100.0,-74.0,-82.0,-90.0,-100.0,-100.0,-100.0,-100.0,-100.0,-100.0,-100.0,-100.0,-100.0,-100.0,-100.0,-100.0,-100.0,-100.0,-100.0,-100.0,-100.0,-100.0,-100.0,-100.0,-100.0,-100.0,-100.0,-100.0,-100.0,-100.0,-100.0,-100.0,-100.0
2021.02.12 113539,17.0,18.0,29.13099959166666,7.6704998233333335,-33.84999965,-0.17053222264166668,0.20764348199166663,9.999968112500001,0.00021685714833333443,-0.0016261232589999998,-0.0021885265766666668,-0.020761831611162008,0.01702561715598368,-1.2842918733755748,1017.9426011666667,-87.0,-69.0,-78.0,-72.0,-78.0,-75.0,-79.0,-70.0,-75.0,-72.0,-78.0,-75.0,-79.0,-83.0,-100.0,-88.0,-100.0,-100.0,-74.0,-80.0,-100.0,-83.0,-63.0,-72.0,-87.0,-62.0,-71.0,-55.0,-61.0,-85.0,-66.0,-75.0,-51.0,-62.0,-100.0,-84.0,-63.0,-72.0,-100.0,-62.0,-71.0,-55.0,-62.0,-84.0,-66.0,-75.0,-51.0,-62.0,-47.0,-57.0,-64.0,-68.0,-64.0,-64.0,-71.0,-74.0,-57.0,-69.0,-47.0,-57.0,-64.0,-68.0,-65.0,-64.0,-70.0,-74.0,-55.0,-69.0,-100.0,-84.0,-100.0,-100.0,-100.0,-84.0,-77.0,-81.0,-100.0,-100.0,-100.0,-100.0,-100.0,-100.0,-100.0,-100.0,-100.0,-100.0,-100.0,-100.0,-100.0,-100.0,-100.0,-100.0,-100.0,-100.0,-100.0,-100.0,-100.0,-100.0,-100.0,-100.0,-100.0,-100.0,-100.0,-100.0,-100.0,-100.0
2021.02.12 113554,18.0,18.0,28.98208653913043,9.474260594782608,-34.76712999130435,-0.23039169560000003,0.2232713308173913,10.011857891304349,-0.0013395211784347823,0.0005656878591304349,-0.0030959712736521733,-0.022299879752909313,0.02299441103418556,-1.2200883772062219,1017.9363950434782,-87.0,-66.0,-73.0,-63.0,-77.0,-76.0,-79.0,-65.0,-73.0,-63.0,-76.0,-76.0,-79.0,-83.0,-100.0,-100.0,-100.0,-100.0,-73.0,-78.0,-82.0,-76.0,-67.0,-72.0,-86.0,-65.0,-66.0,-53.0,-62.0,-81.0,-74.0,-75.0,-59.0,-63.0,-79.0,-77.0,-67.0,-72.0,-85.0,-64.0,-67.0,-53.0,-62.0,-81.0,-72.0,-75.0,-59.0,-63.0,-46.0,-52.0,-65.0,-70.0,-65.0,-65.0,-66.0,-72.0,-59.0,-66.0,-46.0,-52.0,-65.0,-69.0,-65.0,-65.0,-67.0,-72.0,-59.0,-67.0,-76.0,-90.0,-100.0,-100.0,-100.0,-100.0,-71.0,-81.0,-100.0,-86.0,-87.0,-91.0,-100.0,-100.0,-100.0,-100.0,-100.0,-100.0,-100.0,-100.0,-100.0,-100.0,-100.0,-100.0,-100.0,-100.0,-100.0,-100.0,-100.0,-100.0,-100.0,-100.0,-100.0,-100.0,-100.0,-100.0,-100.0,-100.0
2021.02.12 113610,19.0,18.0,30.836999583333334,5.9624999249999995,-35.02499952499999,-0.44968471191666665,0.15925917856833335,10.009445412500002,-0.0019211711133333338,0.0012653056550833335,-0.0016234762042499997,-0.01589942246913168,0.044902133460467016,-1.3495541999737422,1017.9389652499999,-87.0,-64.0,-77.0,-71.0,-67.0,-75.0,-80.0,-65.0,-76.0,-72.0,-67.0,-74.0,-79.0,-81.0,-85.0,-83.0,-100.0,-84.0,-77.0,-100.0,-77.0,-82.0,-69.0,-72.0,-81.0,-67.0,-70.0,-55.0,-63.0,-82.0,-73.0,-77.0,-55.0,-65.0,-75.0,-82.0,-68.0,-72.0,-82.0,-67.0,-70.0,-55.0,-63.0,-81.0,-73.0,-78.0,-55.0,-65.0,-51.0,-58.0,-64.0,-68.0,-60.0,-65.0,-69.0,-76.0,-59.0,-75.0,-52.0,-58.0,-64.0,-69.0,-60.0,-65.0,-68.0,-76.0,-60.0,-75.0,-100.0,-100.0,-100.0,-100.0,-100.0,-100.0,-67.0,-80.0,-100.0,-100.0,-100.0,-100.0,-92.0,-100.0,-100.0,-100.0,-100.0,-100.0,-100.0,-100.0,-100.0,-100.0,-100.0,-100.0,-100.0,-100.0,-100.0,-100.0,-100.0,-100.0,-100.0,-100.0,-100.0,-100.0,-100.0,-100.0,-100.0,-100.0
2021.02.12 113624,20.0,18.0,28.660526017543855,1.7063157605263155,-36.58999943859649,-0.39965487166666663,0.2534150859333333,9.999478692982457,0.004931236436491229,-0.001600670551754386,-0.0026654299725438597,-0.025331713218883195,0.03988143877256985,-1.4725886886579949,1017.9340958771932,-89.0,-66.0,-73.0,-74.0,-67.0,-100.0,-83.0,-67.0,-73.0,-74.0,-67.0,-72.0,-82.0,-83.0,-100.0,-87.0,-100.0,-100.0,-76.0,-81.0,-75.0,-83.0,-65.0,-75.0,-87.0,-58.0,-69.0,-55.0,-64.0,-78.0,-71.0,-73.0,-56.0,-68.0,-75.0,-82.0,-66.0,-75.0,-87.0,-58.0,-70.0,-55.0,-64.0,-80.0,-71.0,-73.0,-57.0,-68.0,-51.0,-56.0,-64.0,-69.0,-62.0,-67.0,-70.0,-76.0,-60.0,-65.0,-50.0,-56.0,-50.0,-69.0,-61.0,-67.0,-70.0,-75.0,-61.0,-65.0,-100.0,-87.0,-100.0,-100.0,-100.0,-100.0,-76.0,-78.0,-100.0,-100.0,-100.0,-89.0,-100.0,-100.0,-100.0,-100.0,-100.0,-100.0,-100.0,-100.0,-100.0,-100.0,-100.0,-100.0,-100.0,-100.0,-100.0,-100.0,-100.0,-100.0,-100.0,-100.0,-100.0,-100.0,-100.0,-100.0,-100.0,-100.0
2021.02.12 113638,21.0,18.0,28.46421012280702,-1.4878947040350878,-34.93421002631579,-0.3839450670175439,0.2260909501894737,10.002419057017542,-0.0032136333145614034,-0.001123767013859649,-0.0049695710726315795,-0.022579216068838226,0.038334777660406424,-1.594454965047669,1017.9377370175438,-91.0,-65.0,-71.0,-100.0,-69.0,-78.0,-80.0,-64.0,-70.0,-65.0,-70.0,-76.0,-79.0,-80.0,-100.0,-89.0,-100.0,-100.0,-78.0,-81.0,-100.0,-81.0,-70.0,-79.0,-86.0,-67.0,-71.0,-44.0,-67.0,-85.0,-73.0,-74.0,-61.0,-69.0,-100.0,-81.0,-71.0,-79.0,-85.0,-67.0,-71.0,-58.0,-67.0,-86.0,-73.0,-74.0,-62.0,-69.0,-47.0,-57.0,-65.0,-71.0,-66.0,-67.0,-70.0,-72.0,-61.0,-70.0,-47.0,-58.0,-65.0,-71.0,-66.0,-67.0,-69.0,-72.0,-61.0,-70.0,-69.0,-88.0,-100.0,-100.0,-100.0,-100.0,-71.0,-79.0,-100.0,-100.0,-100.0,-87.0,-100.0,-100.0,-100.0,-100.0,-100.0,-100.0,-100.0,-100.0,-100.0,-100.0,-100.0,-100.0,-100.0,-100.0,-100.0,-100.0,-100.0,-100.0,-100.0,-100.0,-100.0,-100.0,-100.0,-100.0,-100.0,-100.0
2021.02.12 113654,22.0,18.0,29.410475865079363,-2.119999960873016,-32.55666621428571,-0.4411356320634921,0.3753690838095239,10.00012584920635,-0.002846195748412698,-0.0005049914755555553,-0.00585371796190476,-0.037488357422666374,0.04406520138893805,-1.599983909773448,1017.9345512698416,-89.0,-75.0,-72.0,-67.0,-74.0,-76.0,-100.0,-76.0,-71.0,-67.0,-74.0,-75.0,-85.0,-76.0,-100.0,-100.0,-100.0,-100.0,-77.0,-82.0,-76.0,-84.0,-62.0,-77.0,-81.0,-69.0,-69.0,-58.0,-61.0,-80.0,-68.0,-73.0,-59.0,-68.0,-77.0,-85.0,-61.0,-77.0,-82.0,-69.0,-69.0,-58.0,-61.0,-80.0,-68.0,-74.0,-58.0,-68.0,-46.0,-61.0,-66.0,-68.0,-64.0,-66.0,-73.0,-73.0,-57.0,-67.0,-47.0,-62.0,-67.0,-68.0,-63.0,-66.0,-64.0,-73.0,-57.0,-67.0,-73.0,-100.0,-100.0,-100.0,-100.0,-83.0,-72.0,-75.0,-100.0,-100.0,-100.0,-100.0,-89.0,-100.0,-100.0,-100.0,-100.0,-100.0,-100.0,-100.0,-100.0,-100.0,-100.0,-100.0,-100.0,-100.0,-100.0,-100.0,-100.0,-100.0,-100.0,-100.0,-100.0,-100.0,-100.0,-100.0,-100.0,-100.0
2021.02.12 113715,22.0,17.0,2.900347787826087,-30.38086924347826,-29.54713010434783,-0.3802732990886956,0.1332674181652174,10.011608039130435,0.004832873738260869,-0.0012987795368695652,0.0012756991408695653,-0.01332681424227418,0.03792028831540724,-2.8645975361699643,1017.931870869565,-86.0,-65.0,-72.0,-74.0,-68.0,-76.0,-87.0,-66.0,-72.0,-72.0,-68.0,-75.0,-86.0,-80.0,-100.0,-85.0,-100.0,-100.0,-71.0,-82.0,-75.0,-83.0,-66.0,-75.0,-89.0,-60.0,-72.0,-58.0,-62.0,-82.0,-76.0,-72.0,-59.0,-70.0,-75.0,-85.0,-66.0,-75.0,-89.0,-60.0,-72.0,-58.0,-62.0,-82.0,-76.0,-72.0,-47.0,-70.0,-53.0,-67.0,-66.0,-71.0,-66.0,-69.0,-67.0,-70.0,-60.0,-70.0,-53.0,-66.0,-66.0,-71.0,-68.0,-69.0,-70.0,-71.0,-60.0,-70.0,-73.0,-81.0,-100.0,-100.0,-100.0,-93.0,-71.0,-78.0,-90.0,-100.0,-100.0,-88.0,-90.0,-100.0,-100.0,-100.0,-100.0,-100.0,-100.0,-100.0,-100.0,-100.0,-100.0,-100.0,-100.0,-100.0,-100.0,-100.0,-100.0,-100.0,-100.0,-100.0,-100.0,-100.0,-100.0,-100.0,-100.0,-100.0
2021.02.12 113737,22.0,16.0,4.137272657272727,-29.403817836363636,-30.84490861818182,-0.3844770036181818,0.07415722046727273,9.999645204545454,0.0034433364072727277,-0.0007528638146363648,-0.000709492345727273,-0.007416207770637043,0.03845281564122569,-2.9842357592149216,1017.9304729090908,-81.0,-70.0,-73.0,-62.0,-74.0,-72.0,-100.0,-69.0,-72.0,-63.0,-74.0,-72.0,-100.0,-83.0,-85.0,-86.0,-100.0,-84.0,-73.0,-76.0,-68.0,-85.0,-64.0,-75.0,-84.0,-59.0,-66.0,-56.0,-59.0,-76.0,-67.0,-74.0,-54.0,-62.0,-68.0,-84.0,-64.0,-75.0,-84.0,-60.0,-66.0,-56.0,-59.0,-77.0,-67.0,-73.0,-54.0,-62.0,-45.0,-56.0,-59.0,-65.0,-57.0,-67.0,-69.0,-69.0,-58.0,-69.0,-45.0,-56.0,-59.0,-65.0,-57.0,-67.0,-69.0,-69.0,-57.0,-69.0,-70.0,-84.0,-100.0,-100.0,-100.0,-86.0,-73.0,-75.0,-91.0,-100.0,-100.0,-100.0,-92.0,-100.0,-100.0,-100.0,-100.0,-100.0,-100.0,-100.0,-100.0,-100.0,-100.0,-100.0,-100.0,-100.0,-100.0,-100.0,-100.0,-100.0,-100.0,-100.0,-100.0,-100.0,-100.0,-100.0,-100.0,-100.0
2021.02.12 113749,22.0,15.0,2.4164601406194692,-27.47097317699115,-28.446902150442476,-0.2894106164955752,0.13348611720530973,10.014912522123893,0.003977192229026549,-0.0007780746688495577,-5.449241150442089e-06,-0.013315816405764958,0.028816392486585265,-2.4725890180705923,1017.9242706194689,-76.0,-69.0,-100.0,-64.0,-72.0,-74.0,-76.0,-69.0,-100.0,-64.0,-72.0,-74.0,-76.0,-80.0,-86.0,-84.0,-100.0,-85.0,-71.0,-76.0,-100.0,-82.0,-66.0,-76.0,-85.0,-60.0,-67.0,-55.0,-59.0,-74.0,-67.0,-71.0,-58.0,-62.0,-100.0,-82.0,-66.0,-76.0,-85.0,-60.0,-67.0,-54.0,-59.0,-77.0,-67.0,-71.0,-58.0,-62.0,-47.0,-59.0,-57.0,-59.0,-59.0,-65.0,-63.0,-68.0,-58.0,-67.0,-47.0,-59.0,-57.0,-59.0,-58.0,-65.0,-63.0,-68.0,-57.0,-67.0,-69.0,-80.0,-100.0,-100.0,-100.0,-85.0,-71.0,-77.0,-100.0,-100.0,-100.0,-100.0,-100.0,-100.0,-100.0,-100.0,-100.0,-100.0,-100.0,-100.0,-100.0,-100.0,-100.0,-100.0,-100.0,-100.0,-100.0,-100.0,-100.0,-100.0,-100.0,-100.0,-100.0,-100.0,-100.0,-100.0,-100.0,-100.0
2021.02.12 113803,22.0,14.0,2.8904347382608693,-25.060695356521737,-28.281912608695652,-0.34783608024347834,0.12879116456695655,10.005507921739131,-0.0004205674330434781,-0.0027117369590434785,-0.0024319872983478265,-0.0128898415236849,0.034741545531331804,-3.0664997556935187,1017.9213256521739,-73.0,-67.0,-75.0,-100.0,-63.0,-77.0,-74.0,-67.0,-72.0,-59.0,-65.0,-76.0,-74.0,-81.0,-84.0,-82.0,-100.0,-85.0,-73.0,-75.0,-72.0,-80.0,-60.0,-73.0,-87.0,-62.0,-64.0,-52.0,-57.0,-77.0,-73.0,-70.0,-48.0,-56.0,-75.0,-80.0,-60.0,-73.0,-86.0,-62.0,-65.0,-52.0,-57.0,-72.0,-72.0,-71.0,-49.0,-56.0,-53.0,-61.0,-56.0,-59.0,-60.0,-60.0,-62.0,-64.0,-59.0,-68.0,-53.0,-61.0,-56.0,-59.0,-59.0,-60.0,-62.0,-65.0,-58.0,-68.0,-69.0,-75.0,-100.0,-100.0,-100.0,-83.0,-72.0,-83.0,-100.0,-84.0,-84.0,-100.0,-100.0,-88.0,-100.0,-100.0,-100.0,-100.0,-100.0,-100.0,-100.0,-100.0,-100.0,-100.0,-100.0,-100.0,-100.0,-100.0,-100.0,-100.0,-100.0,-100.0,-100.0,-100.0,-100.0,-100.0,-100.0,-100.0
2021.02.12 113817,22.0,13.0,2.908421010526316,-22.996841824561404,-30.678420675438595,-0.2069577536350877,0.08081727558421054,10.021531175438597,-0.00354585827491228,-0.0007379571724561404,-0.00549470077631579,-0.008070193173791639,0.020611371509546957,-3.043916788017541,1017.9258288596491,-72.0,-66.0,-80.0,-64.0,-68.0,-75.0,-75.0,-65.0,-80.0,-63.0,-68.0,-74.0,-75.0,-84.0,-85.0,-76.0,-100.0,-84.0,-74.0,-77.0,-100.0,-80.0,-67.0,-75.0,-100.0,-61.0,-66.0,-50.0,-60.0,-77.0,-64.0,-68.0,-50.0,-54.0,-65.0,-80.0,-66.0,-75.0,-100.0,-62.0,-66.0,-50.0,-60.0,-77.0,-64.0,-68.0,-50.0,-55.0,-52.0,-60.0,-53.0,-61.0,-59.0,-60.0,-59.0,-67.0,-56.0,-67.0,-52.0,-60.0,-54.0,-61.0,-59.0,-60.0,-59.0,-67.0,-56.0,-67.0,-72.0,-84.0,-100.0,-100.0,-100.0,-82.0,-72.0,-80.0,-100.0,-86.0,-86.0,-90.0,-100.0,-100.0,-91.0,-100.0,-100.0,-100.0,-100.0,-100.0,-100.0,-100.0,-100.0,-100.0,-100.0,-100.0,-100.0,-100.0,-100.0,-100.0,-100.0,-100.0,-100.0,-100.0,-100.0,-100.0,-100.0,-100.0
2021.02.12 113833,22.0,12.0,3.677355310743802,-23.6523963553719,-34.21388388429752,-0.23922960678512395,0.08148449269752064,10.00692103305785,0.0002683516880991737,-0.0009199681159504124,-0.004272704460082644,-0.008143947474251876,0.023899206406752388,-3.0215728893752924,1017.9203778512396,-73.0,-73.0,-100.0,-65.0,-70.0,-63.0,-78.0,-72.0,-100.0,-65.0,-70.0,-63.0,-78.0,-82.0,-87.0,-100.0,-100.0,-86.0,-76.0,-76.0,-78.0,-83.0,-66.0,-78.0,-81.0,-66.0,-63.0,-52.0,-60.0,-79.0,-64.0,-69.0,-46.0,-52.0,-75.0,-82.0,-66.0,-78.0,-82.0,-64.0,-63.0,-52.0,-60.0,-79.0,-63.0,-69.0,-46.0,-52.0,-48.0,-60.0,-58.0,-59.0,-58.0,-58.0,-62.0,-61.0,-56.0,-64.0,-48.0,-60.0,-57.0,-59.0,-58.0,-58.0,-62.0,-62.0,-57.0,-65.0,-75.0,-100.0,-100.0,-100.0,-100.0,-85.0,-78.0,-81.0,-91.0,-87.0,-100.0,-100.0,-100.0,-100.0,-100.0,-100.0,-100.0,-100.0,-100.0,-100.0,-100.0,-100.0,-100.0,-100.0,-100.0,-100.0,-100.0,-100.0,-100.0,-100.0,-100.0,-100.0,-100.0,-100.0,-100.0,-100.0,-100.0,-100.0
2021.02.12 113846,22.0,11.0,4.867304290434782,-26.353043043478255,-37.117564782608696,-0.26549384822608696,0.22524921079130433,10.009713417391303,0.002564704114086957,0.0027701146830434783,-0.005443818499565218,-0.022496941531805842,0.026485417111088354,-2.991783150382664,1017.9069039999999,-75.0,-65.0,-77.0,-62.0,-62.0,-69.0,-100.0,-65.0,-76.0,-63.0,-62.0,-69.0,-100.0,-85.0,-84.0,-75.0,-100.0,-83.0,-75.0,-100.0,-72.0,-86.0,-68.0,-80.0,-78.0,-65.0,-68.0,-53.0,-63.0,-73.0,-65.0,-71.0,-43.0,-53.0,-73.0,-86.0,-68.0,-80.0,-77.0,-65.0,-68.0,-53.0,-63.0,-72.0,-65.0,-71.0,-42.0,-53.0,-53.0,-62.0,0.0,-57.0,-55.0,-61.0,-61.0,-65.0,-61.0,-67.0,-53.0,-62.0,0.0,-57.0,-55.0,-61.0,-61.0,-65.0,-61.0,-68.0,-74.0,-84.0,-100.0,-100.0,-100.0,-81.0,-76.0,-83.0,-100.0,-85.0,-85.0,-100.0,-100.0,-100.0,-90.0,-100.0,-100.0,-100.0,-100.0,-100.0,-100.0,-100.0,-100.0,-100.0,-100.0,-100.0,-100.0,-100.0,-100.0,-100.0,-100.0,-100.0,-100.0,-100.0,-100.0,-100.0,-100.0,-100.0
2021.02.12 113900,22.0,10.0,5.927368309649122,-27.170525921052633,-40.40368370175438,-0.22625896903508771,0.09591800928421051,10.004687271929827,-0.0024688064305263156,-0.00401733921622807,0.00016384042500000004,-0.009587543728820572,0.02260388056502526,-2.95811440861016,1017.9046920175439,-77.0,-72.0,-80.0,-64.0,-65.0,-71.0,-76.0,-72.0,-80.0,-63.0,-65.0,-71.0,-76.0,-83.0,-84.0,-74.0,-100.0,-83.0,-72.0,-78.0,-72.0,-87.0,-60.0,-82.0,-100.0,-62.0,-72.0,-57.0,-62.0,-81.0,-64.0,-70.0,-46.0,-60.0,-75.0,-87.0,-61.0,-81.0,-100.0,-62.0,-71.0,-57.0,-62.0,-81.0,-64.0,-70.0,-46.0,-60.0,-54.0,-62.0,-56.0,-62.0,-54.0,-61.0,-60.0,-67.0,-57.0,-68.0,-53.0,-63.0,-56.0,-62.0,-54.0,-61.0,-60.0,-67.0,-57.0,-68.0,-72.0,-80.0,-100.0,-100.0,-100.0,-100.0,-81.0,-78.0,-100.0,-100.0,-100.0,-100.0,-100.0,-100.0,-100.0,-90.0,-100.0,-100.0,-100.0,-100.0,-100.0,-100.0,-100.0,-100.0,-100.0,-100.0,-100.0,-100.0,-100.0,-100.0,-100.0,-100.0,-100.0,-100.0,-100.0,-100.0,-100.0,-100.0
2021.02.12 113918,22.0,9.0,6.503999885600001,-29.120159536,-41.921279248,-0.33519847296,0.3109684127808,9.997974472000001,0.0026456571614400003,0.0002083051124800005,-0.0034012978595199996,-0.031119271640028215,0.03350503171980377,-2.9619840259552004,1017.88935592,-79.0,-76.0,-79.0,-63.0,-69.0,-70.0,-74.0,-74.0,-80.0,-62.0,-69.0,-69.0,-74.0,-87.0,-86.0,-80.0,-100.0,-86.0,-100.0,-72.0,-74.0,-88.0,-69.0,-78.0,-85.0,-72.0,-70.0,-57.0,-65.0,-74.0,-64.0,-66.0,-58.0,-60.0,-72.0,-88.0,-100.0,-78.0,-87.0,-72.0,-71.0,-57.0,-65.0,-74.0,-65.0,-66.0,-58.0,-61.0,-55.0,-65.0,-59.0,-58.0,-54.0,-59.0,-59.0,-68.0,-61.0,-68.0,-55.0,-65.0,-59.0,-58.0,-55.0,-59.0,-59.0,-68.0,-61.0,-68.0,-100.0,-85.0,-100.0,-100.0,-100.0,-86.0,-82.0,-83.0,-90.0,-100.0,-100.0,-91.0,-100.0,-90.0,-100.0,-100.0,-100.0,-100.0,-100.0,-100.0,-100.0,-100.0,-100.0,-100.0,-100.0,-100.0,-100.0,-100.0,-100.0,-100.0,-100.0,-100.0,-100.0,-100.0,-100.0,-100.0,-100.0,-100.0
2021.02.12 113941,23.0,9.0,24.30930996551724,2.332241341379311,-41.660689250000004,-0.24533060576551727,0.1718717781672414,10.014405237068964,-0.002999664330172413,-0.0010494877201724139,-0.0010071695025862064,-0.017183407086940623,0.02451296377945125,-1.4391642038164467,1017.8879698275861,-84.0,-77.0,-80.0,-57.0,-65.0,-71.0,-75.0,-77.0,-80.0,-57.0,-65.0,-72.0,-75.0,-84.0,-100.0,-82.0,-100.0,-100.0,-100.0,-100.0,-72.0,-88.0,-73.0,-81.0,-86.0,-67.0,-73.0,-62.0,-65.0,-75.0,-70.0,-69.0,-56.0,-59.0,-71.0,-88.0,-72.0,-81.0,-87.0,-68.0,-74.0,-62.0,-65.0,-75.0,-70.0,-69.0,-57.0,-59.0,-58.0,-63.0,-62.0,-62.0,-62.0,-68.0,-70.0,-71.0,-62.0,-68.0,-57.0,-63.0,-62.0,-62.0,-62.0,-68.0,-69.0,-71.0,-62.0,-67.0,-100.0,-87.0,-100.0,-100.0,-100.0,-86.0,-83.0,-83.0,-91.0,-100.0,-100.0,-100.0,-100.0,-100.0,-100.0,-100.0,-100.0,-100.0,-100.0,-100.0,-100.0,-100.0,-100.0,-100.0,-100.0,-100.0,-100.0,-100.0,-100.0,-100.0,-100.0,-100.0,-100.0,-100.0,-100.0,-100.0,-100.0,-100.0
2021.02.12 113954,24.0,9.0,21.45398214159292,3.727433581415929,-43.648672,-0.2240659822159292,0.21453126041946904,10.013810725663719,-0.005829086864601771,0.0005085264397345134,-0.002194833446991151,-0.02136604352428232,0.02241679386954866,-1.3439187602659242,1017.8806369911504,-89.0,-73.0,-76.0,-62.0,-60.0,-74.0,-83.0,-72.0,-76.0,-61.0,-61.0,-74.0,-82.0,-78.0,-100.0,-100.0,-100.0,-100.0,-74.0,-80.0,-100.0,-89.0,-70.0,-82.0,-100.0,-66.0,-74.0,-61.0,-60.0,-73.0,-66.0,-78.0,-53.0,-62.0,-100.0,-91.0,-70.0,-82.0,-100.0,-67.0,-74.0,-61.0,-60.0,-71.0,-67.0,-77.0,-53.0,-62.0,-55.0,-70.0,-61.0,-68.0,-61.0,-63.0,-62.0,-70.0,-62.0,-68.0,-55.0,-70.0,-60.0,-69.0,-62.0,-63.0,-63.0,-70.0,-62.0,-68.0,-68.0,-81.0,-100.0,-100.0,-100.0,-86.0,-80.0,-83.0,-100.0,-100.0,-100.0,-88.0,-100.0,-100.0,-100.0,-100.0,-100.0,-100.0,-100.0,-100.0,-100.0,-100.0,-100.0,-100.0,-100.0,-100.0,-100.0,-100.0,-100.0,-100.0,-100.0,-100.0,-100.0,-100.0,-100.0,-100.0,-100.0,-100.0
2021.02.12 114006,25.0,9.0,18.60482113392857,3.7001785080357146,-45.07339223214286,-0.2592443800982143,0.18645415074642857,10.009586508928573,0.0033769939860714285,-0.0013261449533928573,-0.0027466681890178563,-0.018655969572656785,0.025844286511918217,-1.31248054759843,1017.8786984821428,-86.0,-70.0,-74.0,-58.0,-57.0,-70.0,-79.0,-70.0,-77.0,-58.0,-57.0,-71.0,-80.0,-81.0,-100.0,-100.0,-100.0,-100.0,-79.0,-78.0,-78.0,-89.0,-73.0,-85.0,-74.0,-67.0,-76.0,-59.0,-66.0,-71.0,-76.0,-75.0,-54.0,-60.0,-77.0,-89.0,-72.0,-86.0,-89.0,-67.0,-75.0,-59.0,-66.0,-71.0,-75.0,-75.0,-54.0,-60.0,-57.0,-67.0,-67.0,-66.0,-60.0,-62.0,-63.0,-74.0,-58.0,-75.0,-57.0,-67.0,-66.0,-66.0,-60.0,-62.0,-64.0,-74.0,-58.0,-75.0,-76.0,-100.0,-100.0,-100.0,-100.0,-100.0,-86.0,-82.0,-100.0,-100.0,-100.0,-100.0,-100.0,-100.0,-100.0,-100.0,-100.0,-100.0,-100.0,-100.0,-100.0,-100.0,-100.0,-100.0,-100.0,-100.0,-100.0,-100.0,-100.0,-100.0,-100.0,-100.0,-100.0,-100.0,-100.0,-100.0,-100.0,-100.0
2021.02.12 114018,26.0,9.0,19.411967032786887,-1.715409813114754,-42.11901591803279,-0.19470164116065572,0.23196990292786884,10.01584026229508,-0.00386692721704918,-0.003234651614590164,-0.0011704177304098357,-0.02315178768698324,0.019389746438704204,-1.6087079399921855,1017.8663670491804,-88.0,-71.0,-100.0,-56.0,-58.0,-79.0,-83.0,-71.0,-100.0,-57.0,-58.0,-100.0,-82.0,-83.0,-100.0,-100.0,-100.0,-100.0,-80.0,-81.0,-70.0,-88.0,-74.0,-84.0,-100.0,-66.0,-78.0,-57.0,-63.0,-67.0,-72.0,-81.0,-57.0,-59.0,-69.0,-88.0,-74.0,-84.0,-100.0,-66.0,-79.0,-57.0,-63.0,-67.0,-72.0,-82.0,-57.0,-59.0,-61.0,-71.0,-63.0,-73.0,-62.0,-69.0,-66.0,-71.0,-65.0,-73.0,-61.0,-71.0,-63.0,-73.0,-61.0,-69.0,-71.0,-71.0,-64.0,-73.0,-78.0,-100.0,-100.0,-100.0,-100.0,-100.0,-82.0,-84.0,-100.0,-80.0,-80.0,-100.0,-100.0,-100.0,-100.0,-100.0,-100.0,-100.0,-100.0,-100.0,-100.0,-100.0,-100.0,-100.0,-100.0,-100.0,-100.0,-100.0,-100.0,-100.0,-100.0,-100.0,-100.0,-100.0,-100.0,-100.0,-100.0,-100.0
2021.02.12 114031,27.0,9.0,18.75599975,-4.2109999433333325,-37.48449933333333,-0.181725458255,0.23809067816666662,10.009066383333334,0.0026501370305000004,-0.002893668661416666,0.0014308499503333332,-0.023746144746416023,0.018253003335848877,-1.7503577133019765,1017.866978,-86.0,-73.0,-75.0,-50.0,-52.0,-75.0,-81.0,-72.0,-74.0,-50.0,-52.0,-74.0,-81.0,-83.0,-100.0,-87.0,-100.0,-100.0,-81.0,-85.0,-77.0,-82.0,-72.0,-85.0,-100.0,-67.0,-80.0,-58.0,-64.0,-66.0,-74.0,-79.0,-49.0,-62.0,-72.0,-83.0,-72.0,-85.0,-100.0,-67.0,-80.0,-60.0,-64.0,-67.0,-74.0,-80.0,-49.0,-66.0,-58.0,-69.0,-65.0,-76.0,-64.0,-64.0,-69.0,-75.0,-62.0,-77.0,-58.0,-69.0,-65.0,-76.0,-62.0,-64.0,-69.0,-75.0,-63.0,-77.0,-77.0,-100.0,-100.0,-100.0,-100.0,-90.0,-85.0,-100.0,-100.0,-100.0,-100.0,-100.0,-100.0,-100.0,-100.0,-100.0,-100.0,-100.0,-100.0,-100.0,-100.0,-100.0,-100.0,-100.0,-100.0,-100.0,-100.0,-100.0,-100.0,-100.0,-100.0,-100.0,-100.0,-100.0,-100.0,-100.0,-100.0,-100.0
2021.02.12 114043,28.0,9.0,15.282856910714287,-2.65178566875,-34.415356758928574,-0.16225487274642858,0.23380521114642858,10.005482058035714,-0.0024971298910714296,-0.006016717442232143,-0.004759251313125,-0.023370424096356097,0.016210114125767266,-1.6924916026847703,1017.8592786607143,-87.0,-78.0,-76.0,-49.0,-45.0,-73.0,-83.0,-79.0,-76.0,-49.0,-45.0,-74.0,-83.0,-84.0,-100.0,-100.0,-100.0,-100.0,-82.0,-82.0,-71.0,-88.0,-78.0,-86.0,-100.0,-68.0,-77.0,-58.0,-70.0,-66.0,-71.0,-77.0,-54.0,-63.0,-71.0,-88.0,-76.0,-86.0,-100.0,-68.0,-77.0,-58.0,-70.0,-66.0,-71.0,-78.0,-55.0,-63.0,-62.0,-73.0,-64.0,-74.0,-63.0,-70.0,-77.0,-80.0,-66.0,-77.0,-61.0,-73.0,-64.0,-75.0,-63.0,-70.0,-77.0,-81.0,-66.0,-77.0,-77.0,-100.0,-100.0,-100.0,-100.0,-89.0,-100.0,-100.0,-100.0,-100.0,-100.0,-100.0,-100.0,-100.0,-100.0,-100.0,-100.0,-100.0,-100.0,-100.0,-100.0,-100.0,-100.0,-100.0,-100.0,-100.0,-100.0,-100.0,-100.0,-100.0,-100.0,-100.0,-100.0,-100.0,-100.0,-100.0,-100.0,-100.0
2021.02.12 114054,29.0,9.0,16.59487153846154,0.9287179323076923,-33.41230717948718,-0.2231996181145299,0.023103728882051283,10.013941756410258,-0.004699302793333334,-0.0037334777944444445,-0.0002488987991452983,-0.00229095484757595,0.022297498901895973,-1.504588841373085,1017.8528382051283,-90.0,-80.0,-72.0,-54.0,-50.0,-75.0,-85.0,-100.0,-72.0,-54.0,-51.0,-75.0,-85.0,-89.0,-100.0,-100.0,-100.0,-100.0,-84.0,-100.0,-67.0,-87.0,-73.0,-86.0,-90.0,-74.0,-79.0,-65.0,-68.0,-67.0,-72.0,-79.0,-52.0,-70.0,-68.0,-85.0,-74.0,-87.0,-89.0,-74.0,-79.0,-66.0,-69.0,-67.0,-73.0,-79.0,-52.0,-70.0,-64.0,-69.0,-68.0,-72.0,-65.0,-73.0,-72.0,-77.0,-67.0,-76.0,-64.0,-69.0,-67.0,-73.0,-65.0,-73.0,-72.0,-78.0,-67.0,-75.0,-100.0,-90.0,-100.0,-100.0,-100.0,-100.0,-100.0,-100.0,-100.0,-84.0,-86.0,-100.0,-100.0,-100.0,-100.0,-100.0,-100.0,-100.0,-100.0,-100.0,-100.0,-100.0,-100.0,-100.0,-100.0,-100.0,-100.0,-100.0,-100.0,-100.0,-100.0,-100.0,-100.0,-100.0,-100.0,-100.0,-100.0,-100.0
2021.02.12 114107,30.0,9.0,18.104210333333334,3.5052630964912286,-31.534736271929827,-0.2023582261052631,-0.03622915791228071,10.01924198245614,-0.0037709138298245614,-0.002934928800263157,-0.0018241509821052633,0.003603226074716868,0.020142549027865615,-1.3770551650147689,1017.8573108771932,-100.0,-77.0,-100.0,-48.0,-57.0,-79.0,-100.0,-80.0,-100.0,-47.0,-57.0,-78.0,-100.0,-100.0,-100.0,-100.0,-100.0,-100.0,-82.0,-90.0,-69.0,-100.0,-80.0,-100.0,-83.0,-75.0,-84.0,-67.0,-76.0,-68.0,-79.0,-83.0,-56.0,-72.0,-69.0,-100.0,-100.0,-100.0,-83.0,-75.0,-84.0,-67.0,-77.0,-68.0,-80.0,-83.0,-56.0,-72.0,-72.0,-80.0,-69.0,-79.0,-67.0,-78.0,-77.0,-82.0,-68.0,-83.0,-71.0,-81.0,-69.0,-78.0,-67.0,-78.0,-77.0,-82.0,-68.0,-82.0,-86.0,-100.0,-100.0,-100.0,-100.0,-100.0,-100.0,-100.0,-100.0,-100.0,-100.0,-100.0,-100.0,-100.0,-100.0,-100.0,-100.0,-100.0,-100.0,-100.0,-100.0,-100.0,-100.0,-100.0,-100.0,-100.0,-100.0,-100.0,-100.0,-100.0,-100.0,-100.0,-100.0,-100.0,-100.0,-100.0,-100.0,-100.0
2021.02.12 114119,31.0,9.0,23.01642833928571,1.3794642632142857,-30.1274995625,-0.25973606276785716,0.15958269099285713,10.005973669642858,0.0008953540328571439,-0.007947487855714285,0.001158505931071429,-0.015933831486628504,0.025960330535391565,-1.4857842145221574,1017.8491384821428,-100.0,-82.0,-85.0,-50.0,-58.0,-80.0,-87.0,-82.0,-86.0,-50.0,-58.0,-80.0,-87.0,-100.0,-100.0,-100.0,-100.0,-100.0,-100.0,-100.0,-71.0,-90.0,-81.0,-100.0,-88.0,-78.0,-100.0,-70.0,-83.0,-73.0,-82.0,-86.0,-62.0,-76.0,-71.0,-90.0,-81.0,-100.0,-88.0,-78.0,-100.0,-70.0,-83.0,-74.0,-100.0,-100.0,-61.0,-76.0,-69.0,-78.0,-73.0,-82.0,-71.0,-77.0,-82.0,-100.0,-72.0,-81.0,-69.0,-77.0,-73.0,-83.0,-71.0,-77.0,-82.0,-100.0,-73.0,-81.0,-87.0,-100.0,-100.0,-100.0,-100.0,-100.0,-100.0,-100.0,-100.0,-100.0,-100.0,-100.0,-100.0,-100.0,-100.0,-100.0,-100.0,-100.0,-100.0,-100.0,-100.0,-100.0,-100.0,-100.0,-100.0,-100.0,-100.0,-100.0,-100.0,-100.0,-100.0,-100.0,-100.0,-100.0,-100.0,-100.0,-100.0,-100.0
2021.02.12 114131,32.0,9.0,23.349310094827587,2.02655169112069,-30.251378836206893,-0.22374085160344825,0.13610213978793104,10.009451564655174,-0.011973063916034482,-0.001476040035,0.00037780960689655184,-0.013616714011170627,0.0223506629479053,-1.462100990887346,1017.8396955172415,-100.0,-84.0,-100.0,-55.0,-61.0,-83.0,-100.0,-83.0,-100.0,-55.0,-61.0,-83.0,-100.0,-100.0,-100.0,-100.0,-100.0,-100.0,-86.0,-90.0,-68.0,-88.0,-86.0,-100.0,-89.0,-77.0,-100.0,-77.0,-83.0,-73.0,-100.0,-100.0,-63.0,-77.0,-68.0,-88.0,-86.0,-100.0,-90.0,-77.0,-100.0,-76.0,-83.0,-71.0,-100.0,-100.0,-63.0,-77.0,-73.0,-78.0,-79.0,-85.0,-75.0,-82.0,-84.0,-100.0,-73.0,-100.0,-73.0,-78.0,-78.0,-85.0,-76.0,-82.0,-84.0,-100.0,-74.0,-100.0,-89.0,-100.0,-100.0,-100.0,-100.0,-100.0,-100.0,-100.0,-100.0,-100.0,-100.0,-100.0,-100.0,-100.0,-100.0,-100.0,-100.0,-100.0,-100.0,-100.0,-100.0,-100.0,-100.0,-100.0,-100.0,-100.0,-100.0,-100.0,-100.0,-100.0,-100.0,-100.0,-100.0,-100.0,-100.0,-100.0,-100.0,-100.0
2021.02.12 114143,33.0,9.0,19.72539108695652,3.101739092173913,-30.459651652173907,-0.23699156577391303,0.11677814988521741,10.017604078260868,-0.0010048733309565214,-0.0023877127226956518,0.0001973891708695654,-0.011666478862060079,0.023632675970135134,-1.3882634349491285,1017.8369948695652,-100.0,-88.0,-100.0,-58.0,-61.0,-80.0,-100.0,-86.0,-100.0,-58.0,-62.0,-80.0,-100.0,-100.0,-100.0,-100.0,-100.0,-100.0,-100.0,-100.0,-69.0,-85.0,-83.0,-100.0,-88.0,-79.0,-100.0,-76.0,-89.0,-74.0,-87.0,-100.0,-64.0,-78.0,-69.0,-85.0,-83.0,-100.0,-89.0,-80.0,-100.0,-75.0,-88.0,-74.0,-88.0,-100.0,-65.0,-79.0,-69.0,-80.0,-79.0,-85.0,-77.0,-83.0,-83.0,-100.0,-72.0,-100.0,-69.0,-80.0,-77.0,-86.0,-77.0,-82.0,-83.0,-100.0,-71.0,-100.0,-100.0,-100.0,-100.0,-100.0,-100.0,-100.0,-100.0,-100.0,-100.0,-100.0,-100.0,-100.0,-100.0,-100.0,-100.0,-100.0,-100.0,-100.0,-100.0,-100.0,-100.0,-100.0,-100.0,-100.0,-100.0,-100.0,-100.0,-100.0,-100.0,-100.0,-100.0,-100.0,-100.0,-100.0,-100.0,-100.0,-100.0,-100.0
2021.02.12 114156,34.0,9.0,17.21210506140351,4.787894649999999,-30.860525921052627,-0.25667045989473686,-0.022199548219298256,10.020544109649121,0.0006873305705263159,0.00013547279578947412,-0.0038550099005263154,0.0022000112603185653,0.02558852585130612,-1.2876813171202677,1017.828736842105,-100.0,-100.0,-100.0,-57.0,-71.0,-80.0,-87.0,-100.0,-100.0,-57.0,-72.0,-100.0,-86.0,-100.0,-100.0,-100.0,-100.0,-100.0,-100.0,-100.0,-100.0,-88.0,-82.0,-100.0,-87.0,-76.0,-100.0,-76.0,-85.0,-77.0,-88.0,-100.0,-68.0,-84.0,-100.0,-89.0,-81.0,-100.0,-100.0,-75.0,-100.0,-76.0,-85.0,-77.0,-88.0,-100.0,-68.0,-84.0,-75.0,-83.0,-81.0,-85.0,-82.0,-86.0,-89.0,-100.0,-100.0,-100.0,-75.0,-82.0,-80.0,-85.0,-83.0,-86.0,-100.0,-100.0,-100.0,-100.0,-100.0,-100.0,-100.0,-100.0,-100.0,-100.0,-100.0,-100.0,-100.0,-100.0,-100.0,-100.0,-100.0,-100.0,-100.0,-100.0,-100.0,-100.0,-100.0,-100.0,-100.0,-100.0,-100.0,-100.0,-100.0,-100.0,-100.0,-100.0,-100.0,-100.0,-100.0,-100.0,-100.0,-100.0,-100.0,-100.0,-100.0,-100.0
2021.02.12 114207,35.0,9.0,19.997521831858407,0.30690264734513273,-31.401769433628324,-0.33899117429203535,-0.02195105126902655,10.00601338938053,-0.0013638242707964597,-0.006383979603716815,0.0003891807356637168,0.002161800906173388,0.03389580552342582,-1.5569689632517048,1017.8291657522125,-100.0,-100.0,-100.0,-61.0,-73.0,-80.0,-100.0,-80.0,-100.0,-59.0,-73.0,-80.0,-100.0,-100.0,-100.0,-100.0,-100.0,-100.0,-88.0,-100.0,-64.0,-88.0,-84.0,-100.0,-91.0,-85.0,-100.0,-82.0,-86.0,-79.0,-87.0,-100.0,-70.0,-82.0,-66.0,-88.0,-83.0,-100.0,-89.0,-85.0,-100.0,-81.0,-86.0,-79.0,-88.0,-100.0,-72.0,-82.0,-69.0,-81.0,-76.0,-86.0,-79.0,-84.0,-100.0,-100.0,-80.0,-100.0,-69.0,-81.0,-79.0,-86.0,-100.0,-85.0,-100.0,-100.0,-80.0,-100.0,-100.0,-100.0,-100.0,-100.0,-100.0,-100.0,-100.0,-100.0,-100.0,-100.0,-100.0,-100.0,-100.0,-100.0,-100.0,-100.0,-90.0,-91.0,-94.0,-100.0,-100.0,-100.0,-100.0,-100.0,-100.0,-100.0,-100.0,-100.0,-100.0,-100.0,-100.0,-100.0,-100.0,-100.0,-100.0,-100.0,-100.0,-100.0
2021.02.12 114241,36.0,9.0,24.452419112903225,-3.4059676879032255,-30.080806000000003,-0.36906587733870966,0.27290871046774196,10.000634822580645,0.0015853923962903227,-0.0018354924846774195,0.0008296733821774199,-0.027270319015388483,0.036909540724610085,-1.6786395974697605,1017.8124035483871,-100.0,-79.0,-78.0,-68.0,-70.0,-82.0,-100.0,-80.0,-79.0,-67.0,-71.0,-83.0,-100.0,-100.0,-100.0,-100.0,-100.0,-100.0,-100.0,-100.0,-74.0,-100.0,-85.0,-100.0,-100.0,-86.0,-100.0,-84.0,-88.0,-77.0,-100.0,-100.0,-72.0,-84.0,-73.0,-100.0,-85.0,-100.0,-100.0,-100.0,-100.0,-100.0,-89.0,-76.0,-89.0,-100.0,-72.0,-83.0,-68.0,-81.0,-79.0,-100.0,-80.0,-84.0,-86.0,-100.0,-100.0,-100.0,-68.0,-82.0,-79.0,-100.0,-81.0,-84.0,-85.0,-100.0,-100.0,-100.0,-100.0,-100.0,-100.0,-100.0,-100.0,-100.0,-100.0,-100.0,-100.0,-100.0,-100.0,-100.0,-100.0,-100.0,-100.0,-100.0,-85.0,-85.0,-100.0,-87.0,-92.0,-85.0,-90.0,-86.0,-84.0,-89.0,-100.0,-100.0,-100.0,-100.0,-100.0,-100.0,-100.0,-100.0,-100.0,-100.0,-100.0,-100.0
2021.02.12 114259,36.0,10.0,-1.3927558888188978,20.398582456692914,-35.488345960629914,-0.389493839448819,0.22164951917952752,10.003374362204728,-0.0024603678903937012,-0.0009184575193700791,-0.001158393025511811,-0.022134306615101153,0.03893158526167152,0.12865676266493228,1017.8052227559058,-100.0,-77.0,-79.0,-69.0,-76.0,-100.0,-100.0,-100.0,-79.0,-68.0,-76.0,-100.0,-100.0,-100.0,-100.0,-100.0,-100.0,-100.0,-100.0,-100.0,-77.0,-90.0,-88.0,-100.0,-100.0,-87.0,-100.0,-83.0,-89.0,-75.0,-100.0,-100.0,-74.0,-82.0,-77.0,-100.0,-88.0,-100.0,-90.0,-88.0,-100.0,-83.0,-89.0,-75.0,-88.0,-100.0,-75.0,-82.0,-74.0,-82.0,-84.0,-86.0,-82.0,-87.0,-100.0,-100.0,-80.0,-100.0,-73.0,-82.0,-84.0,-87.0,-84.0,-87.0,-100.0,-100.0,-79.0,-100.0,-100.0,-100.0,-100.0,-100.0,-100.0,-100.0,-100.0,-100.0,-100.0,-100.0,-100.0,-100.0,-100.0,-100.0,-100.0,-87.0,-85.0,-87.0,-100.0,-100.0,-100.0,-100.0,-100.0,-100.0,-85.0,-89.0,-100.0,-100.0,-100.0,-100.0,-100.0,-100.0,-100.0,-100.0,-100.0,-100.0,-100.0,-100.0
2021.02.12 114312,36.0,11.0,-4.435263095614036,19.562631333333332,-36.61947319298245,-0.3401130335964913,0.1728078333157895,10.008320710526316,0.0018715517422807008,-0.003240361530175439,0.003164581731842105,-0.017344997386987245,0.03389465632196368,0.2727235863475423,1017.7989521929826,-100.0,-74.0,-83.0,-61.0,-75.0,-84.0,-100.0,-74.0,-100.0,-59.0,-76.0,-83.0,-100.0,-100.0,-100.0,-100.0,-100.0,-100.0,-100.0,-100.0,-73.0,-91.0,-88.0,-100.0,-85.0,-100.0,-100.0,-86.0,-100.0,-72.0,-100.0,-100.0,-72.0,-85.0,-67.0,-100.0,-89.0,-100.0,-84.0,-100.0,-100.0,-86.0,-100.0,-72.0,-100.0,-100.0,-72.0,-85.0,-73.0,-82.0,-82.0,-100.0,-81.0,-88.0,-100.0,-100.0,-83.0,-100.0,-73.0,-82.0,-81.0,-100.0,-100.0,-87.0,-100.0,-100.0,-83.0,-100.0,-100.0,-100.0,-100.0,-100.0,-100.0,-100.0,-100.0,-100.0,-100.0,-88.0,-86.0,-100.0,-100.0,-100.0,-100.0,-85.0,-84.0,-85.0,-94.0,-100.0,-100.0,-86.0,-100.0,-87.0,-100.0,-100.0,-88.0,-100.0,-100.0,-100.0,-100.0,-100.0,-100.0,-100.0,-100.0,-100.0,-100.0,-100.0
2021.02.12 114324,36.0,12.0,-6.009557422123893,19.473982097345136,-36.6817693539823,-0.19431764855752215,0.1945507194017699,10.006924513274335,0.0028419559711504415,-0.0026377000334513274,-0.001600185691681415,-0.019448072346076088,0.019408640989506225,0.32002392252989575,1017.7986305309735,-100.0,-78.0,-100.0,-65.0,-79.0,-100.0,-100.0,-79.0,-100.0,-65.0,-78.0,-86.0,-100.0,-100.0,-100.0,-100.0,-100.0,-100.0,-100.0,-100.0,-100.0,-100.0,-88.0,-100.0,-100.0,-87.0,-100.0,-87.0,-100.0,-70.0,-100.0,-100.0,-76.0,-100.0,-80.0,-100.0,-86.0,-100.0,-86.0,-86.0,-100.0,-86.0,-100.0,-70.0,-100.0,-100.0,-76.0,-100.0,-73.0,-82.0,-86.0,-100.0,-86.0,-100.0,-100.0,-100.0,-100.0,-100.0,-73.0,-82.0,-85.0,-100.0,-88.0,-100.0,-100.0,-100.0,-100.0,-100.0,-90.0,-100.0,-100.0,-100.0,-100.0,-100.0,-100.0,-100.0,-100.0,-100.0,-100.0,-100.0,-100.0,-100.0,-100.0,-100.0,-87.0,-88.0,-100.0,-100.0,-100.0,-87.0,-93.0,-87.0,-100.0,-91.0,-100.0,-90.0,-88.0,-100.0,-100.0,-100.0,-100.0,-100.0,-100.0,-100.0,-100.0,-100.0
2021.02.12 114337,36.0,13.0,-3.738151178151261,20.300672042016807,-38.61075593277312,-0.282544547517647,0.15896777514957985,10.010201449579831,0.0006110963457142866,0.0011567784173949582,0.0004029453749579837,-0.015869643310028162,0.028190425535988706,0.22483090483466117,1017.7967784873947,-100.0,-75.0,-79.0,-68.0,-85.0,-100.0,-100.0,-74.0,-79.0,-67.0,-86.0,-100.0,-100.0,-100.0,-100.0,-100.0,-100.0,-100.0,-100.0,-100.0,-85.0,-100.0,-88.0,-100.0,-85.0,-100.0,-100.0,-84.0,-100.0,-68.0,-100.0,-100.0,-78.0,-100.0,-100.0,-100.0,-100.0,-100.0,-100.0,-100.0,-100.0,-84.0,-100.0,-68.0,-100.0,-100.0,-78.0,-100.0,-70.0,-86.0,-87.0,-100.0,-100.0,-100.0,-89.0,-100.0,-100.0,-100.0,-70.0,-86.0,-86.0,-100.0,-87.0,-100.0,-90.0,-100.0,-88.0,-100.0,-100.0,-100.0,-100.0,-100.0,-100.0,-100.0,-100.0,-100.0,-100.0,-80.0,-80.0,-100.0,-100.0,-100.0,-100.0,-100.0,-84.0,-85.0,-100.0,-100.0,-100.0,-88.0,-100.0,-88.0,-100.0,-89.0,-88.0,-100.0,-100.0,-90.0,-100.0,-100.0,-100.0,-100.0,-100.0,-100.0,-100.0,-100.0
2021.02.12 114349,36.0,14.0,-2.316521692,20.227304078260868,-43.135303773913044,-0.24313340129913044,0.08073911019130438,10.004716730434781,0.0017466762180869564,-0.009181596680086956,-0.0019379829759130426,-0.008029696269279683,0.024291400662522077,0.1605587661266327,1017.7900953043479,-100.0,-68.0,-100.0,-75.0,-82.0,-100.0,-100.0,-69.0,-100.0,-75.0,-82.0,-100.0,-100.0,-100.0,-100.0,-100.0,-100.0,-100.0,-100.0,-100.0,-84.0,-100.0,-100.0,-100.0,-85.0,-100.0,-100.0,-100.0,-100.0,-64.0,-100.0,-100.0,-83.0,-100.0,-83.0,-100.0,-100.0,-100.0,-86.0,-100.0,-100.0,-100.0,-100.0,-64.0,-100.0,-100.0,-85.0,-100.0,-71.0,-88.0,-86.0,-100.0,-88.0,-100.0,-100.0,-100.0,-100.0,-100.0,-72.0,-88.0,-100.0,-100.0,-100.0,-100.0,-100.0,-100.0,-84.0,-100.0,-100.0,-100.0,-100.0,-100.0,-100.0,-100.0,-100.0,-100.0,-100.0,-83.0,-83.0,-100.0,-100.0,-100.0,-100.0,-100.0,-86.0,-85.0,-100.0,-100.0,-89.0,-83.0,-90.0,-83.0,-100.0,-100.0,-100.0,-100.0,-100.0,-100.0,-100.0,-100.0,-100.0,-100.0,-100.0,-100.0,-100.0,-100.0
2021.02.12 114401,36.0,15.0,-3.301578897631579,19.017368219298245,-45.893683605263156,-0.22533486470701755,0.2105281628070175,10.002251030701755,-0.0018579412114035085,-0.0035886617136842106,0.004064804816315788,-0.02099412315619059,0.022566799471397808,0.21164354580666936,1017.7836331578948,-100.0,-72.0,-78.0,-77.0,-100.0,-89.0,-100.0,-72.0,-78.0,-78.0,-100.0,-89.0,-100.0,-100.0,-100.0,-100.0,-100.0,-100.0,-100.0,-100.0,-82.0,-100.0,-100.0,-100.0,-88.0,-88.0,-100.0,-82.0,-100.0,-73.0,-100.0,-100.0,-80.0,-100.0,-82.0,-100.0,-100.0,-100.0,-100.0,-88.0,-100.0,-84.0,-100.0,-74.0,-100.0,-100.0,-80.0,-100.0,-71.0,-82.0,-82.0,-100.0,-90.0,-100.0,-91.0,-100.0,-100.0,-100.0,-70.0,-83.0,-84.0,-100.0,-100.0,-100.0,-100.0,-100.0,-100.0,-100.0,-89.0,-100.0,-100.0,-100.0,-100.0,-100.0,-100.0,-100.0,-100.0,-87.0,-87.0,-100.0,-100.0,-100.0,-100.0,-85.0,-85.0,-84.0,-100.0,-100.0,-100.0,-82.0,-100.0,-81.0,-78.0,-100.0,-100.0,-100.0,-100.0,-100.0,-86.0,-76.0,-87.0,-91.0,-90.0,-100.0,-100.0,-100.0
2021.02.12 114413,36.0,16.0,-5.106315733333333,20.895262938596492,-45.155262684210534,-0.24751340815789474,0.005586641089473684,10.002713135964912,-0.0016168100998245612,-0.0024794591245614036,0.0013105523822807017,-0.0005534188024109329,0.024734113344987978,0.2876498620761068,1017.7807582456142,-100.0,-68.0,-75.0,-80.0,-84.0,-100.0,-100.0,-67.0,-75.0,-79.0,-85.0,-100.0,-100.0,-100.0,-100.0,-100.0,-100.0,-100.0,-100.0,-100.0,-86.0,-100.0,-88.0,-100.0,-91.0,-88.0,-100.0,-79.0,-100.0,-75.0,-100.0,-100.0,-82.0,-100.0,-85.0,-100.0,-89.0,-100.0,-90.0,-87.0,-100.0,-81.0,-100.0,-75.0,-100.0,-100.0,-81.0,-100.0,-73.0,-79.0,-85.0,-100.0,-86.0,-100.0,-100.0,-100.0,-83.0,-100.0,-73.0,-79.0,-86.0,-100.0,-86.0,-100.0,-100.0,-100.0,-83.0,-100.0,-100.0,-100.0,-100.0,-100.0,-100.0,-86.0,-100.0,-100.0,-100.0,-100.0,-100.0,-100.0,-100.0,-100.0,-100.0,-100.0,-84.0,-85.0,-94.0,-100.0,-100.0,-83.0,-100.0,-84.0,-100.0,-100.0,-100.0,-100.0,-100.0,-100.0,-100.0,-100.0,-100.0,-100.0,-100.0,-92.0,-89.0,-90.0
2021.02.12 114424,36.0,17.0,-4.223999929565217,21.853043182608697,-45.90939043478261,-0.30086665438608695,-0.026191283732173914,10.0103588826087,-0.0008986356831304351,-0.005596083156782608,-0.002230136105130435,0.0026333526577792146,0.030062440295672885,0.25043799239008324,1017.7797112173913,-100.0,-68.0,-100.0,-83.0,-85.0,-100.0,-100.0,-68.0,-100.0,-82.0,-87.0,-100.0,-100.0,-100.0,-100.0,-100.0,-100.0,-100.0,-90.0,-100.0,-100.0,-100.0,-100.0,-100.0,-90.0,-100.0,-100.0,-79.0,-100.0,-75.0,-100.0,-100.0,-79.0,-100.0,-84.0,-100.0,-100.0,-100.0,-89.0,-86.0,-100.0,-79.0,-90.0,-74.0,-90.0,-100.0,-78.0,-100.0,-72.0,-78.0,-79.0,-100.0,-100.0,-100.0,-90.0,-100.0,-100.0,-100.0,-72.0,-79.0,-79.0,-100.0,-100.0,-100.0,-100.0,-100.0,-86.0,-100.0,-100.0,-100.0,-100.0,-100.0,-100.0,-100.0,-100.0,-100.0,-100.0,-100.0,-100.0,-100.0,-100.0,-100.0,-100.0,-100.0,-84.0,-84.0,-93.0,-100.0,-95.0,-89.0,-100.0,-88.0,-100.0,-100.0,-100.0,-100.0,-100.0,-100.0,-100.0,-100.0,-100.0,-100.0,-100.0,-100.0,-100.0,-100.0
2021.02.12 114437,36.0,18.0,-0.9850434633913044,21.909391113043476,-43.43530379999999,-0.3210618402608696,0.09343917688347826,10.005070634782607,0.0019113443260869566,-0.003699745035913043,-2.0397772434782395e-05,-0.009353857340908623,0.03209068439091025,0.10508220516874088,1017.7754259130434,-100.0,-61.0,-73.0,-100.0,-83.0,-100.0,-100.0,-61.0,-73.0,-100.0,-84.0,-100.0,-100.0,-100.0,-100.0,-100.0,-100.0,-100.0,-100.0,-100.0,-83.0,-100.0,-84.0,-100.0,-100.0,-100.0,-100.0,-79.0,-85.0,-78.0,-87.0,-100.0,-76.0,-87.0,-83.0,-100.0,-85.0,-100.0,-89.0,-100.0,-100.0,-78.0,-85.0,-79.0,-87.0,-100.0,-77.0,-87.0,-65.0,-75.0,-79.0,-100.0,-100.0,-100.0,-100.0,-100.0,-78.0,-100.0,-65.0,-75.0,-79.0,-100.0,-100.0,-100.0,-85.0,-100.0,-79.0,-100.0,-100.0,-100.0,-100.0,-100.0,-100.0,-100.0,-100.0,-100.0,-100.0,-100.0,-100.0,-100.0,-100.0,-100.0,-100.0,-100.0,-100.0,-100.0,-92.0,-100.0,-93.0,-100.0,-100.0,-100.0,-100.0,-100.0,-100.0,-100.0,-100.0,-100.0,-100.0,-100.0,-100.0,-100.0,-100.0,-100.0,-100.0,-100.0
